player_id,naive,near_k000,near_k050,near_k075,near_k100,best_q100_l000,best_q095_l000,best_q090_l000,best_q100_l025,best_q095_l025,best_q090_l025,best_q100_l050,best_q095_l050,best_q090_l050,spec_range,naive_ci_width,spec_over_sampling,3pa_rate,n_shots,spec_range_non_degenerate,spec_over_sampling_non_degenerate
977,0.07546105220139608,0.12959347301063906,0.12951536559810123,0.12580856818087383,0.1175788929420027,0.07731192742771836,0.0906450711645308,0.09569467708003007,0.0907532504032966,0.10302383536139147,0.1077262253591608,0.10085926254118928,0.11228590647662895,0.11691219775705097,0.05413242080924298,0.022866997405688788,2.3672727927006307,0.4140625,512,0.04211784074060662,1.841861438709424
1713,0.0441893560350733,0.14974231758951717,0.1491949883721013,0.1459615366463512,0.1194750286626861,0.09132324061028362,0.10920824950834515,0.11584539299218843,0.10913581340400728,0.12471478875316107,0.12904139385365068,0.12008754972477377,0.13354283993523375,0.13809413386341424,0.10555296155444388,0.054706656819307115,1.929435423244362,0.5161290322580645,93,0.07528567262761279,1.3761702323773315
1717,0.07291583392004605,0.10657801364495824,0.10651834047263212,0.10435460407102957,0.09572145319491296,0.06376732837178879,0.07873041455427891,0.08308166126516883,0.0794700115221098,0.08939251371665602,0.09308236148964155,0.08893133768670378,0.09737996108962935,0.10078334158192263,0.042810685273169446,0.022956824989616306,1.8648347623215893,0.29568788501026694,487,0.031954124823124166,1.391922656446502
1718,0.1303157902990978,0.20069406196104067,0.1992095343339187,0.19511740162079186,0.17583141502559227,0.11160485732093121,0.13898719064146856,0.14915817320733699,0.14324207868230432,0.1639441305193078,0.17136412303030626,0.16260961412626915,0.17792919410760727,0.18403777251607584,0.08908920464010946,0.04564552565828649,1.9517620479836935,0.6235955056179775,178,0.06422655770466106,1.4070723642329523
1891,0.14684925100108012,0.20784234470381374,0.20679073992181338,0.20465064291570442,0.19219841055352638,0.1253920831679818,0.1495452443385183,0.15947816765883077,0.15083455313140193,0.17123275870553037,0.1781957226196626,0.16842964470810054,0.1855408700030745,0.19164657322591008,0.08245026153583193,0.04934458931989112,1.6709078476937633,0.6339869281045751,153,0.06680632738554457,1.3538734095536287
1897,0.04146493710988585,0.1560818704084035,0.15581428955676663,0.1543135043433418,0.1295174863993591,0.09769441899125289,0.11314322858100814,0.11941263754156715,0.1144517340163042,0.12753553907089737,0.13255564826194252,0.12518453586140543,0.1375155958846668,0.14098146854050014,0.11461693329851763,0.05716597266405876,2.004985272831355,0.4878048780487805,82,0.08805254928947323,1.540296529316878
1938,0.04407188187345806,0.1154712688843371,0.11550480262748002,0.1143066606907856,0.09959160966215287,0.0712488849866269,0.08553347688889502,0.08978762790156201,0.08584495775717962,0.09589484319330728,0.09965620750282912,0.0950216307547855,0.10366487230812163,0.10714837064765825,0.07143292075402195,0.03655641914820652,1.9540458944958368,0.3739495798319328,238,0.05551972778869481,1.5187408691099504
2037,0.03272352572051556,0.09330898777834336,0.09185251360577454,0.09070778986594526,0.08002639091839803,0.04779745253943423,0.06058594605275904,0.06532579842971911,0.06185614722411168,0.07092700046558724,0.0746688995791105,0.0676394770659809,0.07802030515957796,0.08213302330757755,0.0605854620578278,0.03270530381430847,1.8524659609283873,0.3415977961432507,363,0.04730286519788247,1.4463362109844582
2200,0.007276441306744118,0.01629321532204862,0.01629321532204862,0.01629321532204862,0.015097909063405093,0.010585820921833227,0.012183991936323288,0.012874439573226468,0.012227576513380922,0.013575825341266565,0.014199439751598248,0.01302396498632164,0.014327377302045335,0.015172823742790461,0.009016774015304502,0.012155065955197943,0.7418120188355379,0.04381443298969072,388,0.007821467756660976,0.6434739050771037
2207,0.08381431965979563,0.12143857313627375,0.12140181871935252,0.11935658842004825,0.1099958331389497,0.08113283807531936,0.09237009414410831,0.09680203712420199,0.0931758275648352,0.10224071571863286,0.106006496643506,0.10216406639681955,0.10954551038168785,0.1135198676182186,0.04030573506095439,0.03427992543655051,1.175782460074401,0.3475783475783476,351,0.02886299506363034,0.8419795170515616
2210,0.02962693543161496,0.15040686851125423,0.14997948460233052,0.14911307962071416,0.13390271065765022,0.09189501791660719,0.10711739691258151,0.11216467742669105,0.10549037107885567,0.1180445778405751,0.12309558904587925,0.11671218771665372,0.1274518673564412,0.1317109616758189,0.12077993307963927,0.047875129627526616,2.5228116147009825,0.48175182481751827,137,0.10427577522603526,2.178078180410401
2216,-0.002947497661196235,0.005184362255951212,0.005184362255951212,0.004960219999728131,0.002128360470779005,0.002060269523300163,0.0031567321631533747,0.003474234561100894,0.003580860364565268,0.004213422643990152,0.004353318216957168,0.0042551574015654145,0.0048680090040059,0.0050708566050448635,0.008131859917147446,0.008755873322263297,0.9287320199654796,0.02977667493796526,403,0.00507585813197524,0.5797089502276155
2225,0.014272353429495743,0.03522304466988039,0.03503669096384439,0.03466651590249623,0.031740074580255295,0.02313102732064793,0.027122536637474586,0.028286610230212866,0.026926902427516036,0.029637956773784,0.030577738000026618,0.029320913191028062,0.031708610540512355,0.032820805720566504,0.020950691240384647,0.017174093289515743,1.2199008638886573,0.10443037974683544,316,0.017467721150759553,1.0170971390625356
2400,0.08927903643368822,0.14698189063451897,0.14698189063451897,0.14696530598350982,0.12804679302582395,0.10300964900906448,0.11874651290143418,0.12379597623017323,0.12133167737749403,0.13189187854078074,0.1352815216487182,0.1296970083596545,0.14040499567525003,0.14409244985260258,0.05770285420083075,0.0618496266222299,0.9329539619256373,0.4166666666666667,60,0.03876775659213573,0.6268066390913649
2419,0.0391320235968537,0.05800436814581872,0.05800436814581872,0.05768956480263515,0.05644896669853553,0.03449714146594763,0.04129880002164865,0.044285182813629594,0.04004040620209212,0.04655148906639811,0.048738240047312496,0.04516937591409356,0.049616714170839016,0.051596085260046665,0.02350722667987109,0.044947855321416166,0.5229888392176673,0.14634146341463414,123,0.0219518252325879,0.4883842638455896
2440,0.02065800076186944,0.15373167792686762,0.15337254728817812,0.15286092058794312,0.13757803499261817,0.09244430067266206,0.11055675344805004,0.11670506132293842,0.11076584266274575,0.12493463073918426,0.1293395347126892,0.12110704568610692,0.13318226446663392,0.1372034147864084,0.13307367716499818,0.028563568276207072,4.658860401410216,0.5017667844522968,283,0.11692003423074873,4.093327314715822
2446,0.07309467070613136,0.1577631110177313,0.1577631110177313,0.1577631110177313,0.14594649755355016,0.10752485480541737,0.12368823067743963,0.12764628620518734,0.12209768492781577,0.13395588701077385,0.1382337770775063,0.1329949017423227,0.1432576659588686,0.146008148848178,0.08466844031159994,0.07433817853791636,1.1389630735761787,0.44,50,0.0728518268474188,0.9800055406289052
2449,0.03800075652568726,0.06857658332999594,0.06857658332999594,0.06869153978250897,0.06334099075824266,0.045450378928021964,0.05201529057475196,0.05382072127096684,0.051011203305875004,0.056151783778999105,0.05800173216444913,0.054529406105532204,0.05947011205463426,0.061415286218053346,0.03069078325682171,0.021227015539867403,1.4458360007877689,0.17363344051446947,311,0.0253402342325554,1.1937728214766121
2544,0.0014994661512784985,0.062332045843384136,0.06207830520331525,0.05656969137061865,0.04490404052852195,0.039583373117771395,0.046143320758582934,0.04865522304095118,0.04544602323482191,0.05172035458972144,0.05391242325467104,0.048762527931330686,0.05471957616786299,0.05696067129187787,0.060832579692105634,0.014443282780390636,4.211825013541716,0.2309027777777778,576,0.043404574377243446,3.005173757047324
2546,0.029662206672434695,0.07392460895269018,0.0731936463974749,0.07171474335308159,0.0658287703881243,0.04320818935546947,0.05252921676827868,0.05572097375885581,0.05225017136128805,0.059260409819465815,0.06188254329666741,0.05776115094822361,0.06441245363557314,0.06688175036234283,0.044262402280255485,0.01631523033783547,2.7129498857034062,0.23751891074130105,661,0.03616656371568961,2.2167363234718387
2547,0.06176588877292021,0.11009700903635337,0.11009700903635337,0.1100543095779549,0.10250193680184205,0.07304415767797914,0.08514192599629149,0.08883631545643615,0.08551822197107874,0.0942427262883137,0.09735894706627281,0.09405457902580913,0.10119180094699738,0.1040723670126023,0.04833112026343316,0.019871300867311564,2.4322071607771893,0.29515418502202645,454,0.04073604802892184,2.0499940240919474
2548,-0.0020384298153605105,0.014472441787360808,0.014394003831516716,0.011601590229202863,0.008581198389549993,0.008360832602550026,0.010296686121412933,0.011039521601862964,0.010184054374375,0.011654347678931235,0.012251809148374116,0.011073050742247768,0.012793063392916694,0.013379192297797248,0.016510871602721317,0.01184396736979124,1.3940321758090368,0.05521472392638037,489,0.010619628204910504,0.8966276141554149
2550,0.09088923797948815,0.1561234549857707,0.1561234549857707,0.15555939669498092,0.14523111580113843,0.10742074566698008,0.12152524718871287,0.12518488753462104,0.1234055115168454,0.13240313009728008,0.1369469386817281,0.13307811166898467,0.14286016456654074,0.14569599837967653,0.06523421700628255,0.07437549682486674,0.8770928570721441,0.49295774647887325,71,0.05434187782165027,0.7306422160729901
2564,0.01647954852207958,0.06271751519231987,0.06227136443196223,0.061140571049431776,0.04336576165976944,0.041166242653605495,0.04859248408435634,0.05126085391985099,0.04928821980592118,0.05377620743960636,0.05545525820563592,0.053177565362289035,0.057297952790629034,0.059201737923957734,0.046237966670240285,0.02736724350721185,1.6895368603000007,0.1958762886597938,194,0.026886213137689862,0.982423134087464
2571,0.0634237500163988,0.11048792723114638,0.11054624758531285,0.10911205804178571,0.10087243178664622,0.07548489494850986,0.08579471952785254,0.08955274037993939,0.08624783001374435,0.09492573617954418,0.097296227337892,0.09324218992463185,0.09984990845223579,0.10228374345678187,0.047122497568914054,0.03992874574136313,1.1801647333013705,0.30612244897959184,147,0.03744868177024742,0.9378877566758488
2581,0.09032874484721524,0.1852319983747381,0.1852319983747381,0.1843761192044138,0.17293805197604123,0.10940202320388209,0.13309264182116523,0.14238227600344475,0.13615252472153092,0.15569225330398728,0.16307265266208376,0.15161678819812754,0.1712056435835523,0.17595849046589135,0.09490325352752287,0.0633064914766406,1.4991077741615348,0.6263736263736264,91,0.08260930712882598,1.3049105265817476
2590,0.0648786737846983,0.11580711900681459,0.11404439852219636,0.11102012897413649,0.1029924009945242,0.07026520514122328,0.08378493773305284,0.08711749904179299,0.08462261223285852,0.09456385894316437,0.09838617471862941,0.0929551567243332,0.10312442434764209,0.10610674904579705,0.050928445222116286,0.04056346537854794,1.2555250086953833,0.35428571428571426,175,0.03811372720982589,0.9396072760090759
2592,0.13493214125924727,0.22770500718654524,0.22770500718654524,0.22690945129603735,0.2152651538462581,0.12442254998861862,0.16129321537418112,0.17146289274623563,0.1590929734723422,0.1825469979545786,0.19020951299835848,0.18011659550587708,0.19764140752455372,0.20393175353039034,0.10328245719792661,0.06101363864055355,1.6927765578183123,0.6617647058823529,68,0.09084260385763948,1.4888901216466657
2594,0.12580236748628346,0.1901874913942323,0.18977472891765826,0.18767706703839243,0.17837419448051198,0.11790438137409275,0.1396897968315322,0.146886876479619,0.14225711764613042,0.15736185405920067,0.1630198847703084,0.15691152210195683,0.17177223828849406,0.17695223837920357,0.07228311002013955,0.03481324373012175,2.0763106874065125,0.5740072202166066,277,0.06046981310641923,1.7369772715002263
2733,0.012820800139738641,0.022574894884782433,0.022574894884782433,0.022574894884782433,0.02188080670170526,0.015503176937774038,0.01807695540278201,0.01853389453494466,0.018019150123042123,0.019377036024245235,0.020053431445642894,0.018798602668251712,0.02045979376938299,0.02089199159493876,0.009754094745043792,0.022371004651351164,0.43601505149455433,0.06779661016949153,177,0.009060006561966618,0.4049888104341086
2734,0.003810932082137788,0.09198289446050649,0.0922372666128903,0.08962794934575259,0.07040103814400452,0.05386587631640829,0.063921921438841,0.06778541048275377,0.06499311221242648,0.07342211780267888,0.07786478721096411,0.07484206824233601,0.08174980121124599,0.08540601502401403,0.08842633453075252,0.03270998616791167,2.703343684611469,0.32142857142857145,168,0.06659010606186673,2.0357729813775127
2736,0.06613407841502354,0.14572213106973791,0.1429360726181444,0.14285861906926478,0.12683223713659283,0.09851359760060713,0.11405469320300068,0.1195553501028281,0.11340099808703347,0.12520423249129847,0.12866252894691657,0.12168266031458369,0.1315235244557901,0.13619686663751054,0.07958805265471437,0.02921483882610361,2.7242338432345563,0.41739130434782606,230,0.06069815872156929,2.077648248647368
2738,-0.0040622383218976935,0.11001798191023279,0.11001798191023279,0.10750499388242438,0.09750034653964794,0.0651879493851287,0.0780712893959544,0.08216303926079774,0.07542702478197245,0.08765034433384901,0.09189908381051136,0.08346486535801105,0.09440615300890641,0.09830426912929394,0.11408022023213049,0.035853090557991865,3.1818796777813994,0.3942307692307692,208,0.10156258486154564,2.8327428202394325
2743,0.06533198902691521,0.1376161926709829,0.1376050052706507,0.13677388415420666,0.12028780775507196,0.09522116258144972,0.11007092011710434,0.11515932583747188,0.11074592988066219,0.1220073726263402,0.12543764432847743,0.12205183999380455,0.13221649043676773,0.13500765996163652,0.0722842036440677,0.03188407327310606,2.2670943898827005,0.3984375,128,0.05495581872815675,1.723613487443322
2746,0.012120911170832843,0.10433654453629908,0.10433654453629908,0.10414649043280266,0.08385723025060426,0.057861288417922145,0.07109218209153678,0.07711493956942932,0.07401581700206783,0.08605110235038398,0.08952120582270721,0.08489248190476063,0.09320322233822624,0.09724377469284069,0.09221563336546623,0.03452667485757214,2.6708518484872914,0.34265734265734266,143,0.07173631907977142,2.077707146016661
2747,0.07973118429860619,0.17917463756329385,0.1779479138702523,0.17365397714368488,0.15900638055934424,0.10552729276718241,0.127116647808824,0.1350781416175842,0.12492249435750041,0.14362425087441139,0.15016606352307846,0.13754443970930622,0.15330135394073563,0.15917430359361734,0.09944345326468766,0.029018917108894468,3.4268492132743185,0.552870090634441,331,0.07927519626073805,2.7318454359704463
2749,0.08123389364694868,0.15172402969385257,0.1509365267569543,0.14884133387627185,0.138395590727959,0.09256020088187698,0.1104014921856657,0.11682845580191832,0.1115255590475926,0.12627280325807805,0.13183282055567366,0.12418360555036795,0.1389476197589688,0.14315292132572574,0.07049013604690389,0.030281056481428995,2.3278625067171825,0.484251968503937,254,0.057161697081010335,1.8877048466280202
2754,0.009331616060839954,0.03841828056206689,0.03841828056206689,0.036437927393097855,0.035672075104980404,0.025313254026122306,0.030293234506506967,0.03182886832438159,0.029701150384244212,0.033513483700767475,0.03441668256216678,0.03324527595491179,0.035668268846020715,0.0364786767712863,0.02908666450122694,0.012778567442077605,2.2762069874475603,0.11267605633802817,213,0.026340459044140452,2.0612998415930326
2755,0.04337424999907433,0.09457778724463536,0.09415830732157922,0.0904811894639145,0.08431456871132098,0.05104590387752667,0.06182689145826402,0.06701222293465776,0.06580663031454946,0.0735430337815256,0.07712357293830402,0.07360204040198642,0.08154698718047418,0.08459003354104103,0.05120353724556104,0.02747363913981987,1.8637333403475995,0.2918287937743191,257,0.040940318712246654,1.4901673019686856
2756,0.11344940243122734,0.16153283603464824,0.1616831669724557,0.1578637240780273,0.15015455549902001,0.09202228932521385,0.11541386823408949,0.12160166884780527,0.1123609261450951,0.1298952540624706,0.13362549474473237,0.12595731166772614,0.1387940509166595,0.1442386787300538,0.06966087764724184,0.061375532998083196,1.1349942598366909,0.46987951807228917,83,0.058132266173806166,0.9471570075916356
2757,0.044127381709147165,0.07524207297760677,0.07462973469300323,0.07180962248811039,0.06512872483539965,0.048744513337639364,0.057822863767679346,0.059507986849900274,0.05815830463416898,0.0634223307909989,0.06583882433737337,0.06158836595628323,0.06707609174397024,0.06969741381578633,0.0311146912684596,0.05242376302930088,0.5935226597729901,0.21153846153846154,104,0.021001343126252486,0.40060731837419494
2772,0.06752215954100028,0.17001787395971701,0.1695732530658744,0.16555962069699215,0.14711442438510874,0.10972486918268494,0.12917138134980996,0.13526654200115137,0.12680303134187224,0.1419404859412427,0.14778979232716136,0.13814776248240507,0.15214683776677487,0.15720691167771994,0.10249571441871673,0.025371077475958327,4.039864468343603,0.5091383812010444,383,0.07959226484410846,3.137125922993622
101107,0.0919454612046473,0.19012350341802897,0.18992498558048448,0.18958347958161842,0.1618561281391292,0.1268900717794884,0.1469958709261652,0.15447478115308697,0.1491440801486415,0.16583360099634406,0.17123581127666898,0.16410418430920312,0.17784230456790884,0.18272270123110487,0.09817804221338167,0.024690276326894176,3.9763849101372784,0.552901023890785,293,0.06991066693448189,2.8315060556179708
101108,0.02241526804604265,0.07319217193916082,0.07249677840412033,0.06853384879455843,0.055644861597320426,0.03851916306094166,0.04838456936563697,0.05254838372002077,0.050435582932418704,0.05788116023335674,0.06149513736312874,0.05792650150432672,0.06479595698932257,0.0671883406790055,0.05077690389311817,0.024635115992820387,2.0611595215511263,0.27014218009478674,422,0.033229593551277775,1.3488710002811493
101109,0.04381209661930142,0.1165077447996856,0.11581178613096242,0.11104376777815639,0.09722226618655014,0.07291000816996422,0.0855031796942874,0.08962849063218922,0.08524423511934154,0.09608204356466653,0.09998785886713406,0.09391096251165465,0.1047238372147386,0.10845754858197143,0.07269564818038418,0.03459900809167975,2.1010905280219805,0.36823104693140796,277,0.05341016956724872,1.5436907736118775
101111,0.055354869735392206,0.13260299987214175,0.13260299987214175,0.13151921126599442,0.11102992808037031,0.086898118268769,0.10034769855269118,0.10524029299424975,0.10249249965969652,0.11343294169154784,0.11690048285813691,0.11211792328605891,0.1212409670195914,0.1254958016614103,0.07724813013674954,0.03288915561670822,2.34874166539886,0.4044943820224719,178,0.0556750583449781,1.6928089913227895
101112,0.07832471955483927,0.2166060833601641,0.21598968696922644,0.21040289434274884,0.18857501215301226,0.13666244924988238,0.15951280923006733,0.16840813630698198,0.15933085072381842,0.1797908754466586,0.1867163366446486,0.1772765011868037,0.19441126770565353,0.2002720496346774,0.13828136380532483,0.04348882679123363,3.179698649244758,0.65625,128,0.11025029259817298,2.5351406495149913
101114,0.05305941453698932,0.1104738664977934,0.10969113026497379,0.10841178731785503,0.09812691401582711,0.06399431937979064,0.07853204436635529,0.08365871356152335,0.07961087281111713,0.08979547367423318,0.0936565403648198,0.08933112070167254,0.09781318978488303,0.10113134970415866,0.057414451960804073,0.026647324547535975,2.1546047468436402,0.34324324324324323,370,0.04506749947883779,1.6912579496842994
101123,0.060527527994911776,0.1394701835120073,0.139329764602057,0.13860474551584048,0.12926242977992897,0.08060726052571372,0.09859953916814877,0.10443810783595954,0.0958176075925674,0.11083541581211223,0.11581275695213343,0.10632160529437791,0.11966800023004215,0.12394028912194234,0.07894265551709552,0.038243298682736286,2.064221922172515,0.4234875444839858,281,0.06873490178501719,1.7973057804254047
101127,0.05130270151367013,0.08780365072885797,0.08651511697639885,0.08517652715845006,0.07865028425074272,0.04949573080375644,0.06269837022266363,0.06623507586992479,0.06314110232759008,0.07152346563185757,0.07464285756446737,0.07063600454414964,0.07848443795791839,0.08134622773821655,0.03830791992510153,0.033055265515588475,1.1589052251610554,0.2773722627737226,274,0.02915455344698628,0.8819942297313369
101139,0.058747368583097793,0.1761231798717862,0.17566646742981246,0.17055314736210142,0.14402560468105824,0.1075561981605456,0.1283381755788136,0.13685764867955139,0.13141944481845136,0.1475590864140778,0.15320626849985228,0.14559164316692422,0.1597535384418686,0.16521562065543133,0.1173758112886884,0.02445544325325115,4.79957815825253,0.5994475138121547,362,0.08527823609796045,3.4870860942838733
101141,0.07057739871160353,0.14260397293324364,0.14257922556038,0.14203378593884275,0.12746432924362824,0.0892288700415305,0.10578173748237929,0.11171582370032074,0.10741621130793653,0.11822196457533118,0.1227525152703457,0.11713512365479355,0.1272760900407371,0.13128204192246673,0.07202657422164012,0.021775660153020848,3.307664324089305,0.4066666666666667,300,0.05688693053202472,2.6124089984997783
101145,0.02089753999656312,0.0777288107292589,0.07749803366207583,0.07470242427993899,0.06794358396968579,0.042607279322804954,0.053686636808201925,0.05725197485723003,0.053242899137622014,0.06174764163588541,0.06477902363983692,0.06071241571308685,0.06784018321439476,0.07024700078837791,0.05683127073269578,0.023603158019986234,2.407782496078418,0.2543103448275862,464,0.047046043973122675,1.993209719364075
101150,0.05383028987511914,0.14282928103297104,0.14083773439926095,0.1377015035877646,0.12404986737896125,0.08420667925061538,0.1016544103968861,0.10757257025467318,0.10224467223913433,0.11656403973369864,0.12145770039591977,0.11480645103630384,0.1261769680582091,0.1309694556352025,0.0889989911578519,0.025404211009404848,3.503316482645485,0.4725,400,0.07021957750384211,2.764092042765912
101161,0.01850740453777625,0.054189730286636706,0.054189730286636706,0.05447739717472946,0.0484784106713034,0.03922068095697245,0.04340785328214087,0.04519077190281579,0.043302889415081924,0.0471196516897589,0.0485905565096561,0.04649210647070613,0.05012887778899407,0.050985072825618434,0.035969992636953205,0.012639626485828748,2.8458113597962655,0.15121951219512195,205,0.029971006133527153,2.3711939721581126
101179,0.04037902858869177,0.1704941728627093,0.16757812330306804,0.1664142204274487,0.14545074810800174,0.08808674835829966,0.11296254004181615,0.1208165087955096,0.1113390475351947,0.13003893072013673,0.13765018241456034,0.1292795826477938,0.14686547230120864,0.15303150118724895,0.13011514427401752,0.06779306408341527,1.9192987665215824,0.6037735849056604,106,0.10507171951930996,1.549888929493223
101181,0.08902568454484512,0.1478680958848914,0.1478297835049657,0.14430163772717605,0.13674805235223406,0.09048080180517212,0.10819523305530478,0.11437548536426852,0.1105058945422677,0.12283626582477451,0.12776840691774063,0.12277957197884572,0.1341412488529293,0.1381288373221625,0.058842411340046266,0.035323032656724956,1.6658369034133196,0.45,240,0.047722367807388935,1.3510269141147295
200745,0.017653001424047157,0.031445964148353774,0.031445964148353774,0.03136147861413194,0.027599725492716578,0.020796437962649808,0.025156887384831395,0.026231392701139864,0.025835330090224835,0.028159836251912415,0.028797536832866382,0.02871452245955249,0.030807753177437284,0.03144081215790868,0.013792962724306617,0.023413767486780663,0.5890962542484492,0.08280254777070063,157,0.009946724068669421,0.42482373134888735
200746,0.004545322426612861,0.011290614365115838,0.011293041215794192,0.011246200608187436,0.009628786602069069,0.008070896635677121,0.009190439293698421,0.00945887018566575,0.009512449672236162,0.010005438326901223,0.010255163501873764,0.009932654909559841,0.010711863794370868,0.010993430743689993,0.006747718789181331,0.006706540985644742,1.0061399466020904,0.03286384976525822,426,0.005083464175456208,0.7579859999867731
200751,0.0780662498898794,0.15929905785573142,0.15912075043733723,0.1579139201713486,0.1406122910619922,0.0949520563488997,0.11364812577041215,0.11998787541709588,0.11279468359277746,0.12864316681619586,0.13411284123819053,0.12702147513878398,0.13944527051080474,0.14396387878449393,0.08123280796585203,0.0332739726891287,2.441331809844049,0.5,240,0.06254604117211279,1.8797286923466128
200752,0.025931974567371455,0.06438209677089786,0.06437984419408295,0.06397864437207289,0.055380321626394544,0.042803447002300474,0.04995893076162496,0.05194019808861391,0.05028865470437245,0.055418336182711206,0.05749833095856304,0.05447381293340666,0.05951017694631889,0.06099866900331756,0.03845012220352641,0.013083529857151128,2.9388186997953416,0.18568665377176016,517,0.029448347059023088,2.250795265539702
200755,0.09006669135705575,0.1417334921652579,0.14090896253328555,0.138920945889073,0.12935147484958096,0.08081251432809608,0.09751756715324904,0.10398568537514177,0.09956190363538102,0.11251208552421421,0.11778112068778353,0.1106416884068953,0.12229597755228558,0.12662353396604117,0.06092097783716183,0.02824243452592748,2.1570724641756494,0.4174454828660436,321,0.048538960521484875,1.7186535557663956
200757,0.01987439786218152,0.09728656624983376,0.09725547421653369,0.09715155809672041,0.08903632239584948,0.05629018337204097,0.06973318062883266,0.07401920784781274,0.06846254559827318,0.07941789589399324,0.08283375704824915,0.07617207988496556,0.08459667716377307,0.08768984407218024,0.07741216838765223,0.031967260434152114,2.421607836777568,0.31891891891891894,185,0.06916192453366796,2.163523667476336
200765,0.025112735549842443,0.06781496010597038,0.0670919545460555,0.06552469825363558,0.060473171720927824,0.043232377317113706,0.050586554234066314,0.05304703750565132,0.051032136429280076,0.05686935079625091,0.05908048861573645,0.055927035188337484,0.06088381311509508,0.0628423017297422,0.04270222455612793,0.021701850769908666,1.967676628545338,0.19571045576407506,373,0.03536043617108538,1.6293742200142405
200768,0.025543890270695296,0.1370563166261148,0.13564435699783609,0.12875116898400354,0.11298339017943443,0.07631246916901319,0.0928624531261096,0.09906048835083925,0.09607298370940472,0.10866857810068226,0.11393812882282867,0.10793445230812165,0.12075639499830938,0.1255217740279035,0.11151242635541951,0.020411685230328224,5.463166078503473,0.48186528497409326,579,0.08743949990873913,4.283796213887288
200782,0.08880529980921481,0.13060251171247753,0.13060251171247753,0.13061176773567737,0.12199621279361886,0.09128149065042657,0.10359952458579723,0.10792851552312901,0.10287329525539543,0.11344661573251602,0.1166446010856972,0.11225889316943956,0.1204927134435527,0.1237710158780935,0.04180646792646256,0.0401704294810666,1.0407274322562838,0.3605150214592275,233,0.03319091298440405,0.8262523804991385
200794,0.017801368056366913,0.0668854467641093,0.0668854467641093,0.06673102098401446,0.052619720631308806,0.04534906605543254,0.05273641863491974,0.054813645794247544,0.05412797397471101,0.0588490096721958,0.060263092399711435,0.0591851783686172,0.06313949527001297,0.06453635137920395,0.049084078707742396,0.012869143431403185,3.8140905779298255,0.20342612419700215,467,0.034818352574941897,2.7055687707993386
200826,0.05578299345651296,0.12219028694370677,0.121258524156669,0.11882512555655309,0.1024973389835751,0.0683999178518794,0.0861235218654602,0.09216315850999965,0.08632864892445925,0.09914524726299778,0.10374361451712427,0.09755703706675366,0.10789152763148134,0.11190829828815103,0.06640729348719382,0.03455369081997286,1.9218581839254294,0.39501779359430605,281,0.04671434552706214,1.3519350442315161
201142,0.025779496725848828,0.09932457449648202,0.09648072791530429,0.09108499025964079,0.07853620882906655,0.05534080189155028,0.06710029051049976,0.07173756991338881,0.06956947884734761,0.07913961470243462,0.08299417212099998,0.07875245426900597,0.08722293854452852,0.09070343009898393,0.0735450777706332,0.017726276685604385,4.14892981053148,0.34249471458773784,473,0.05275671210321772,2.9761868800153484
201143,0.04239297796653718,0.08180548872257137,0.08165314645675456,0.08161596624425561,0.07119551157530288,0.05653862545485441,0.06607468342785935,0.0689953519510748,0.06744887095143544,0.07340006740588728,0.07543242313870457,0.07390711221434113,0.07877018548384002,0.08031737258581095,0.03941251075603419,0.018425014050875974,2.1390762930875713,0.22587268993839835,487,0.028802533608765696,1.5632299399737146
201144,0.04715971713835668,0.10011123474218843,0.09876253230355844,0.09789492637390108,0.08789072152247117,0.05757315581131526,0.07141573588789375,0.07481821271764366,0.071316138408947,0.08091100066366162,0.084217656565579,0.08099826189768589,0.08891224699342781,0.09182921135283285,0.05295151760383175,0.02336570912443736,2.266206316351497,0.3013698630136986,438,0.04073100438411449,1.7431957304268324
201145,0.035354880853696424,0.07364702169708409,0.07364092489326046,0.0734106596561355,0.06416952501098394,0.04703466790935348,0.055324682655380694,0.05836805893106069,0.0548040702239792,0.06187034119900172,0.06438540453881052,0.059737260605659516,0.06649507198703275,0.068460221644237,0.03829214084338767,0.027329024905747765,1.4011528393511827,0.22033898305084745,354,0.028814644157287517,1.0543604924311551
201147,0.04276311236953691,0.1287810714984216,0.1267619117987544,0.12422502622899365,0.11435380666634941,0.07864769689027261,0.09637571797321151,0.1014242032812286,0.09362374172946694,0.10709042971686954,0.11125550459742196,0.10320393273429258,0.1149536086136857,0.11849631801978007,0.0860179591288847,0.03596828927426904,2.3914943096951835,0.3900414937759336,241,0.0715906942968125,1.9903836335087248
201150,0.0451657160130921,0.09804278642891928,0.09804278642891928,0.09804278642891928,0.075002755257267,0.0673764149314455,0.07877970907477945,0.08204463371185,0.07928588758437312,0.087718427890432,0.090939216402003,0.08830881323146046,0.09513597206591398,0.09745863278512562,0.05287707041582718,0.028873625209545565,1.8313277266737578,0.3,170,0.029837039244174905,1.0333665768547429
201152,0.003107825517515512,0.011205607929649808,0.011205607929649808,0.011196019402780668,0.009332562775309687,0.005316215013841228,0.0076046408151522185,0.008380955277758473,0.006756090283962365,0.008598983415011249,0.00916535828837066,0.008635693256247346,0.009556871136775821,0.010033854366443037,0.008097782412134297,0.011889794374685576,0.6810700132354847,0.04555808656036447,439,0.006224737257794175,0.5235361572818442
201155,0.034468983402290945,0.06273137472585032,0.062305334729859135,0.060091867638284086,0.05567935681253171,0.04304568850561505,0.04825157157710081,0.05098095723533667,0.05014103152005372,0.053696939947499155,0.05527795068852757,0.05300008236493087,0.05713177215600961,0.0585659171101859,0.02826239132355937,0.027661131749315466,1.0217366223368205,0.16996047430830039,253,0.021210373410240763,0.7667934053625864
201156,0.09686265882761846,0.16919330767857446,0.1681253180030541,0.16194952764749296,0.14955940103355156,0.08617412265178612,0.10975606161126798,0.11821101356834472,0.11292784268518014,0.12954377776610795,0.13628441151515136,0.12927966197519195,0.14383107173929835,0.14976465766274702,0.08301918502678834,0.042892316489582624,1.935525796256573,0.5956521739130435,230,0.06338527838176544,1.4777769905983045
201158,0.056719686386488735,0.12273546336475954,0.12041358637008906,0.11237763827507873,0.09846444881447644,0.06954783346238255,0.08589557843274516,0.09128416213875463,0.08594936477586083,0.09701623030496027,0.10142085609162058,0.09477473024180535,0.10601188244724698,0.11113202405296854,0.06601577697827081,0.035206530137275836,1.8751003498744363,0.4322033898305085,354,0.041744762427987706,1.1857107833466765
201162,0.11772040301024345,0.17594689005285974,0.17594689005285974,0.17594689005285974,0.16340203917900883,0.11251161457981793,0.13175996919811223,0.13950860979691868,0.13152802542400732,0.14667691528028629,0.15269397907038126,0.14646811526804102,0.15791672666140966,0.16227436995302702,0.06343527547304181,0.03354763413039784,1.8909016125093152,0.4861111111111111,216,0.05089042459919091,1.5169601648027573
201166,0.0492548180470187,0.11306033635107707,0.11041895646246574,0.10556061919325076,0.08752612176271961,0.06414580184984851,0.07896670242768127,0.08404407569922097,0.0793350430123806,0.09178756049095245,0.09674393601748602,0.08756735437878994,0.09929040206521196,0.1043636980132673,0.06380551830405837,0.05127918017859791,1.244277269680074,0.4206896551724138,145,0.03827130371570091,0.7463322069972167
201167,0.060466380847096796,0.09990178705547047,0.09974192995979553,0.09824144230651842,0.09282300638224074,0.0644231468207592,0.07611473767388949,0.0795386428827315,0.07585393235565877,0.08444594133107344,0.08702079560617466,0.08422021398190895,0.09116940583879447,0.09413337165403199,0.03943540620837367,0.0271006531257265,1.4551459710370545,0.29095354523227385,409,0.03235662553514394,1.1939426472503711
201196,0.020230831943424493,0.07048968605567194,0.07043359616871907,0.06942112858693752,0.06188582857026933,0.04771160671658941,0.055181576463866074,0.05764254437463305,0.055372964378418224,0.06021978716479818,0.06201452417631273,0.058252584633845986,0.06357701121278501,0.0655524960435383,0.05025885411224744,0.019387455916625728,2.5923387951664107,0.21030042918454936,233,0.04165499662684484,2.148554034421998
201229,0.08110561297102237,0.2678113538632595,0.2678113538632595,0.2634882102498221,0.21928010797852354,0.1800420341849258,0.2078053774673459,0.21644046998782773,0.20789964859475377,0.227157919686211,0.2350584136466176,0.2242855998277355,0.24332048466759867,0.2495789768084959,0.18670574089223713,0.031391786405229063,5.947598473119604,0.8208955223880597,134,0.13817449500750117,4.401612995955046
201564,0.10430969738161763,0.14322731271598313,0.14305597799947642,0.1422181823560605,0.13337632227578214,0.09012493173740573,0.10618440437421774,0.11181980745001391,0.10800395452903094,0.11939353538823394,0.12426295005578873,0.11768199271656242,0.12935847147069635,0.13354448434346042,0.053102380978577404,0.0380626288725676,1.3951317224136668,0.40358744394618834,223,0.043251390538376414,1.136321684011386
201565,0.020194753859853844,0.05608881030883686,0.055248292032598414,0.054986827448886444,0.051549023111718974,0.03365570968892015,0.039523229751340816,0.04174509237100331,0.039730841595392336,0.04497738660996201,0.047060962643940905,0.04504677211419158,0.04973490667915171,0.05155534974115547,0.03589405644898302,0.015250460003638253,2.3536376240729715,0.16461916461916462,407,0.03135426925186513,2.055955639658413
201566,0.0033457964302469364,0.05755117389616055,0.055019337466521545,0.05083715857289646,0.04346303184032258,0.034299341046750295,0.040744080856530945,0.04322700164356903,0.04210149313142425,0.04747221238234446,0.04974445287178256,0.047152177914530954,0.05201109122673135,0.05414071817551074,0.05420537746591362,0.01638703888320213,3.3078201530038447,0.23141891891891891,592,0.04011723541007565,2.4481076597187212
201567,0.0692635924175062,0.13900159223692893,0.13897220444153904,0.13882614248645223,0.1267832901348938,0.08332942308607376,0.10129777237546446,0.10691189140945871,0.10152871894494472,0.11410740772019148,0.11821770438716926,0.1119669064374974,0.12257161891997502,0.12575748559838706,0.06973799981942273,0.021287326090290305,3.2760338016916095,0.4024691358024691,405,0.057519697717387616,2.7020630713983294
201568,0.022776386221605306,0.11219558056012609,0.11128011217249922,0.10838153206201975,0.09541283763578377,0.06361184634335097,0.07710436203103117,0.08227718042587737,0.07951784437909153,0.09056574080460525,0.09489904221669594,0.08944502489011112,0.0991778194915208,0.1028641685811692,0.08941919433852077,0.023983466199316933,3.728368268180831,0.37962962962962965,432,0.07263645141417846,3.0286052403987878
201569,0.06162295365494466,0.17383825103256126,0.17347708583461766,0.1708903410857069,0.13927246786890912,0.11008010817990378,0.13177509159141754,0.1385080098504,0.13274948750177998,0.1479649705692326,0.15332341251867812,0.14481201273685768,0.15793532337437236,0.16314459287268246,0.1122152973776166,0.020459154775556126,5.484845224969287,0.5475638051044084,431,0.07764951421396446,3.7953432126500823
201571,0.0928634057770579,0.1696565804086079,0.1696565804086079,0.1688658532951227,0.15773134211481776,0.09559581495661722,0.1149377787692713,0.12254016640230611,0.11907716776301133,0.13235074135740763,0.13803565504652496,0.13376749168232394,0.14910006651019325,0.1528598801315055,0.07679317463155,0.05887037638615657,1.3044451105226498,0.5053763440860215,93,0.06486793633775986,1.1018773841747278
201573,0.09479134490829354,0.1553878036709003,0.15463648492111762,0.1543666465176522,0.14752943659283646,0.09417558470923565,0.11166327076283239,0.11816546195947779,0.11197111428770846,0.12521186218328276,0.13072428605295444,0.12343282476220198,0.13603362348487474,0.1395545320190738,0.06121221896166465,0.04415759956669703,1.3862216144518404,0.45751633986928103,153,0.05335385188360081,1.2082597878313897
201575,0.11712563644665452,0.19030361662834927,0.1901057083470383,0.1861888517022774,0.16903646062050595,0.11627070827245749,0.1410647913632089,0.1507651753983767,0.13864861740592024,0.15955736493605746,0.1663101079798871,0.1549382556210239,0.17140178230279773,0.17635332644200613,0.07403290835589178,0.041257551986685806,1.7944086546817632,0.546875,128,0.052765752348048464,1.278935608323937
201583,0.07196943767853406,0.12633579417555402,0.12601825993635393,0.1244543578133309,0.11045372621966805,0.07951888218011904,0.09351848660625438,0.09893589456630783,0.09419706191676902,0.1056456167533897,0.10959802112484196,0.10329544884497885,0.11325225149669228,0.1172007619130809,0.05436635649701996,0.024781483291917143,2.1938297985073545,0.37849462365591396,465,0.03848428854113399,1.5529453216259346
201584,0.06882992391526505,0.10862833121789059,0.10853699240653754,0.10832001894029018,0.09724974579774016,0.07161092055416104,0.0835773947504774,0.08810164797701117,0.0823178418899999,0.09209384278079369,0.09466899744804105,0.09038813623547337,0.09859307809237335,0.10120612696488247,0.039798407302625544,0.032134786110402096,1.2384836533809298,0.2898089171974522,314,0.02841982188247512,0.8843943066817416
201586,0.037165168791891856,0.06017190393014839,0.06017190393014839,0.06015471353581848,0.05690087005608147,0.041662646108912085,0.04781873598948135,0.04977312642768362,0.047682407244645605,0.05205786503947674,0.05358303660520941,0.051278025410287094,0.05490432491611222,0.056015754799883,0.02300673513825653,0.017867169135228716,1.287654186521027,0.15027322404371585,366,0.019735701264189616,1.1045790810406957
201587,0.05716405021974194,0.12480427931186946,0.12407873326193249,0.1230157801523695,0.11197896247691347,0.07684487016245857,0.08951925232880602,0.09442705956484906,0.09229513234240906,0.10330937424939171,0.1077236456513822,0.1031635606379885,0.11296849478912668,0.11710389228145435,0.06764022909212752,0.029035446846883896,2.329574242436249,0.3973684210526316,380,0.05481491225717153,1.887861845083135
201588,0.055446570103207506,0.12570793421470028,0.12543420803072253,0.12399331119922868,0.11365056603303719,0.07371794320170347,0.0880749569648742,0.09295325407150132,0.08665548978153254,0.10010523409546986,0.1048060495756207,0.09729953655053766,0.10887322453696388,0.1126726590536502,0.07026136411149278,0.03090546225769083,2.2734286750235624,0.39104477611940297,335,0.05820399592982969,1.8832915503584036
201589,0.02494736624977862,0.05090788570654787,0.05076970481682729,0.04899133693196188,0.044289245442355046,0.03348514936685035,0.0392247633731544,0.04083289639644212,0.03912583775142086,0.04300245955138185,0.04459888757588267,0.04281695532453351,0.0461996452334798,0.047425772375515464,0.02596051945676925,0.024359369894401486,1.0657303357725914,0.13983050847457626,236,0.019341879192576426,0.7940221473882119
201596,0.048547002864468614,0.11455633059586705,0.11383544043079948,0.11316033526135334,0.09943879846516239,0.07294910772545063,0.08668816937468947,0.08989191701837938,0.08638274374612043,0.0956031373775123,0.09956424257698289,0.09477455763961162,0.10282079244450455,0.10603760889173286,0.06600932773139843,0.03365768764681118,1.9611961589301972,0.36086956521739133,230,0.050891795600693776,1.5120407597434995
201601,0.030908145288593,0.08266572568229494,0.08266572568229494,0.08290478704413,0.07439553481537792,0.05603514139122118,0.0638280599331507,0.06788495061003813,0.0608900702419137,0.06882537518788504,0.071072326697565,0.06523961822111948,0.07068695018785097,0.07385821757280674,0.051996641755537,0.03428425912532096,1.516633087081482,0.23076923076923078,78,0.043487389526784916,1.2684360297191575
201609,0.029195125248565375,0.08871569534572905,0.08869556332087677,0.08785157138409543,0.08046915031526619,0.05716819815506161,0.0675075182119946,0.07105962541308736,0.06879507261074706,0.07602342176478338,0.07853131264099915,0.07427866145994812,0.08108616235005205,0.08339187481956381,0.059520570097163675,0.01878911795253965,3.1678214085147367,0.26353790613718414,277,0.05127402506670081,2.72892134671869
201627,0.15070982229260932,0.18259493328888388,0.18182195230093856,0.1798071229323553,0.1716261656500404,0.11621929499161807,0.1384613985974032,0.14561086167635387,0.13849524141146305,0.15367669633309444,0.15882387479423835,0.15063547450405418,0.16603678902276223,0.17053306123802667,0.06637563829726581,0.05044682758668903,1.315754458161008,0.5064935064935064,154,0.05540687065842234,1.0983222000077182
201933,0.00673050481281311,0.015015806838281947,0.015001175618300505,0.01469649277330099,0.012962831486407525,0.010568597057875872,0.011981541281832972,0.012408351267233242,0.011591355953011221,0.01306238344245137,0.013651125737975132,0.01239026552568322,0.013698307943590103,0.014182052700536804,0.008285302025468837,0.014619017497099679,0.5667482118488871,0.040380047505938245,421,0.0062323266735944145,0.4263163837672996
201935,0.01992364951582758,0.11797239400437538,0.11662999770891487,0.11234970651967344,0.09777274363107796,0.06890549651197604,0.08164024038961538,0.08657532281436861,0.08245573271696958,0.09399009854994246,0.0983239592669846,0.09290504867516917,0.10294870670753256,0.1071226696133834,0.0980487444885478,0.014612116673726241,6.7100986583858395,0.406025824964132,697,0.07784909411525039,5.327708220071176
201936,0.022348933094826978,0.08231272299944062,0.08071337343138946,0.07821178003873232,0.06679545304430007,0.05134281662677866,0.06127374979195036,0.06521398138224027,0.0629145872126034,0.07050138643656496,0.07296038564745755,0.0703765473479473,0.07691737186590579,0.0795410551323402,0.05996378990461364,0.03179451412390652,1.885979124289446,0.2911392405063291,237,0.04444651994947309,1.3979304661257093
201937,0.07192844342178863,0.11310799293111634,0.11296409442095058,0.10989615850783205,0.0987900488916543,0.08131769241214008,0.09174713379256799,0.09555412858520154,0.09295036590697692,0.101136212749558,0.10410578752754351,0.10093665305446166,0.10797258248288369,0.11122202680759626,0.041179549509327715,0.028358580989768865,1.452101906092705,0.3346774193548387,248,0.02686160546986567,0.9472126084008481
201939,0.03604399351704636,0.14157417211586557,0.1368969573396653,0.130994315839103,0.11418600054458582,0.0852748895735263,0.10170722988259755,0.10756775761193867,0.10280217044628975,0.11575010854441302,0.12057696005246142,0.11331599611876889,0.1255133238818589,0.1304569090053384,0.1055301785988192,0.02097484068744078,5.031274381121192,0.48830409356725146,684,0.07814200702753946,3.7255113491435945
201942,0.009177192638462275,0.0362660647289615,0.03617356222461171,0.035725828614369896,0.03335525328330317,0.020023734497674087,0.024611268391468637,0.02653400948411771,0.024310583732659662,0.028340445018530096,0.02994078900987334,0.027347079587215186,0.031208278524250396,0.0326422848522407,0.027088872090499226,0.015828635275104738,1.7113839329600686,0.12037037037037036,648,0.02417806064484089,1.5274886447644744
201945,0.07209967374014555,0.09992230502609886,0.09913302846452163,0.09890519089314168,0.09265561729578603,0.06368916313566055,0.07830723013975625,0.08252409834323424,0.07604566047815885,0.08476056930999579,0.08794523426119762,0.08150014202264674,0.09000519596889175,0.0927001941027856,0.03623314189043832,0.04477013279473664,0.8093150417167856,0.273224043715847,183,0.028966454160125485,0.6470039812687556
201949,0.004892448029579841,0.052955072781966164,0.052955072781966164,0.052680596805897366,0.04856798219767748,0.033531422201901265,0.03909970634142348,0.041171758425990745,0.04120522440512164,0.04492387662299501,0.04606073076886382,0.04347474748876563,0.04807448606557664,0.04926537241247241,0.048062624752386325,0.03489543703442577,1.3773326496805467,0.19658119658119658,117,0.04367553416809764,1.2516116111401598
201950,0.028346062451523206,0.08165314922729244,0.08084917653894473,0.08011036015521607,0.07418744577112255,0.049783819247065354,0.0603262087743354,0.06343376301282193,0.06131436209259194,0.06865825937183369,0.07152001411839083,0.0671955680063255,0.07444086988839034,0.07705174993264283,0.05330708677576924,0.021286048501459456,2.504320460047542,0.28328611898017,353,0.04584138331959934,2.1535882207755126
201951,0.06716592062658927,0.10898669596313842,0.10898669596313842,0.10845743556262406,0.09985831254208108,0.0713026982619077,0.08433808727758889,0.08828143294414695,0.08548379599320695,0.09365448168981497,0.09703587383381819,0.09350131245321908,0.10147803228901281,0.10427765807538343,0.041820775336549154,0.042428524967409925,0.9856759189406751,0.31746031746031744,189,0.03269239191549181,0.7705285993468638
201952,0.02011215074725966,0.07672692703124608,0.07547887231043672,0.07336179021994166,0.06022237330624976,0.051462391485633814,0.05946215090644632,0.062312044820591696,0.06069863518800303,0.06705401094843556,0.0691190502655171,0.06689856425454671,0.07227092695253913,0.07435585630602735,0.056614776283986416,0.01690709149323371,3.3485816473308785,0.24349881796690306,423,0.0401102225589901,2.3723904596507555
201954,0.015828772278533403,0.0834922277792721,0.08328670887680392,0.08253367505535496,0.06962176468470006,0.04570935790484412,0.05797949318426556,0.06282225673148457,0.05894604219774271,0.06673761582373999,0.06987977335997256,0.06614228006222765,0.07312274406270869,0.07579853101991472,0.06766345550073868,0.030818272114497877,2.1955629196001447,0.2869822485207101,338,0.05379299240616666,1.7454902145815228
201956,0.002582504837338572,0.1267785675800828,0.12469926895510171,0.11218830332398418,0.07147133646630534,0.08589525786381975,0.09865399765546264,0.1033301298733383,0.10027976495879734,0.11010458268741374,0.11380419343758989,0.11063779807918768,0.1189242040616706,0.12223510646877475,0.12419606274274422,0.022168309565099444,5.6024146711787,0.42567567567567566,296,0.08331275302648118,3.7581915202792078
201960,0.06436072727702408,0.13010573769411304,0.13010573769411304,0.12984301281043606,0.11719563031651009,0.08867100854741031,0.10067349554732802,0.10489400958180024,0.09974939114611137,0.11043799154255331,0.11399429311102269,0.10757965780661702,0.11686736016188,0.12064894964004402,0.06574501041708897,0.03349547523574372,1.962802735425324,0.38207547169811323,212,0.052834903039486014,1.5773743369105804
201961,0.0665517383343743,0.1363725972920293,0.13625398668223132,0.13553532316436204,0.12758092624316333,0.07586343980942152,0.09341151490177255,0.09863279470942603,0.09416424837813987,0.1068574341892655,0.11140416401248161,0.10257855232340075,0.11547074188597868,0.1201877317299392,0.069820858957655,0.03363687682310295,2.075723597194959,0.3926940639269406,219,0.06102918790878903,1.8143535807364883
201962,0.031651851040828564,0.13639350184527715,0.13548920205767492,0.13137020600352933,0.11424675531320294,0.08381577024566292,0.10078860843614285,0.10622776036012344,0.10278241059294811,0.11688674017805403,0.1217258732708051,0.1147737542570929,0.12682481736081144,0.13125741562904797,0.10474165080444858,0.07584326874762556,1.3810276446942793,0.5125,80,0.08259490427237437,1.0890208931687189
201967,0.07525398277179232,0.1397935701104072,0.1397935701104072,0.13976674248323592,0.12823553768007334,0.0923087555838056,0.10792404987566043,0.11259278809405122,0.10681916604670526,0.11782353070728625,0.12144246897673897,0.11652012914836493,0.12509643625851116,0.12814760907215658,0.06453958733861487,0.040915650406676496,1.577381434662065,0.3880597014925373,134,0.05298155490828102,1.2948970475032615
201973,0.07670453398517327,0.13304481161909795,0.13276958726978594,0.13268756223285166,0.12069564383177168,0.09125061198272492,0.10549950708633632,0.11048801858645993,0.10484728737001425,0.11549203176976451,0.11896628925138332,0.11337738958936594,0.12265863175156465,0.12615349925878608,0.056340277633924685,0.04272279390249324,1.3187404775659286,0.35398230088495575,113,0.04399110984659842,1.0296871020888725
201976,0.07732008916772484,0.172826797661886,0.17175604212617077,0.17073078222142538,0.16266449534776828,0.10530032154169985,0.12951238351929623,0.1363923657650723,0.12900793727912674,0.14412860504821218,0.1497706540385351,0.14142233288773504,0.15378279985650561,0.1580065832984121,0.09550670849416115,0.03715931938719509,2.5701953122174857,0.5265700483091788,207,0.08534440618004344,2.296716075199501
201977,0.0654467204886773,0.1435398263790037,0.14288536690957712,0.14130032601626388,0.1275295532262431,0.08472489570910526,0.10212667342435973,0.10832418455229244,0.1011026965485273,0.1147701878328084,0.12055740399071677,0.11160779994381768,0.12452915556155429,0.12914729373420641,0.07809310589032639,0.031050117805976503,2.5150663317385256,0.45141065830721006,319,0.06208283273756579,1.9994395230802033
201978,0.03299343815619126,0.12701997621851382,0.12701997621851382,0.12671453805131194,0.11555824994305193,0.07414244278441076,0.0914403819734372,0.09745331987591938,0.0906412441573454,0.10379349174867956,0.10886302309659864,0.10161714989916372,0.1141139730241376,0.11779413141156087,0.09402653806232256,0.031650347316107955,2.9707900871744686,0.38848920863309355,139,0.08256481178686068,2.6086542104023165
201980,0.09324529781192956,0.17842410138925993,0.17825940134004883,0.17731885466428976,0.16018848607138356,0.1115677829352155,0.1301942729189988,0.13708919894907948,0.13191704028582152,0.1458445204955994,0.1510302168933258,0.1448348999080684,0.1572955948250371,0.16272993506367842,0.08517880357733038,0.03855031694356657,2.209548723088912,0.5513307984790875,263,0.066943188259454,1.736514601357272
201988,0.0707058081931798,0.15912696527906717,0.15886446209104713,0.15785254028260934,0.13644963678777985,0.09826446378198855,0.12015496925892186,0.12623978974595287,0.12059833341836838,0.1342180501451748,0.13935581482161224,0.1330695321857877,0.14522004091606444,0.1494462473098436,0.08842115708588737,0.030541922782208866,2.8950749995803813,0.4708171206225681,257,0.06574382859460005,2.152576609646097
202066,0.05908229372763274,0.15786307567486865,0.1578499105967084,0.15762055599017266,0.1422435443609489,0.10585504761047333,0.12382190621387526,0.12932516622231213,0.1221854584634455,0.1358197473147173,0.13960348202241393,0.13193692762460488,0.1424002200551928,0.1464750273053191,0.09878078194723591,0.027153887059681962,3.6378136850213765,0.45614035087719296,228,0.08316125063331617,3.062591018756715
202083,0.08559444271059351,0.17389429099394993,0.17389429099394993,0.17344488795637886,0.15967676473200884,0.1011070128125452,0.12159863417083915,0.12984461923662055,0.12081029083095651,0.13787577900592318,0.14472090361196147,0.13468921157797242,0.15043683312306233,0.15615224494425609,0.08829984828335642,0.02996941155464962,2.9463324003656353,0.5182291666666666,384,0.07408232202141533,2.4719311517453466
202087,0.012745516591133982,0.09803433986785359,0.09803433986785359,0.09793828220449108,0.0933524907803159,0.06538854930655118,0.07613092038456364,0.07953999752175357,0.07468744130062413,0.08198998258938536,0.08470911772226743,0.079889115321894,0.08665127212871884,0.08867722514088995,0.0852888232767196,0.02623280262229985,3.2512280332646464,0.2831858407079646,113,0.08060697418918192,3.072754953016722
202322,0.021909564226857546,0.0790959014333002,0.07844891253205535,0.073768123442381,0.05694158675162143,0.04972686472799884,0.059147187624388434,0.06242552861889937,0.060325363639552175,0.06651622711393501,0.06918786395813863,0.06498727207729478,0.07150616174100012,0.07426565836430371,0.05718633720644265,0.01732618806946988,3.3005723461590217,0.2704507512520868,599,0.03503202252476388,2.02191170869795
202323,0.029968291488619923,0.05435219962736726,0.052658238941696044,0.05256525829432841,0.04948576066952661,0.034817008236369955,0.04041611707385156,0.04248902239287504,0.04060526032808066,0.04551558233236879,0.047003653376374105,0.04473824880148626,0.049107707666504796,0.050475652458871645,0.024383908138747336,0.021940956597906406,1.1113420707041568,0.14511041009463724,317,0.019517469180906688,0.889545043025564
202325,0.09573993789606432,0.19202538245611986,0.19146147271701766,0.19029215611399797,0.17932848333646131,0.12673264892211442,0.1478136181270405,0.1552988842454108,0.14598160970584104,0.1633909535875189,0.1701614654538195,0.15810253512036856,0.1734145724479776,0.17956478310269636,0.09628544456005554,0.03344781513492745,2.8786766541145674,0.5524861878453039,181,0.083588545440397,2.499073410421679
202326,0.011680229881061016,0.050128721219337855,0.050128721219337855,0.04974205049959887,0.03139216624811018,0.03430772629191226,0.038870463996288886,0.04068002481066761,0.04038057882257583,0.044074979016581244,0.04547159310537839,0.044887002813626516,0.04814592762233087,0.049390115178842495,0.03844849133827684,0.01148921341806125,3.3464859550641752,0.16112084063047286,571,0.022627496410851246,1.969455661366723
202329,0.06447330217945615,0.1526063376911104,0.15165191418553808,0.15154747381465344,0.13521794379021773,0.09985582840235512,0.11500563052668006,0.12012195746823301,0.11431459195872411,0.1274416346954508,0.13192034393836513,0.12461625775605724,0.13586576399917505,0.14001881459457907,0.08813303551165425,0.024473680209889624,3.6011353730135105,0.44011976047904194,334,0.07074464161076158,2.890641742641314
202330,0.05273377580529201,0.11398530415546834,0.11361773766373524,0.11266625671771141,0.09970497231024,0.07316369186421197,0.08613629894587363,0.09055677165678329,0.08634176391175198,0.09636185339491891,0.100107108174657,0.09541947286628931,0.10441939878269534,0.1073847219227916,0.06125152835017633,0.02047666396750942,2.9912845396772103,0.33794466403162055,506,0.04697119650494799,2.293889111013287
202331,0.04365338466310082,0.1197068016537578,0.11893768603004307,0.11537104458012502,0.1039232299055593,0.07255981032560173,0.08678911275853192,0.0915021274847158,0.08716675867019436,0.09769292053662604,0.10168637288556749,0.09708917673665002,0.10705008463918364,0.11079820234023545,0.07605341699065699,0.01890634709975885,4.022639412540302,0.3763440860215054,651,0.06026984524245848,3.187810153090187
202335,0.14787743804840492,0.20357276674799207,0.20357276674799207,0.20351913257904933,0.18957838272282093,0.12391077759182098,0.14951601307632417,0.1586395735574285,0.1483088990019937,0.16780906779266333,0.17501977123423076,0.16354787259536557,0.1802653627281068,0.18689334588769108,0.07966198915617109,0.03867948048266981,2.059541342388591,0.5707762557077626,219,0.06566760513099995,1.6977375164183517
202337,0.13510611447451532,0.23460500146472732,0.2344203325681057,0.23117835144588508,0.20419112265490863,0.15740909264178465,0.18397701617102669,0.19383222448273796,0.18085494603123248,0.20155509931073093,0.20870499410310667,0.1934259271184251,0.2142460148273912,0.21994897113501535,0.099498886990212,0.0644239169783256,1.5444401963899033,0.7,60,0.06908500818039331,1.0723503229962852
202339,0.017852006373907894,0.07178768707743366,0.07147302913899008,0.06670242568194863,0.056066751322640024,0.042727566978614254,0.05134359255644413,0.05519681774620322,0.051862970483931486,0.05890681106795566,0.06177614827863721,0.058467973355014226,0.06483205685098144,0.06766104691435489,0.053935680703525765,0.023024351997410132,2.3425493455621536,0.2631578947368421,418,0.03821474494873213,1.6597533321689433
202340,0.0575257042832879,0.13349667751605163,0.13340924365258094,0.13202895431278974,0.12143512902316717,0.08153342816161603,0.09774878531196546,0.10364656138448503,0.09780876803461622,0.10987213289895516,0.11386632222723768,0.1072652685173795,0.11800580635113331,0.1223610828995028,0.07597097323276372,0.02155337127535313,3.524783768729424,0.3957345971563981,422,0.06390942473987926,2.96517068830719
202344,-0.004941036100046728,0.02805806259902454,0.02811732266715598,0.025121840526746972,0.020958302957136857,0.0187915760858317,0.022701289661292888,0.02360998018495314,0.02243529449802307,0.024751306307892944,0.025642929877155555,0.02383110140596001,0.02633465975052868,0.027543508963390296,0.03305835876720271,0.030865509803803863,1.0710452857360093,0.10614525139664804,179,0.025899339057183585,0.8391029087746269
202349,0.06175561730283174,0.13203263949854013,0.13006892413980178,0.1291958488187078,0.11953894000416662,0.0839598977896085,0.0962171810318112,0.10195611541750864,0.09961641248394058,0.1102058461718006,0.11395666209997367,0.11172201618581201,0.11907833892180221,0.12248646163255225,0.07027702219570839,0.04337160255387878,1.6203464492326771,0.4027777777777778,72,0.057783322701334884,1.3322847047109456
202357,-0.0032690450872104914,0.17313428541702644,0.16866395092514078,0.16389243530272996,0.10609874586200765,0.10854425047137956,0.13171816881673556,0.1391714741995919,0.13073141385472284,0.1455544267098379,0.15183729424314227,0.14201801325097324,0.1549465369784446,0.16025316308552162,0.17640333050423693,0.04718216310375751,3.738771580190406,0.6071428571428571,112,0.11181329555859004,2.369821309648379
202362,0.038402296149484906,0.10075091897617997,0.10052425633879927,0.0964572183065219,0.08817241576654444,0.06948701744773043,0.07949203022810193,0.08421330704968572,0.08051720783663167,0.08874062868915454,0.09170904907016535,0.08880082239606948,0.09515601597104695,0.09700859374993308,0.06234862282669506,0.044543797138330475,1.3997150407512815,0.2978723404255319,94,0.04977011961705954,1.1173299721732017
202388,0.024487245424794246,0.05928534601365878,0.05928534601365878,0.05928534601365878,0.05445852670193988,0.03276332013843898,0.04279884251112844,0.0448073551563349,0.04142724147392343,0.04753677073803594,0.049295592139837315,0.04728923234255549,0.051148078294111304,0.052981207267937175,0.03479810058886453,0.04560349060228493,0.7630578302074316,0.21951219512195122,82,0.029971281277145635,0.6572146316283067
202390,0.07106767090953528,0.10464250164135902,0.10451224008026982,0.1033176182654322,0.09742916775468083,0.06587180511064285,0.07846930301489298,0.08259471089817813,0.07955581797663389,0.08808435187747536,0.09099092831884273,0.08748378173987072,0.09459187242163382,0.09746098904486385,0.03877069653071617,0.03387389759764635,1.1445596544936731,0.2818181818181818,220,0.03155736264403798,0.9316129787860807
202391,0.03473367695860968,0.09741410642331405,0.09718840624037965,0.09487052230894893,0.07939126185802867,0.06314819420763496,0.07405594164479731,0.07825011297027396,0.07547990483914174,0.08407131946279636,0.08745525205909002,0.08496275901760979,0.09166861628495661,0.0944243545424185,0.06268042946470437,0.025661789307517734,2.442558806542062,0.3018292682926829,328,0.044657584899418984,1.7402365970768978
202397,0.014209369528257677,0.04604881700563391,0.04447456041447225,0.04381549752480011,0.03770729984055713,0.025982129248684406,0.032430224076349566,0.03464397138817017,0.03330540134111748,0.03709805881686794,0.03882376413493374,0.036641541250893306,0.040433584791674866,0.04183856418522255,0.03183944747737623,0.02394364001232292,1.3297663789210674,0.1489971346704871,349,0.023497930312299454,0.9813850483972331
202498,0.06104827346146018,0.09773616718807085,0.09773616718807085,0.09759925187699459,0.09299848082460191,0.0648100588105251,0.07654210574333632,0.07976750284355637,0.07558307181186696,0.08393296918958024,0.08607798513841053,0.0831025530781787,0.08895819409610888,0.09147497762110658,0.03668789372661067,0.03244300532958835,1.1308414049160525,0.25868725868725867,259,0.031950207363141726,0.9848103478256627
202681,-0.007189330245404016,0.08546294418418347,0.08259375329633377,0.07335219891658168,0.05539902934624795,0.04494339181382776,0.056196793824189656,0.06081719817503393,0.05779350172847633,0.06735519187341694,0.07019579915565878,0.06604248444979134,0.07384426128463939,0.0764178548049907,0.09265227442958748,0.038256718034373235,2.421856321975671,0.3446327683615819,177,0.06258835959165196,1.6360096424219406
202682,0.015010857980142607,0.08388331247621038,0.0836586361711802,0.08013301565091979,0.07040051753524988,0.054589756775748205,0.0633803188968211,0.06605836876024387,0.06379184248373031,0.06995846822129373,0.07245172143077286,0.06990634354022816,0.07597028286666749,0.07797752124614522,0.06887245449606777,0.02276965182253237,3.024747810500687,0.2633587786259542,262,0.05538965955510727,2.432608982641308
202688,0.024045622857227365,0.10496692769755091,0.10352363042292922,0.09894187557803517,0.08310761525822992,0.06517924530514334,0.07647649405420116,0.08059255210692856,0.0776848021987115,0.08692212092055429,0.09041868952479193,0.08523629543626433,0.09464466016783522,0.09753509832652375,0.08092130484032355,0.01811051626391823,4.468194261338861,0.3651050080775444,619,0.05906199240100256,3.2611987168290932
202689,0.027529672251164716,0.08303589064861484,0.08205292774813805,0.07853162051645494,0.06829821228526047,0.04722933735157682,0.05787867450921518,0.06186208009501578,0.058942857289894755,0.0677970921283819,0.07091057138917939,0.06656140941180422,0.07454747967101959,0.0777222685483938,0.055506218397450124,0.02115935361797876,2.6232473543183943,0.28213689482470783,599,0.040768540034095746,1.9267384424945466
202691,0.07552460464710664,0.14473842445524088,0.14391872311846532,0.14162549376687195,0.13051549069741297,0.08890568695608689,0.10587800471682837,0.11146627609172778,0.10312214509834386,0.11695630413224813,0.12132705979890063,0.1132669715422968,0.12434229389840534,0.12906360526200017,0.06921381980813424,0.0203840357733244,3.3954914805786895,0.426497277676951,551,0.05499088605030633,2.6977428151038785
202692,0.027665720198538055,0.06594515301995059,0.06594177718458734,0.06555977116366804,0.059941506745403286,0.039971135620542254,0.04798522448202445,0.05010965477346577,0.048886948711107506,0.05391937252887806,0.05641982065280008,0.05422404055387681,0.058896192803087465,0.060757327174984874,0.03827943282141254,0.026639648995580474,1.436934579271788,0.20437956204379562,274,0.032275786546865234,1.2115695125044552
202693,0.02891099477071717,0.054251938705968006,0.054251938705968006,0.054050081637025744,0.047457269877386125,0.029687984668917682,0.03998867815754693,0.04311737839162943,0.04047571687008219,0.046271848827789896,0.047935503942881534,0.04660937573425922,0.05067006129706546,0.0520780226636981,0.025340943935250836,0.023737863978607394,1.067532611952286,0.16455696202531644,237,0.018546275106668956,0.7812950282040074
202694,0.05209199120970763,0.09296586848595191,0.09282715021248139,0.09124895167197297,0.08263898807621078,0.05472852824653211,0.06568720216081272,0.06976132184376611,0.06553061636643202,0.07458518588785777,0.0778783911293029,0.07247889278929018,0.08034303876428087,0.08327299877148116,0.04087387727624428,0.029090296899439504,1.405069099759921,0.26988636363636365,352,0.030546996866503154,1.0500751151526306
202695,0.03050843767646752,0.08133177957984875,0.08068868518464689,0.07979677192300891,0.07300271198795953,0.05124803783157646,0.060379638449116826,0.06335994492050673,0.06041427192696014,0.06746845644942905,0.07014628013994474,0.06667806257849591,0.0733777343459579,0.07553032912549364,0.050823341903381225,0.015890784650579852,3.198290268286198,0.24165029469548133,509,0.04249427431149201,2.6741457546554446
202697,0.07033486681874294,0.150627070915293,0.150627070915293,0.15059505837883394,0.14012609927115852,0.09620730828532154,0.11489256257580183,0.12055290996560461,0.11281720873470434,0.12696104390265958,0.13194535984685923,0.12306237324349305,0.13690553354486124,0.14088429731419558,0.08029220409655007,0.04634952371114153,1.7323199391852515,0.4351851851851852,108,0.06979123245241557,1.5057594310432818
202699,0.021377173230236923,0.08008060810064893,0.07982761574508243,0.07954032502851907,0.06889789974765498,0.053133008653509166,0.06259971223159443,0.06509233903276905,0.06181606168362267,0.06849373451355993,0.07076572584711593,0.06736453254550806,0.07364513352924575,0.07539279070971966,0.058703434870412005,0.0176894420525771,3.3185577417270635,0.24146981627296588,381,0.04752072651741805,2.6863892244976126
202700,0.05862981555833685,0.09358845187949097,0.09358845187949097,0.09358845187949097,0.08773993932477162,0.06724436962467396,0.07448680116741413,0.07798858820100207,0.07606697321680482,0.08159170706690923,0.08419234287210321,0.08155009351730193,0.08805275210550398,0.08974723180863214,0.03495863632115412,0.06144112217314247,0.5689778292564366,0.2549019607843137,51,0.029110123766434765,0.4737889338088874
202703,0.03865247377370453,0.15188215103898728,0.15058042337449162,0.1409729772858305,0.11259371842715797,0.10025694983361379,0.11452454211391905,0.12017553478369772,0.11698299110610902,0.12792983560601698,0.13204605033465813,0.1255462045516857,0.1366820794370626,0.14063093567655474,0.11322967726528274,0.02685810491242754,4.215847604828221,0.5,260,0.07394124465345345,2.7530328329025187
202704,0.015272316481243,0.07051270794762399,0.07002892363414451,0.0684580171635013,0.057363928814450564,0.037588550065413756,0.04707760949904646,0.05096632924428342,0.04937883859333196,0.05622632219493461,0.05909717567033398,0.05611682325759474,0.06279785314304874,0.06548964273644636,0.05524039146638099,0.021027474182140862,2.627057866669406,0.2776659959758551,497,0.042091612333207566,2.0017436221111606
202708,0.048871791975616856,0.09135967819131874,0.09107476751111233,0.0898110945102205,0.08078129504803526,0.053242634434075106,0.06641289761249188,0.07021434101453466,0.06805640462473343,0.07578062526686635,0.07849216984762995,0.07504020859363161,0.08195983060075539,0.08504983537013772,0.04248788621570188,0.036072792979272426,1.177837442199599,0.2814070351758794,199,0.0319095030724184,0.8845864275259676
202709,0.02539935193381715,0.05495029080854427,0.05476501227323098,0.054469131520826455,0.04657983035998468,0.028423799785862916,0.03665648538298478,0.03900923079493357,0.03579056236823914,0.0421981424390322,0.043819395451370646,0.041651660661377314,0.046397576990382744,0.04826900113994057,0.029550938874727123,0.033518045385766276,0.881642665454358,0.18803418803418803,234,0.021180478426167527,0.6319126960536308
202710,0.006207844468560552,0.05970294945029566,0.058279258145153036,0.05614383227361591,0.05143155162309855,0.03396623033773457,0.041417979668878384,0.04402439921436665,0.0411531415965816,0.047235458630401315,0.0495910759813891,0.04522451819473597,0.051838133536585514,0.05398657676044215,0.05349510498173511,0.020883897038899105,2.5615480138641358,0.21794871794871795,468,0.045223707154537995,2.165482192825538
202711,0.06333524458525625,0.161113534582328,0.15725277118471181,0.15525897322889895,0.1391865518288522,0.10541958532983903,0.12247109853367766,0.128198210618958,0.12097885983249958,0.13429839127962637,0.13879964062403807,0.12933215713825064,0.14234494819637716,0.1469944211896241,0.09777828999707175,0.03058499815336318,3.1969362727040047,0.4758364312267658,269,0.07585130724359596,2.4800167344543462
202713,0.0487010897972774,0.16712679380660894,0.16807388189586198,0.1676574157001877,0.1567162424862708,0.11450971073280383,0.13219740873451513,0.1381995922913465,0.12965418155005096,0.14479464825935331,0.14834643674990702,0.1397023575238395,0.1524896766595571,0.15610422818517386,0.11937279209858458,0.04858734021076204,2.456870278981512,0.4935064935064935,77,0.10801515268899341,2.2231131035460177
202714,0.0363939946271741,0.09135515453892432,0.09128328300112654,0.08646824945825764,0.07959840217411236,0.06314619906857208,0.07352494929158475,0.07716726822388714,0.07495672705375364,0.08222837254665741,0.08497946308216058,0.0817505434975921,0.0888645450076712,0.0921066148337505,0.0557126202065764,0.04528358325783252,1.230305028852592,0.3157894736842105,57,0.04320440754693826,0.9540854419789176
202718,0.030564136331356396,0.11258780016900054,0.11105568584135013,0.10909908121715624,0.09935386787179043,0.07286010719216147,0.08470495401150897,0.08905408771952181,0.08572150113890559,0.09514845959446172,0.09887588766010341,0.09340768790679393,0.10292487226080023,0.10542671303897957,0.08202366383764415,0.024650824491538575,3.3274207061836356,0.3473684210526316,285,0.06878973154043404,2.7905651417073774
202720,0.03743633320274868,0.08515913463027189,0.08515913463027189,0.08513477893163035,0.07218846641349021,0.05677637242742386,0.06569516335716967,0.0688731230442657,0.06669640847765783,0.07387975490235575,0.0762170576518744,0.07478564330403899,0.07996104780593422,0.08144843256883644,0.047722801427523207,0.02229744091368421,2.1402815512445263,0.25650557620817843,269,0.034752133210741526,1.5585704810372978
202734,0.04174174970660737,0.09016324076717565,0.08997324734035311,0.08672176255310637,0.08315720062840987,0.057936845965539066,0.06735651316950457,0.07098210584286337,0.06606963188654896,0.07424226361403445,0.07878980202003073,0.0707020058479331,0.08093174404661874,0.08347360407248636,0.04842149106056828,0.04771818896938457,1.014738658494247,0.25,88,0.041415450921802495,0.867917492601703
202738,0.03927473148103653,0.0851998858517361,0.08411632300905253,0.0833433790835851,0.07484723106954624,0.046244277891837646,0.058639697579454725,0.06319161394415665,0.060347334223843134,0.06877226189348208,0.07185117552240873,0.06785136050041604,0.07569822252560074,0.07818020722955872,0.04592515437069957,0.017381163270622783,2.6422370963122557,0.2668918918918919,592,0.035572499588509714,2.046612130307382
203076,0.014329868420086173,0.03276308335871456,0.03272557939186364,0.032759944960921,0.029816873311506557,0.02037311321008263,0.02432333758133942,0.02549214592592069,0.024841720908451152,0.027456552150179753,0.028360833130389295,0.027404363493248783,0.029769537794508947,0.03064810202766143,0.01843321493862839,0.012288536902173294,1.50003333068629,0.09479553903345725,538,0.015487004891420384,1.2602806188165023
203078,0.06832867518985945,0.11541342070417139,0.11538467567372597,0.1138122489383144,0.1050324332774634,0.07446176025517195,0.08747395967508557,0.09246978517200317,0.08856790894517064,0.09940336194790023,0.10241574296463536,0.09735582993429104,0.10618049891713892,0.10972271385873923,0.04708474551431194,0.033077968758160776,1.4234473059261084,0.3333333333333333,258,0.03670375808760394,1.1096134214271738
203079,0.04492922618730932,0.09815540965162761,0.09792735528265711,0.09610691640607316,0.08819811714282301,0.05653189977025694,0.07030900247269922,0.07436043770150212,0.06878781918977495,0.07912992732877956,0.08244119033746532,0.0766489559353767,0.08513733517015196,0.08855099583711429,0.053226183464318295,0.03389693927505546,1.5702356791690364,0.304635761589404,302,0.04326889095551369,1.2764837144855434
203081,0.03581730438777341,0.1103767179179424,0.10535818651536082,0.09944419846357738,0.08843102984870263,0.06677771460597452,0.07829942486695192,0.08310661658751398,0.07963522049328559,0.08966804393409182,0.09369231403331832,0.08672468677902147,0.0972523497549169,0.10106612349536585,0.07455941353016898,0.019331919793763516,3.8568033762597067,0.40063593004769477,629,0.05261372546092922,2.721598580080103
203082,0.08348864599449332,0.16598060984001767,0.16577474950847432,0.16474974265816644,0.1544859009476801,0.10026810326925437,0.11963119566027633,0.12583191637661348,0.11796209738102188,0.13274839169065214,0.13762629136343243,0.12798081862211494,0.14264382864417366,0.14770458856887236,0.08249196384552435,0.03838099414856064,2.1492920044286543,0.5045045045045045,222,0.07099725495318679,1.849802396425141
203084,0.054478331374899304,0.10537930199492933,0.10537930199492933,0.105190753332108,0.09538700399353033,0.07405626715182531,0.08400615508254532,0.08700617805262431,0.08385074465400573,0.09113875944720569,0.09341411799136397,0.08914396602820703,0.09650974903265788,0.09873549328911564,0.050900970620030024,0.02773802549945778,1.835061065216233,0.2850678733031674,221,0.04090867261863102,1.474822806671322
203085,0.03811225931872784,0.10489653579108559,0.10454747233430632,0.10176868990627443,0.08967654845901185,0.0686547436024841,0.07894280566816768,0.08319521952455317,0.0803974281347321,0.0888657100419762,0.09234265470228482,0.08721823981383162,0.0955237872621313,0.09832807055603052,0.06678427647235774,0.0380342412078824,1.7558987467986358,0.3446808510638298,235,0.05156428914028401,1.3557333471818436
203086,0.08154485634613803,0.16033186600934113,0.16039333173434303,0.15993418850605942,0.14087909505147833,0.09736677682735465,0.11812092820687455,0.1251869772857139,0.12248293524825526,0.13558224346602732,0.14012643312766643,0.13568431942097106,0.14701414426183895,0.15147580978965597,0.078848475388205,0.03328450431079623,2.3689244295769654,0.46963562753036436,247,0.0593342387053403,1.7826384960191377
203087,0.020490196769098166,0.10003747878495127,0.09942934951975016,0.09594967176007885,0.08121353893071732,0.059715869373317625,0.07201527716558186,0.07591261284423412,0.07360260911768447,0.08213622639416651,0.08579518694367255,0.08106625895693613,0.08974710293636856,0.09255333345248314,0.07954728201585311,0.023244077703050994,3.4222602003009057,0.33633633633633636,333,0.06072334216161916,2.6124220946675236
203090,0.03520556421810073,0.09605903021640709,0.09605903021640709,0.09599305736549488,0.08242280645716275,0.06052960449683283,0.07371975125415499,0.07748537309997175,0.07401260823952613,0.08206005788939391,0.08476057264352438,0.0803396540635429,0.08770644494825398,0.09013964327545515,0.060853465998306364,0.034274376175396915,1.7754799004040998,0.2808219178082192,146,0.04721724223906203,1.3776251388918306
203093,-0.0022474226189882333,0.06014971810576374,0.05717762607056097,0.0564507826751265,0.039933641108160486,0.04032173350403203,0.04654364219531973,0.0487285603681655,0.04616803572077565,0.051445219989698324,0.05322571102279437,0.048981589570747,0.05442607640509315,0.05665350091554052,0.06239714072475198,0.025828921222470422,2.4157857847531106,0.21132075471698114,265,0.042569156123020264,1.6481197862025425
203094,0.06879504623687407,0.13887732559375263,0.1385824522092172,0.1353928010661761,0.10928444989541464,0.09420011093190916,0.11005026836606853,0.11428668670206404,0.1126583756252258,0.12212197179288187,0.12517073250314562,0.12381525352841155,0.13155777121668294,0.13410957887134747,0.07008227935687855,0.038966125440125586,1.7985436982839185,0.3805970149253731,134,0.04048940365854056,1.0390923706478237
203095,0.057320359146222265,0.14501116974288464,0.1441401231458379,0.14103397599350884,0.12239154261563333,0.09376397376953116,0.10916836950639464,0.1149342121035047,0.11005226495183933,0.12178338553569543,0.12641618178102676,0.12061982725510696,0.13168136295582822,0.13547335971901425,0.08769081059666237,0.024140630491331423,3.6324987712376013,0.4441687344913151,403,0.06507118346941107,2.6955047215016714
203096,0.03475588458598816,0.06131686061092853,0.06131686061092853,0.06087657051110598,0.04890460713592981,0.04349292776684052,0.04923646284589993,0.05155206459307095,0.05036768328084489,0.05527689585158647,0.05696173380927494,0.05586522435416452,0.05977625965280443,0.06126993088018947,0.02656097602494037,0.020945097754126403,1.2681237555793972,0.1744186046511628,344,0.01414872254994165,0.6755147536685143
203099,0.022127647643883714,0.1024318499331681,0.1024318499331681,0.1024318499331681,0.09072249537334089,0.06963391671363585,0.07984010974857764,0.0832936143235796,0.08009400230920362,0.08709381270828291,0.08933595018992423,0.08298243539667347,0.09147869749035835,0.09514940450750344,0.0803042022892844,0.05628902300882238,1.426640541916992,0.3291139240506329,79,0.06859484772945718,1.2186185523011486
203109,0.02602093668600623,0.1365660264384307,0.13675006644245263,0.13579011453666542,0.1224879801636409,0.08845318839951989,0.10455090399376958,0.10965069792645815,0.10442814449736462,0.11622269438932556,0.12078276191167933,0.11511534320678879,0.1248015489096971,0.12849385039148656,0.1107291297564464,0.018282403448603077,6.056595899315798,0.41818181818181815,385,0.09646704347763467,5.276496810106525
203110,-0.00027761148850543243,0.09832638890411284,0.09807794250195455,0.096628186486183,0.06895924825463087,0.06448402493434675,0.07613316280685523,0.07942573916112063,0.07701339136484893,0.08500731714125645,0.08783015984908576,0.08503110641076127,0.09128891379829072,0.09332999152868805,0.09860400039261827,0.014954700534948063,6.593512197866335,0.32151898734177214,395,0.0692368597431363,4.6297723970690505
203114,0.06062939288071497,0.11200322899571016,0.11169683702764699,0.10882829128198868,0.10172364464246754,0.06719146131637971,0.07955627571781304,0.08371958883136818,0.07980956352002566,0.09035688714274931,0.0938615393859762,0.08890986383383329,0.09871739662368872,0.10204429306447718,0.05137383611499519,0.026927265580459055,1.9078742311019081,0.33611691022964507,479,0.04109425176175257,1.52612049073317
203115,0.024260382139789597,0.1006840952151665,0.10052164020206636,0.1001484010000387,0.0821421040665272,0.06358193128530004,0.07511334489343188,0.07939113299670157,0.07651209979038519,0.0852388428033369,0.08818013867525044,0.08425979419297475,0.09139308741833316,0.09412381954785418,0.0764237130753769,0.02155544975914231,3.545447389376013,0.32905982905982906,468,0.0578817219267376,2.6852477017877225
203118,0.012608210983245476,0.10727845034259803,0.10727845034259803,0.10679491748142253,0.08119866826421097,0.06926819462064782,0.08350235171101421,0.08718743198230144,0.08492351659262863,0.0932863642943623,0.09643009458530348,0.09447560979824622,0.10146269387252395,0.10404574430655462,0.09467023935935255,0.020434291456752185,4.632910299812244,0.3333333333333333,150,0.0685904572809655,3.3566349695135074
203123,0.07920180787676374,0.1595748926008812,0.15955981511099251,0.1594208836576771,0.14517161035127538,0.1059280048432113,0.12501657246504636,0.13040613031496495,0.12492351458745192,0.13696674609797457,0.14221120794252587,0.13598724734278844,0.14739947136850598,0.15160958171814984,0.08037308472411746,0.06489687125375537,1.2384739536956726,0.4603174603174603,63,0.06596980247451163,1.0165328651447765
203138,0.12554964351801925,0.1783473350702844,0.17823697447845557,0.1765740893146536,0.1645559196782696,0.11057348467156272,0.13388545740165586,0.13977906371490503,0.1330792763342113,0.14833397905153603,0.1536277367428289,0.14483709182957502,0.15913632489866494,0.16382601900677232,0.06777385039872169,0.040134229294686546,1.68867950350038,0.5161290322580645,248,0.05398243500670688,1.3450472565534908
203141,0.07075545310650211,0.19043800340106698,0.1899395704831324,0.18644626318348365,0.16200030265497187,0.11339120070109858,0.136902509457771,0.1442923867940457,0.13952490176449217,0.15529849280604308,0.16128393664807344,0.15357686502799245,0.16783381860991745,0.17341670028760994,0.11968255029456487,0.0267205335386509,4.479047924752162,0.6019417475728155,309,0.09124484954846976,3.414783968160115
203145,0.027008857367063155,0.11605552990009191,0.11547908366014835,0.10932843512639388,0.08320795921319406,0.0808683930731537,0.0932325665999646,0.09728045832868515,0.09499705576148057,0.1042732383626863,0.107732346352544,0.10429252828907835,0.11140579824267793,0.11377965280521089,0.08904667253302875,0.023457546036855167,3.796077918513883,0.3611111111111111,324,0.0561991018461309,2.395779241265649
203148,0.039282262463245725,0.07918829868473382,0.07918829868473382,0.07884042873357389,0.07552349377584616,0.05366167539182368,0.06214754533940762,0.06455927103735463,0.06170241254622402,0.0688066344808229,0.07118811843251223,0.06908691568784513,0.07448673835261517,0.07687047563478185,0.03990603622148809,0.046562933143396684,0.8570344161651543,0.22580645161290322,62,0.03624123131260044,0.778327928805318
203187,0.031449216522206315,0.1351107249416912,0.134869974908705,0.13343262481695256,0.12245631565319832,0.0846393012645861,0.09935191442968537,0.10554771136609921,0.09899817971147519,0.11127754838805526,0.11511724435520201,0.11064398855843327,0.1200317997530895,0.12368888184094774,0.1036615084194849,0.07539154978655509,1.374975162507819,0.4084507042253521,71,0.091007099130992,1.2071259894331248
203210,0.010659986165164247,0.028120589761964666,0.02659168224470181,0.02659168224470181,0.02411536274586267,0.01986072975051361,0.022518029951390926,0.023567629077818793,0.022762000819747268,0.024304009691555006,0.025086215878045725,0.023755224507894315,0.025109761259743072,0.02573563004903379,0.01746060359680042,0.020894527043995633,0.8356544065359927,0.07784431137724551,167,0.013455376580698425,0.6439665541300221
203459,0.06878281057282297,0.13003406984451768,0.12819767287657136,0.1276802021211083,0.11595670013848336,0.08121203747909407,0.09642416813039462,0.10125576929864788,0.09564955382792886,0.10775679741592971,0.1116817759828815,0.10582107066497012,0.11618682888221854,0.1192697334158766,0.06125125927169471,0.03140406499904861,1.9504245476994881,0.37388724035608306,337,0.04717388956566039,1.5021587035655903
203460,0.021219478055299484,0.10930645637000444,0.10930645637000444,0.10927696431595875,0.0962146692803768,0.08232537864456475,0.09203463486010784,0.09525238100879257,0.0914437174208729,0.09852666998980296,0.10022849578660399,0.09756267060698091,0.10331743943071146,0.10533519565937301,0.08808697831470495,0.022853079161742517,3.8544905783273204,0.3253968253968254,126,0.0749951912250773,3.2816230449428425
203462,-0.03189888597507732,0.027502815051472902,0.027502815051472902,0.021978005774635555,-3.428906989539655e-05,0.00963846451494042,0.015372447584925683,0.017482850200050297,0.018091007936900112,0.022068172081328108,0.023257087167367196,0.023089163269819142,0.025610638267525878,0.026984467304369427,0.05940170102655022,0.061678397834165594,0.9630876143421119,0.16346153846153846,104,0.041537350490017735,0.6734505426308091
203463,0.019109980951544737,0.11326765080606513,0.11323457804931071,0.11130723037953597,0.0911721867382041,0.08075143323586688,0.09215667696033773,0.09504319707465961,0.09229443781090396,0.09968256652520888,0.10199917411420409,0.09885304868520566,0.1053134620688233,0.10780471626561645,0.0941576698545204,0.020759357370604872,4.535673632549296,0.3411214953271028,214,0.07206220578665937,3.471311972725082
203468,0.05978923646426258,0.10309328400124002,0.10271290375228025,0.10079382512337345,0.09294949391534267,0.06088787876016737,0.07360462619786749,0.07824264446889932,0.07551584609337535,0.0845506656963445,0.08805783130584866,0.08401771635263784,0.0924008945611228,0.09565342642332893,0.04330404753697743,0.018957253059636248,2.2842997031664014,0.312406576980568,669,0.03316025745108009,1.7492121536154863
203469,-0.0034940758808741632,0.008748641442934437,0.008748641442934437,0.008748641442934437,0.001798360401916373,0.006828287732165349,0.007349211532958481,0.00757934492576505,0.007557110962101438,0.008062098810755928,0.008273652445549005,0.008335816298971517,0.008899210927498635,0.008955757764977711,0.012449833645851874,0.01617520708987819,0.7696861979369953,0.045662100456621,219,0.010322363613039513,0.6381595954650153
203471,0.039529481446427914,0.09741239979897384,0.09705465405072375,0.09535316645076579,0.08682296900643623,0.060268707286106775,0.07158716499634406,0.07569539466145069,0.07396469253107203,0.08221986688713483,0.08520800434352331,0.08233767985304838,0.0899868962279781,0.09250382835600317,0.05788291835254593,0.02517250401619534,2.2994501586058167,0.31722054380664655,331,0.04729348756000831,1.8787756486037663
203477,0.06740153027171976,0.18416258909563105,0.18239409032520534,0.17049652511298857,0.14695226459077912,0.104120853370571,0.12594995525938676,0.13503172797095742,0.12630856683519134,0.14524328907804956,0.1518736648033333,0.13977114315913142,0.1572981217155007,0.1650743295487518,0.11676105882391129,0.03463362089601379,3.371321155662072,0.625,296,0.07955073431905936,2.2969222466778048
203482,0.03429885128175652,0.10877873088109855,0.10842135154952508,0.10592128721978972,0.08274745423704813,0.06731764874069922,0.08205984040835415,0.08662133097280852,0.08387557062487654,0.09342069323015793,0.09686010776380173,0.09316923542387436,0.10130967106509187,0.10468891483299554,0.07447987959934202,0.023518395084918965,3.166877643241133,0.3493150684931507,292,0.04844860295529161,2.060030150031751
203484,0.04976892119803353,0.1229899847232096,0.12233904113848902,0.11989377421616434,0.10800578669756813,0.07510350671590416,0.08758998395608443,0.09274184321810386,0.08690872782827305,0.0971158382867133,0.1015481642885638,0.0939623712543708,0.10454024215430147,0.10839636793016309,0.07322106352517607,0.025145385588413595,2.9119085594342455,0.3680203045685279,394,0.05823686549953461,2.316006063807142
203487,0.010187095022814488,0.02330008098023681,0.02330008098023681,0.023260416825858648,0.02172753195075928,0.015455920805520532,0.01778314900580987,0.018797721331986764,0.01767492349891095,0.01973882975811358,0.020205313500166876,0.019560839695891497,0.02109606495330347,0.02151128384319445,0.01311298595742232,0.01003889476192634,1.3062180915726724,0.0728862973760933,343,0.011540436927944793,1.1495724580870421
203488,0.025592371998877747,0.12204824044291582,0.12204824044291582,0.12120556709177296,0.08169229000052286,0.08096179159550683,0.09608894735814988,0.09996620018521321,0.09704634120912346,0.10590142205116077,0.1097110279404453,0.10661794985013788,0.11427840844857437,0.11788099832464098,0.09645586844403807,0.04111075097842175,2.34624438008116,0.3625,80,0.05609991800164511,1.3646045539545335
203490,0.07054557843220127,0.1305614465915277,0.1305614465915277,0.13051087053209193,0.1180978253969889,0.08883877701150256,0.10134004607104947,0.10573301642713594,0.10157379446555892,0.1116085518140888,0.1144382014621947,0.10863920991829179,0.11656758826514153,0.12037605665650515,0.06001586815932644,0.027978376919989466,2.1450804073072383,0.36451612903225805,310,0.04755224696478763,1.6996070608661145
203496,0.03794250232820973,0.17438376443113057,0.17283012739253747,0.16520298491933388,0.1323592807094786,0.10789353939559221,0.12869839155712845,0.1354476129643127,0.12918603098307668,0.14515016012115806,0.15039439519195674,0.14151964092057726,0.1553945288623903,0.16112930119247085,0.13644126210292085,0.022410844870001858,6.088180204466764,0.5650224215246636,223,0.09441677838126888,4.212995044539838
203498,0.028239993959005217,0.07866568616067637,0.07866568616067637,0.0784420540958069,0.06942240219292033,0.05010044522534221,0.05848383390687991,0.06115314744624719,0.057250639588118005,0.06378276790635047,0.0659559421643415,0.05969688155400365,0.06635782799914457,0.06873884232043993,0.05042569220167116,0.025615374131008683,1.9685713721677933,0.2318840579710145,276,0.04118240823391511,1.6077223008061303
203499,0.04752441766415949,0.09277714570054252,0.09266695691678535,0.09244728864803643,0.08214012441322795,0.06199740637730911,0.07282388031795729,0.07530297368650743,0.07252087918738767,0.0803019161980445,0.08226171193457575,0.07915414640851168,0.08567348738699923,0.08771919888511369,0.04525272803638303,0.027022967179096337,1.6746024867094667,0.2568306010928962,183,0.034615706749068456,1.2809735703577916
203503,0.10884158566488471,0.16397724113166592,0.16269579347759364,0.16235916251625693,0.15390198482957074,0.11156871037343595,0.12496505258303726,0.12932463462410898,0.12476373193154118,0.13625785217743638,0.14141955309049226,0.13785679733906966,0.14818870681999946,0.15274598580841084,0.05513565546678122,0.04640734595901888,1.188080342182681,0.445859872611465,157,0.04506039916468603,0.9709755693522679
203504,0.06616242956074474,0.11482054261360826,0.11473291811028635,0.11262582256444872,0.10274146755148833,0.07028650566482726,0.0827398849147637,0.08729511762606851,0.08451951431728677,0.0937776897747047,0.09756784854974754,0.09248100478716342,0.10129191588761022,0.10443689640533023,0.04865811305286352,0.028118742569069412,1.730451243804458,0.34271099744245526,391,0.03657903799074359,1.30087744503129
203506,0.03717887676411918,0.09961743964422284,0.09958853619771302,0.09865523268769269,0.08670530959866468,0.06109829229812551,0.0727934855662042,0.07706077813035805,0.07384391756219472,0.0831815489316525,0.08603430474796976,0.08251634130560487,0.08979582613179586,0.09254044408736796,0.06243856288010367,0.022762483710749078,2.7430470098752204,0.30749354005167956,387,0.049526432834545504,2.1757921263731754
203507,0.011464437855255064,0.03488259359099317,0.03488259359099317,0.03484588011184612,0.02854582694204978,0.025096828342660762,0.02841310112188744,0.029340982363617603,0.02875541380444003,0.03126045908915977,0.03182934404651541,0.03131879700060412,0.03330391703543,0.03396268133501723,0.023418155735738105,0.013879655276942845,1.6872289166029075,0.10220994475138122,362,0.017081389086794713,1.2306781938000038
203521,0.10320155647686653,0.16642321301780394,0.16648471974916126,0.16542064746999627,0.15172100969967262,0.10046755527097126,0.12347307318793778,0.13040957091791866,0.12262721762810938,0.1388093563800617,0.14437757942094678,0.13805311474065696,0.15150889849758842,0.15587261450643375,0.06601716447819,0.034748599644439854,1.8998510775599975,0.5069124423963134,217,0.051253454428701356,1.4749789906109916
203526,0.06953650553798475,0.13725122010951615,0.13725122010951615,0.13627686813971882,0.12216724183550702,0.09076668056243721,0.10400456434454405,0.10944977316912935,0.10616744722541425,0.11549408944651184,0.11930097643405016,0.11594280098518725,0.12510679080605694,0.12805785172863932,0.0677147145715314,0.03184659111875018,2.126278266927706,0.3858695652173913,184,0.05263073629752227,1.6526332787478502
203527,0.052812231544278526,0.10080050284944835,0.10080050284944835,0.09747132244680146,0.08880568655628186,0.06741232436129416,0.07622264841908578,0.07938871887982948,0.07732178082952432,0.08309378628539996,0.0858705800531278,0.08280324823073613,0.08960415286200157,0.09273715463192891,0.04798827130516982,0.06317732968362544,0.7595805575430583,0.2982456140350877,57,0.035993455012003336,0.5697210564651686
203530,0.028741922659757717,0.08102810502191307,0.08067967250462,0.07708900829602561,0.07238754588487334,0.05089878112264042,0.06241529699955844,0.06591697665781934,0.06263092636616446,0.07016883217449309,0.07214234079702798,0.06852249503775053,0.07371708112716871,0.0761503912668974,0.052286182362155355,0.026772765833825787,1.9529615537926566,0.22388059701492538,134,0.04364562322511562,1.6302246654685184
203546,0.06094207955408642,0.14128755584900016,0.1409978531669726,0.1328043484417064,0.11836304641157788,0.09101556424493931,0.11009374385490556,0.11420854701447097,0.10768005986893425,0.11976290895750119,0.1237119268413629,0.1171579978156918,0.12881849451132996,0.13148848069465546,0.08034547629491373,0.04702624566385951,1.708524147753956,0.43089430894308944,123,0.057420966857491464,1.2210408474436325
203584,0.126349620270771,0.19657250005915203,0.19535832496760827,0.18890913771028695,0.15604284650932085,0.11458144070792516,0.14264027133491275,0.1520847855684231,0.14597468392164045,0.16362954382682537,0.17220749647999545,0.16203429439579461,0.1771216751971884,0.18256737151764366,0.08199105935122687,0.08141484818507994,1.0070774702525642,0.640625,64,0.04146140580139569,0.5092609852583856
203613,-0.010064353951078126,0.05570021153527056,0.05574313178963541,0.055551962194587426,0.03812753461614326,0.03719355301737803,0.04277233246952047,0.04439619726528764,0.04196371113093401,0.04682293941105899,0.048058130789006025,0.0460907235550893,0.04996980411050914,0.05143455325670483,0.06580748574071353,0.04022409265190537,1.63602163286078,0.20930232558139536,86,0.04819188856722138,1.198085162150664
203798,0.03407197771604997,0.1820292838256592,0.18190217346903217,0.17661207965729728,0.14152371241807526,0.1202223999564824,0.13893742632485004,0.14579891469439762,0.1377363115868262,0.15445387602780017,0.16015410018267484,0.1511917281393399,0.16498428915029278,0.17061895626036183,0.14795730610960922,0.029898822907813937,4.948599701259181,0.5968586387434555,191,0.10745173470202529,3.5938449829054377
203894,0.09518115716010596,0.14386866095009881,0.14307402928197888,0.14098987591434725,0.12584944095966932,0.09014599158295054,0.10630656638371984,0.11264159676268999,0.10639191583455271,0.119436493799529,0.1246101534758018,0.11663078121474889,0.12827032942646702,0.13383563582636882,0.05372266936714827,0.05996899052268205,0.895840815376553,0.44545454545454544,110,0.03570344937671878,0.5953651890007166
203897,0.01434683550390767,0.0788844340702448,0.0777774349282497,0.07423499295403996,0.05992050687844791,0.04759527691882253,0.05719168860579997,0.05989541379204617,0.05783409659179105,0.064844287370461,0.06781394281547286,0.06520768348148046,0.07226570554347196,0.07473849135970007,0.06453759856633713,0.024127478894771796,2.67485877193418,0.27889447236180903,398,0.04557367137454024,1.8888700130379408
203901,0.015924695606152905,0.04292104071382499,0.042901343767218304,0.04085621028449989,0.035418136947627694,0.029376819719116733,0.03399420840689575,0.03537719142708807,0.03485758320146325,0.0375738864483054,0.03872254896862488,0.038124250802741,0.040511521574341104,0.04178226514563885,0.026996345107672088,0.017735916695932524,1.5221285468635128,0.13513513513513514,333,0.01949344134147479,1.099094096779634
203903,0.024056588216063674,0.0682469620171983,0.06802393438486487,0.06365902888029558,0.05625902820187284,0.04127340431321601,0.0490552242371276,0.051987549013374365,0.049587875010535666,0.055390466862218365,0.057884345082045346,0.05500870011359185,0.060903531280306324,0.06319570155753594,0.044190373801134636,0.01882899140254987,2.3469326028344915,0.2222222222222222,504,0.03220243998580917,1.7102583615524
203914,0.038639154670687376,0.1267457856020629,0.1267822044012103,0.1254928520782214,0.10835119367291551,0.08494782923275027,0.09712458448743386,0.1018202246142747,0.09701725826963573,0.10691751792916364,0.11073116730117795,0.10545722589305177,0.11460900287282635,0.1180396422167145,0.08814304973052292,0.02283399545347545,3.860167613246463,0.37579617834394907,314,0.06971203900222814,3.0529934695076593
203917,0.042213600593993345,0.19448921947129122,0.19455835965232238,0.1924199392985596,0.15611433618975745,0.12175191974163294,0.14429332732049005,0.15126562389347828,0.14655677882243873,0.16252184524498353,0.1677360972659168,0.1604675394246637,0.17521811785728528,0.18091403725177224,0.15234475905832903,0.03988105628561858,3.8199780358692688,0.6424581005586593,179,0.11390073559576411,2.856011003821822
203918,0.07106997339704034,0.14248977190861842,0.1418542223981372,0.14010855068958905,0.1267750936374683,0.087422591286265,0.10358432841315406,0.1089000165229568,0.10377462498002854,0.11651501296889516,0.12102048005652044,0.11569865845707392,0.1258952174390891,0.13017990183279016,0.07141979851157808,0.024725948300133672,2.888455384790721,0.4263157894736842,380,0.055705120240427966,2.2529012664855737
203922,0.031431886915055496,0.08930014649964678,0.08930014649964678,0.0891975285608564,0.07851968339834689,0.0610321366439612,0.06797500452703954,0.07086498710777875,0.06614149169546865,0.07413356807096691,0.07673106553750297,0.0708263418308229,0.07655974346494007,0.08017859464908052,0.05786825958459128,0.044923243285625636,1.2881585422641946,0.2535211267605634,71,0.047087796483291394,1.0481833687720041
203924,0.011824040750677063,0.08117936455806016,0.07974360176948202,0.07939014551409401,0.06235222693188684,0.05813503027934882,0.064684265657346,0.06700972423519379,0.06538612480340338,0.07091465987981604,0.07301199360902867,0.07066976624962049,0.07551326907725772,0.07736380130962715,0.0693553238073831,0.02940449388630582,2.3586640897663287,0.2555066079295154,227,0.05052818618120978,1.7183831279864887
203926,0.07333495554059002,0.14696425352952092,0.1476627971425319,0.14681316270602474,0.12302272784347504,0.09236004084036782,0.11158390500703137,0.11743247232844171,0.10925040461795786,0.1245515074874711,0.1290008305046429,0.12085722624180409,0.13222397783255357,0.13659878238936637,0.07432784160194186,0.04102492710877816,1.8117726670143877,0.4491017964071856,167,0.049687772302885014,1.2111605261634517
203932,0.013545950814207376,0.0706196881323705,0.0706196881323705,0.0706196881323705,0.06330115650065064,0.04854126603374645,0.05568963761480666,0.0580424728104019,0.056311462222068995,0.06202815491332867,0.06364186709643567,0.06166471345120324,0.06566733030987174,0.0674158655499435,0.05707373731816313,0.0267651331460919,2.1323913094935127,0.22564102564102564,195,0.04975520568644327,1.8589560311493634
203933,0.009228719104700411,0.04603628556647511,0.04587523882500766,0.04515782839616466,0.03699630461755627,0.02869672971921572,0.03422974184782878,0.035771392887459244,0.03299027055189632,0.03804475193387163,0.0393837566086634,0.03667431466521305,0.04063991023937856,0.041782227061717,0.0368075664617747,0.022295901604713682,1.6508669222864278,0.1511627906976744,344,0.02776758551285586,1.2454120943458677
203934,0.060433056642264144,0.1602837646204617,0.1602837646204617,0.15723611899125622,0.1355513220179367,0.10448128472268342,0.121659719027009,0.12850873169462285,0.12174324794245682,0.13663487479967054,0.14115499195474362,0.1377961841807756,0.14777167811991437,0.15207019024372417,0.09985070797819756,0.0645772580809208,1.5462209289387316,0.5166666666666667,60,0.07511826537567257,1.1632309517004111
203935,0.06407108173880342,0.13114830310669487,0.12744442116908009,0.12212705542333142,0.10881949688184192,0.08580901535452201,0.09837619733867331,0.10409646643323561,0.09913934761839481,0.11003211196591375,0.11393697289941848,0.10809268645026977,0.11833804344252612,0.12260651311164007,0.06707722136789145,0.040841265500981695,1.6423884163501035,0.37662337662337664,154,0.0447484151430385,1.0956667134117792
203937,0.04920903014472466,0.06434791811734843,0.06369591997887715,0.06115339565077314,0.05160125431154475,0.040941010732097605,0.04842235397386845,0.05093583746006212,0.04649588325660208,0.052920307140382705,0.0548348627304626,0.05154679417732406,0.056060598730892724,0.05917536060467303,0.023406907385250822,0.06377553188171632,0.3670201830486231,0.1702127659574468,94,0.010660243579447143,0.1671525625096873
203940,0.06723882351128334,0.09904143801101517,0.09904143801101517,0.09837580756603156,0.0933403761662101,0.05952802045563925,0.07096148521546533,0.07698191131871658,0.06831428011161836,0.08085260329464691,0.08402759965671343,0.07677140609545113,0.08578174743464165,0.08827186645221931,0.03951341755537592,0.06723845447506673,0.5876610023811335,0.27692307692307694,65,0.033812355710570854,0.5028722919725811
203943,0.023693014326210526,0.05453882382984633,0.05453882382984633,0.05453882382984633,0.04572040879564079,0.03245862545885902,0.04179901209284617,0.04524198373879958,0.042906886729026567,0.04776584160517655,0.04916591014881683,0.04773174813968887,0.051557711103888744,0.05290100123166999,0.030845809503635805,0.023232167061235133,1.3277198559364998,0.1487603305785124,121,0.022027394469430268,0.9481420485385915
203944,-0.0006482893306981157,0.014245371972550191,0.014245371972550191,0.014178568502074072,0.010554490576144097,0.008637770060307129,0.010361411612446166,0.011099369070893636,0.010522891553466297,0.012268466681057797,0.012658227511428147,0.011616699359620276,0.012876836582181377,0.013396381850123321,0.014893661303248307,0.010537084232852255,1.41345185955838,0.04591836734693878,392,0.011202779906842214,1.0631764593771083
203952,0.011879762053986194,0.05302794536967191,0.05274822648782075,0.050855923113677724,0.04361050326361694,0.032590426582988094,0.0385046975318218,0.04053478695158755,0.039108933052982256,0.043464388719786765,0.04518065751320529,0.04274960113905415,0.0473055820117052,0.04881256216727494,0.04114818331568572,0.015493979596711883,2.6557530335471813,0.17567567567567569,592,0.03173074120963075,2.047940040941103
203960,0.017322043008236428,0.058901413304023584,0.058901413304023584,0.058898645477530855,0.05436773856725457,0.035888171621004654,0.04109819450304364,0.04401787585863491,0.04120337833803063,0.04734211858466412,0.048873210591534474,0.04696033989752352,0.0510095557251337,0.05275855988723052,0.041579370295787156,0.03165306323796351,1.313597043774215,0.16923076923076924,130,0.03704569555901814,1.1703668387641832
203999,0.01022327886242988,0.03314425089970289,0.032963891243149315,0.03260649172397728,0.027635091538971306,0.019989319868603563,0.02447578083715688,0.026036247397186123,0.02547357978911571,0.0288893477858792,0.029803375626729293,0.02859153575020345,0.03108253862998575,0.03184624510702971,0.02292097203727301,0.0155948453693814,1.469778731007848,0.09787234042553192,235,0.017411812676541426,1.1165107613524288
204001,0.0317917299940697,0.07885823586676519,0.07875758129933552,0.07620034426424978,0.05839463812884422,0.05020702609539623,0.06042052447374727,0.0640477643125402,0.06293706616389762,0.06949270708127443,0.07186004832179617,0.07055111016505701,0.07523822196808815,0.07755205771474913,0.04706650587269549,0.019131210126849412,2.460194915043074,0.2556701030927835,485,0.02660290813477452,1.3905502034834203
204020,0.03216070573295456,0.10038002165071816,0.10038002165071816,0.10038002165071816,0.09471032092418717,0.06560711189180297,0.07780586006645406,0.0811278411270712,0.07732179716275284,0.084781077510461,0.08821762595413304,0.08425433776215718,0.09075528767507923,0.09376783010064094,0.06821931591776359,0.031148957361647273,2.1900994991813074,0.30857142857142855,175,0.06254961519123262,2.0080805423120833
204038,0.06481150047606248,0.1193051410567022,0.11920436492580774,0.11807569411674389,0.11099684467607931,0.07205986848649473,0.0859284317071867,0.0902704388173387,0.0868556043446411,0.09636178001092095,0.10013067232669423,0.09606224678991993,0.10439054213198727,0.1076622425532989,0.05449364058063973,0.033651160346050916,1.6193688425675565,0.35,260,0.04618534420001684,1.3724740462162652
204060,0.1256323441314041,0.22182006195748027,0.2208819066802949,0.2198382907053502,0.1994762290895144,0.146030638270285,0.16970390899041965,0.17780072466980446,0.1710226307005309,0.18841950240956434,0.19494175146531267,0.1877323357003239,0.2035948395035182,0.20953913442811317,0.09618771782607619,0.04396457958480186,2.1878457325070695,0.6576576576576577,111,0.07384388495811031,1.6796222244244419
204456,0.06853409476680834,0.08788517981912415,0.08753610138146456,0.08680440197130446,0.08222056245413627,0.0580559081084576,0.07117144354754061,0.07417308055969592,0.07085077264050424,0.07787504169437506,0.08025965185308917,0.07748790054273276,0.08334469839751252,0.08543481548277812,0.02982927171066655,0.05025181746707564,0.5935958780040208,0.24858757062146894,177,0.024164654345678667,0.48087125130371744
1626144,0.037135164048156734,0.08400138280130424,0.08352010264236927,0.08227016126795329,0.07314248460189869,0.05161106971251048,0.06116148042163531,0.06458994946220269,0.0628617399470029,0.0691493394240723,0.07203726120778943,0.06975524733407647,0.07565519909000336,0.0780242223390144,0.04686621875314751,0.023727466344376936,1.9751885040289656,0.25748502994011974,334,0.03600732055374196,1.5175375251253984
1626148,0.05345372524947498,0.16981160318053123,0.16953702357881054,0.16857040433802953,0.15394805035365441,0.10983482034818731,0.12584564380987284,0.13212402461441058,0.12720408585092155,0.14070885992958954,0.14563212924566324,0.136909260678577,0.15282609445086237,0.15718552112379283,0.11635787793105626,0.07515823836546934,1.5481719697213614,0.5072463768115942,69,0.10049432510417944,1.337103254276786
1626154,0.11608532585581097,0.1960500226082321,0.1952307355626938,0.18999006449099348,0.17463934881865928,0.12050081898181621,0.14301970894458224,0.15185744664455827,0.14282056198666693,0.16147022000228606,0.168648054363708,0.1571071127129774,0.17602618174095805,0.181138277649442,0.07996469675242113,0.07703451499438813,1.0380372584710433,0.639344262295082,61,0.05855402296284831,0.7601011438458969
1626156,0.05781173797115483,0.1287322503661563,0.12852665724336781,0.12609193812456707,0.10673631212419683,0.07998785104780502,0.0949260352509208,0.10049772187554658,0.09641279361049834,0.10780153008923338,0.11156974889968974,0.10595795339072367,0.11687342143596573,0.12090540630198614,0.07092051239500147,0.026647576660900382,2.6614244626252317,0.40919037199124725,457,0.048924574153042,1.8359858675189908
1626157,0.008845707646410144,0.022021200327361518,0.022318236280153673,0.02139504401995544,0.01731393974781274,0.013540722236960429,0.01669906789268267,0.017578242055431702,0.017037452787746068,0.01897166207184164,0.019715146106963965,0.019118841020538693,0.020831270107028677,0.021537145777788366,0.013472528633743529,0.012583687944095662,1.0706343556512712,0.0668103448275862,464,0.008468232101402596,0.6729531230449765
1626158,0.0007573701709052837,0.051277301821666545,0.05129956594495212,0.05119342274984863,0.03599268416558442,0.02848257094880703,0.04152822794641353,0.044451181743397246,0.03933143999027818,0.04769021758704904,0.049296640015554116,0.045213523714676046,0.05244912080945726,0.05398883797164568,0.053231467800740395,0.04021982452965414,1.3235131784698053,0.1927710843373494,83,0.035235313994679135,0.87606831722252
1626159,0.059089424403609085,0.12348761776170926,0.12348761776170926,0.12348761776170926,0.11774609191219347,0.09038717627382477,0.10220087435102887,0.10503251915603953,0.10133950824547919,0.10977568222975274,0.11239651421841979,0.10862630318754786,0.11514124544918458,0.11755823357333063,0.06439819335810018,0.0271397365305485,2.372837823448048,0.33544303797468356,158,0.058656667508584386,2.1612836013555405
1626162,0.02038119385084422,0.1371465208014495,0.1371465208014495,0.13657279228799257,0.11679985542469333,0.09360972360240957,0.10793100399805756,0.11176591271075868,0.10918100934354018,0.11756113049899457,0.12101238974397178,0.11696317870709622,0.12672800937684806,0.12944283400231968,0.11676532695060529,0.0491556780396614,2.3754189059581856,0.4117647058823529,102,0.09641866157384911,1.9614959129656075
1626163,0.03755990896297069,0.11125619275306538,0.1111786643052638,0.11017356550740859,0.07686862938888311,0.07019700256963043,0.08438265730463106,0.08945565865789021,0.08820933605461283,0.09629176116565592,0.09914384767066967,0.09697940839010387,0.10392556804469895,0.10723376097847769,0.07369628379009469,0.029136339015621276,2.529359771335131,0.3467741935483871,248,0.03930872042591242,1.3491303902263523
1626164,0.037879545334689645,0.11725026144582747,0.11697412955425021,0.11623954594181429,0.09572564615263146,0.07368094516698676,0.08738047624324739,0.092296919971732,0.08904386875836612,0.09997768677692172,0.1029857908344876,0.09902619082803264,0.1077915838774471,0.11076479160685766,0.07937071611113783,0.031608465141706794,2.5110588494349133,0.35714285714285715,224,0.057846100817941816,1.830082560434576
1626166,0.0482595300784226,0.1172769309703846,0.11239575929539661,0.10936499040661098,0.09013416469080746,0.06566778877197538,0.08320310914390248,0.08812358716579452,0.08468918191688457,0.09524089752505317,0.0993048211464101,0.09388275269507407,0.10297511099764758,0.10739171083731996,0.069017400891962,0.062008484455071615,1.1130315713806667,0.3917525773195876,97,0.04187463461238486,0.6753049196473302
1626168,0.041809324774374074,0.0668048874759006,0.0668048874759006,0.0668048874759006,0.05726953688654766,0.04826326904144183,0.05443024650725983,0.05575224250189445,0.054977547539919264,0.05894007886398194,0.060739167467132656,0.05914627614714706,0.06303973370482674,0.06405321111222274,0.02499556270152653,0.0409578336077526,0.6102755077552566,0.1702127659574468,141,0.015460212112173584,0.3774665491401195
1626169,0.037469427496379645,0.10132636791430712,0.0999808207014982,0.09877352014424898,0.08522519177916309,0.06392999340465376,0.07641285594540496,0.0807959141722573,0.07667411918643559,0.08625126889313449,0.08905107663873812,0.0835935502953268,0.09190522150187559,0.09487423147894662,0.06385694041792747,0.028942855722041437,2.206310981583521,0.328,250,0.04775576428278344,1.6500018084398986
1626170,0.012980660561190297,0.05851157218962081,0.05733149838384601,0.051429132965785586,0.04304864049350838,0.035693933204570746,0.04239170674205168,0.04453587634661615,0.044593624201617374,0.04950629143857457,0.051280112164650844,0.0494952238907849,0.05526325004292081,0.05654501728897826,0.04553091162843051,0.03828237902251694,1.189343838888647,0.22282608695652173,184,0.030067979932318082,0.7854261072602801
1626171,0.030191739320348465,0.06047836485291888,0.06047836485291888,0.06047836485291888,0.05196297921039043,0.04173755073599164,0.04816309809125479,0.04997752070375824,0.049173535374511475,0.05313648552826727,0.054605433060992116,0.05340137911722082,0.057332199348925854,0.05815406156790806,0.030286625532570416,0.03723515868083964,0.8133878464751977,0.16842105263157894,95,0.02177123989004196,0.5846957730636702
1626173,0.07505586308328135,0.15786135568637147,0.15786135568637147,0.1568329553384697,0.1410954472658838,0.1058372481822847,0.12206476860815091,0.1271097467557796,0.12085912727191594,0.1327804165395406,0.13719715215089984,0.12733032525395294,0.13867472575140988,0.14314942223063976,0.08280549260309011,0.0568173749874784,1.4573973651781529,0.46153846153846156,78,0.06603958418260245,1.1623131867172052
1626209,0.07003612480633332,0.14213498043707698,0.14202650075501422,0.1403624441964522,0.12533732427991315,0.08884312855266827,0.10583503363006544,0.11224278120662404,0.10636933560930434,0.12134663471845346,0.12503286452799844,0.11794425390301087,0.12924908601290394,0.1333592878833115,0.07209885563074366,0.04232145120009022,1.7036007411435352,0.4462809917355372,121,0.05530119947357982,1.3066943099876958
1626273,0.04116432469062563,0.08942369027074837,0.08942369027074837,0.08901668311941019,0.07209507274631788,0.059855061386329914,0.06650129015714848,0.06945546022931665,0.06715098940340729,0.07436973087908974,0.07729450184563429,0.07494326476591752,0.08112622437391592,0.08295871071632366,0.04825936558012274,0.03698939066776971,1.304681280467077,0.2753623188405797,69,0.03093074805569225,0.8362059362779233
