game_id,team_id,n_shots,n_3pa,ep_obs_total,dep_total,3pa_rate,dep_per_shot,dep_per_3pa,dep_share,dep_share_boot_mean,dep_share_se,dep_share_ci_lower,dep_share_ci_upper
21500001,1610612737,82,24,86.6932058930397,3.279660379997023,0.2926829268292683,0.039995858292646624,0.13665251583320928,0.03783065058227747,0.037791852579778726,0.009428002090935852,0.020572675053428677,0.0554471949142883
21500001,1610612765,95,25,88.91133020073175,3.0168824732428328,0.2631578947368421,0.031756657613082453,0.1206752989297133,0.03393136135104189,0.033894122958897786,0.015147641976256558,0.0009635706547500457,0.06039970365665639
21500002,1610612739,94,27,94.50163410604,3.9166177164843607,0.2872340425531915,0.04166614592004639,0.14505991542534669,0.04144497344976634,0.040665907358981845,0.012794390404125196,0.020601627763078088,0.06629184139963058
21500002,1610612741,87,24,86.97055500745773,3.6754929340092257,0.27586206896551724,0.04224704521849685,0.15314553891705107,0.04226134849540804,0.044677607274138206,0.01466347379038088,0.016985243620786922,0.07444333334301591
21500003,1610612740,83,19,78.36154842376709,3.3958603814210195,0.2289156626506024,0.04091398049904843,0.17872949375900102,0.04333579988818921,0.04292288300488801,0.011425909777786828,0.023547029749059,0.06530148376769859
21500003,1610612744,96,31,102.15400109440088,2.0464762340845795,0.3229166666666667,0.02131746077171437,0.06601536238982514,0.02003324600270354,0.019992868899235492,0.01158173696551399,-0.000754978643030529,0.041314244615601486
21500004,1610612753,100,27,97.81401000916958,3.2833009591191624,0.27,0.03283300959119163,0.12160373922663564,0.033566775953785856,0.032691380074146605,0.009859922006290578,0.012561258151455043,0.04919054699565994
21500004,1610612764,83,24,79.30622594058514,4.296200157129253,0.2891566265060241,0.05176144767625607,0.17900833988038556,0.05417229361472695,0.05368167458561102,0.013471764051752455,0.026567533935667822,0.07988827740308778
21500005,1610612738,85,21,87.57175867259502,2.9103587127524744,0.24705882352941178,0.03423951426767617,0.1385885101310702,0.033233987267898175,0.034249432353783554,0.01385960268623047,0.009016785610597065,0.061677125747641795
21500005,1610612755,83,22,79.3895325511694,3.929258382581686,0.26506024096385544,0.047340462440743206,0.17860265375371298,0.04949340619998157,0.04911390214384076,0.012986658471275326,0.024644529422007965,0.07723064563495788
21500007,1610612762,75,12,72.8416443914175,1.8272352725627368,0.16,0.024363136967503158,0.15226960604689474,0.025085036009676202,0.025422699010649818,0.00947963193950496,0.009238254361063944,0.04571045529275407
21500007,1610612765,74,17,72.45226323604584,2.1914401376920227,0.22972972972972974,0.029614055914757065,0.1289082433936484,0.030246676084533353,0.02924958587108748,0.009359613136514117,0.013443821214438122,0.04886616022975827
21500009,1610612754,86,22,85.55778419971466,2.5034831431003037,0.2558139534883721,0.029110269105817484,0.11379468832274107,0.0292607290676966,0.029319510749189533,0.010153700330629609,0.010478132982524759,0.04796219594925229
21500009,1610612761,80,16,78.95594242215157,2.629716403043356,0.2,0.03287145503804195,0.16435727519020976,0.03330612392646932,0.03222454749594016,0.011653099392725602,0.01018864630457461,0.05517567200780695
21500010,1610612743,79,32,83.3942998945713,4.834112954048872,0.4050632911392405,0.061191303215808505,0.15106602981402725,0.05796694690356837,0.05722559430029008,0.013136960377503983,0.033944736858964354,0.0815133061220539
21500010,1610612745,87,33,88.74122130125761,2.5288072511024033,0.3793103448275862,0.029066750012671304,0.07663052276067889,0.028496421550449926,0.025562491830305564,0.016714098888497893,-0.008724799435938888,0.057205692348911194
21500011,1610612739,84,30,87.5040974020958,5.227541779669844,0.35714285714285715,0.062232640234164804,0.17425139265566145,0.05974053712763215,0.05870363422833249,0.011966343922591901,0.03568990107246421,0.07903126146961634
21500011,1610612763,82,14,77.20173940062523,2.7846646442038003,0.17073170731707318,0.03395932492931464,0.1989046174431286,0.03606997285065378,0.0369524100754703,0.010827272384897318,0.018791383157077495,0.05983562798549102
21500012,1610612749,86,18,88.36256816983223,4.20396169035661,0.20930232558139536,0.0488832754692629,0.23355342724203387,0.04757627327305183,0.047050331149937515,0.010119285876201761,0.026093953938500895,0.06781524099246974
21500012,1610612752,93,24,97.20650216937065,3.964537440267637,0.25806451612903225,0.042629434841587495,0.16518906001115155,0.04078469394320872,0.04045417456931129,0.00972111435166263,0.02105434098321103,0.059108960964226166
21500013,1610612759,92,17,89.846974670887,2.0254597718820806,0.18478260869565216,0.022015867085674788,0.1191446924636518,0.022543438766874674,0.02030422670651861,0.01286925048904838,-0.005927132535966542,0.042854703881745
21500013,1610612760,84,19,81.34632152318954,1.9641629536592435,0.2261904761904762,0.023382892305467185,0.10337699756101282,0.02414568866644223,0.02443168459546787,0.011803086363726286,0.0023835136585709984,0.04476289165786939
21500015,1610612740,91,30,94.23341384530067,5.991977905927098,0.32967032967032966,0.06584591105414393,0.1997325968642366,0.06358655238537675,0.06421866132196435,0.013798501792266396,0.039908971744756,0.0916526820716908
21500015,1610612757,88,31,94.11930912733078,7.299230933872944,0.3522727272727273,0.082945806066738,0.23545906238299819,0.07755295912763305,0.07662888133803752,0.013676781925539951,0.049411907613385174,0.1058367699117059
21500016,1610612746,80,21,79.16439098119736,2.7134856225573847,0.2625,0.033918570281967306,0.1292136010741612,0.034276593161714275,0.036273273879841715,0.010800713336200965,0.014885721225978445,0.05935470494388806
21500016,1610612758,93,24,94.40380526334047,0.23915832630165346,0.25806451612903225,0.002571594906469392,0.009964930262568894,0.0025333547269044783,0.00230338871609489,0.01357960417904549,-0.024563852280550854,0.025776556576168997
21500018,1610612754,78,30,73.16851615160704,2.3209161327219765,0.38461538461538464,0.029755335034897135,0.07736387109073255,0.031720147609840536,0.031225255804190243,0.01473078454187313,0.0025235647223243256,0.06002517231218159
21500018,1610612763,82,17,75.58111832290888,2.0332643174228275,0.2073170731707317,0.024795906310034484,0.11960378337781338,0.026901749571050453,0.02610729709893941,0.015259683589215834,-0.0010374972933048828,0.05242833535896684
21500019,1610612737,83,21,86.29870453476906,2.30872255645035,0.25301204819277107,0.02781593441506446,0.10993916935477858,0.026752690772086668,0.02733167712079492,0.007921502058097626,0.013980780075870862,0.041977916721691384
21500019,1610612752,93,24,90.820108294487,3.5836987174008303,0.25806451612903225,0.03853439481076162,0.14932077989170126,0.03945930900875582,0.04002864275875766,0.01220493288517499,0.015997444430202245,0.06318168149177543
21500020,1610612742,97,29,96.63011808693409,3.7795419467062454,0.29896907216494845,0.03896434996604377,0.13032903264504295,0.03911349816737209,0.03938310184981378,0.009484170771339099,0.022288978412641408,0.060516347996535165
21500020,1610612746,87,33,89.81919288635254,6.323952610858995,0.3793103448275862,0.07268911046964362,0.1916349276017877,0.07040758670433209,0.07066588430483076,0.01674421174499643,0.04449784003135848,0.1021613648017227
21500021,1610612739,84,21,80.86450715363026,2.086234592138957,0.25,0.02483612609689235,0.0993445043875694,0.02579913815804787,0.026567373859147318,0.014464937586846045,-0.0016447119445271332,0.05076261237698467
21500021,1610612748,76,18,74.27209132909775,2.103217236713392,0.23684210526315788,0.027673911009386737,0.11684540203963288,0.028317732799445352,0.027993271022064645,0.007551444109596528,0.013957753305290544,0.0435641883053189
21500022,1610612753,105,30,109.71189187467098,4.02944361545296,0.2857142857142857,0.03837565348050438,0.13431478718176534,0.0367275009718726,0.03626842861075939,0.009543246038670778,0.01919960938800341,0.056113949638507375
21500022,1610612760,107,27,104.04942882061005,4.012304506462651,0.2523364485981308,0.03749817295759487,0.1486038706097278,0.038561523613745166,0.037629317280851886,0.011047784595386873,0.01842143038128455,0.061379990382077025
21500023,1610612755,61,12,57.63870316743851,1.6761435515777752,0.19672131147540983,0.027477763140619265,0.13967862929814792,0.029080174595681553,0.028755300519082462,0.010343141427282803,0.010667793253779655,0.05008591454152007
21500023,1610612762,87,12,86.41214856505394,3.0544865880210383,0.13793103448275862,0.03510904124162113,0.2545405490017532,0.035347883818922975,0.03569053821571742,0.01082716771098414,0.01769609412466087,0.0590228551319094
21500025,1610612741,84,23,79.06278410553932,1.527226038827863,0.27380952380952384,0.01818126236699837,0.06640113212295055,0.01931662356829225,0.020083628890513013,0.012254779485031498,-0.004022028120500184,0.04493486837692182
21500025,1610612765,104,27,102.70009054243565,3.4344621290270165,0.25961538461538464,0.03302367431756747,0.1272023010750747,0.03344166602859905,0.03215902125593694,0.010090646008478732,0.013308086493202295,0.04996251174289955
21500026,1610612737,83,21,82.10500743985176,2.891173993036583,0.25301204819277107,0.0348334216028504,0.1376749520493611,0.03521312625365256,0.03602835144201372,0.00807932189759451,0.02138836781203759,0.051688657900201766
21500026,1610612766,88,26,86.16245799511671,3.536902320989467,0.29545454545454547,0.04019207182942576,0.13603470465344103,0.0410492272770343,0.04053993152828313,0.015333692671218663,0.010253956922809143,0.06764294087204276
21500028,1610612751,74,19,69.74158018827438,4.036283402076947,0.25675675675675674,0.05454437029833712,0.21243596853036562,0.05787484870834007,0.05732131450732866,0.014222940774934658,0.031712944557617855,0.08652772437312087
21500028,1610612759,84,22,80.24572552740574,2.8666500057023367,0.2619047619047619,0.034126785782170675,0.13030227298646985,0.0357233981855309,0.03652570471516674,0.011450355372358742,0.015045250694859222,0.05899517596428051
21500029,1610612743,95,23,95.62999129295349,2.791064425637251,0.24210526315789474,0.029379625533023698,0.12135062720161961,0.029186078424780857,0.02920607288405309,0.008909205688502887,0.011794850236894415,0.0487947824985405
21500029,1610612750,71,10,65.53813314437866,1.4024010592007512,0.14084507042253522,0.019752127594376778,0.14024010592007513,0.021398245447597677,0.021605206181521862,0.007126606319548799,0.008958095150649034,0.03692348137354672
21500031,1610612747,89,34,92.87622866034508,6.446852628650813,0.38202247191011235,0.07243654638933497,0.18961331260737685,0.0694133765080773,0.06914654370265846,0.014102702385491649,0.045903592995413925,0.09749335238847102
21500031,1610612758,101,21,108.58139881491661,3.44057919020384,0.2079207920792079,0.03406514049706772,0.16383710429542095,0.031686635351498,0.03198861524166786,0.006954705744633091,0.018701508918704274,0.04651477875706815
21500032,1610612756,83,18,85.29997134208679,1.7393179587690115,0.21686746987951808,0.02095563805745797,0.0966287754871673,0.020390604256989197,0.02144229870260306,0.012941446792195287,-0.0028756473046714017,0.04589732856121308
21500032,1610612757,86,22,85.26796285808086,2.8916989812908858,0.2558139534883721,0.03362440675919635,0.13144086278594935,0.03391307689740167,0.03487027221817456,0.010464167658402036,0.01530505165533188,0.05370960106523275
21500033,1610612754,70,17,70.50628879666328,1.531056182046243,0.24285714285714285,0.021872231172089186,0.09006212835566135,0.02171517191128489,0.022402769330530217,0.009876725996772024,0.004180502471713891,0.04429197286823717
21500033,1610612762,87,14,82.880152374506,0.8219777824424567,0.16091954022988506,0.009448020487844329,0.05871269874588976,0.009917667365381168,0.010958587575242228,0.01534202203769392,-0.024530491622058274,0.03811164909370592
21500034,1610612752,86,16,81.62315003573895,2.052335609877704,0.18604651162790697,0.02386436755671749,0.1282709756173565,0.02514403829035124,0.02504452349854848,0.010496132947335628,0.008418249848600559,0.04593820667999921
21500034,1610612764,90,23,88.51095855236053,1.422140373769937,0.25555555555555554,0.015801559708554853,0.061832190163910304,0.016067393202262515,0.015243579277474719,0.013355986454606015,-0.01030223195511831,0.03865654595635755
21500038,1610612746,76,16,77.58419465273619,1.2180693344235114,0.21052631578947367,0.016027228084519885,0.07612933340146946,0.015699967498219735,0.013763587416264307,0.014347156474555952,-0.01752397145102871,0.03873231940485665
21500038,1610612758,101,22,95.30775347352028,1.4861606532609328,0.21782178217821782,0.014714461913474582,0.06755275696640604,0.015593281754079312,0.01473040667225284,0.009289682943993892,-0.005350478563703642,0.031719574597647335
21500039,1610612737,88,28,85.10144855082035,3.6170064010934304,0.3181818181818182,0.0411023454669708,0.12917880003905108,0.042502289475524604,0.04368107545926697,0.01218557537151943,0.0185413840504674,0.06733919708317014
21500039,1610612766,86,34,84.80059383809566,2.7252011825600344,0.3953488372093023,0.03168838584372133,0.08015297595764807,0.03213658135181324,0.03228648752382666,0.013547485357609822,0.00517139209937661,0.05560156914713804
21500040,1610612738,97,21,90.40581700205803,1.0991074073946798,0.21649484536082475,0.011331004199945153,0.05233844797117523,0.012157485478723778,0.012484087593749053,0.008176909740864578,-0.001858892518356724,0.028901024688434057
21500040,1610612759,83,18,76.30314588546753,-0.8592202047537725,0.21686746987951808,-0.010352050659684005,-0.04773445581965403,-0.01126061310818663,-0.011365094431632956,0.01412972956536343,-0.04149056054657356,0.01434863689699061
21500041,1610612745,79,36,79.14982235431671,3.183940580083382,0.45569620253164556,0.040303045317511166,0.08844279389120506,0.04022675585840699,0.041017130460165196,0.01958282377767588,-0.0019311076962792982,0.07422410239157047
21500041,1610612748,86,21,93.78642171621323,4.169902801409499,0.2441860465116279,0.048487241876854645,0.19856680006711902,0.04446168992380516,0.04553578795688709,0.010146558057423996,0.026617831799324428,0.06526274174533918
21500044,1610612743,92,24,90.58006746321917,3.3929528950517254,0.2608695652173913,0.036879922772301364,0.1413730372938219,0.03745805219707375,0.03722333756973795,0.012632787436420134,0.011298527206620132,0.059384052087495545
21500044,1610612760,86,24,84.5925561785698,2.9025778021270208,0.27906976744186046,0.03375090467589559,0.12094074175529253,0.0343124493838424,0.03581965797839528,0.0110797311586821,0.012608222951323156,0.057161067377950056
21500045,1610612742,87,30,85.45747351646423,4.894577170529722,0.3448275862068966,0.056259507707238185,0.16315257235099073,0.05727500438667582,0.05605166714008337,0.010455581719447313,0.036156652058516627,0.07775851971005296
21500045,1610612747,85,32,84.82937264442444,4.411998860396245,0.3764705882352941,0.05190586894583817,0.13787496438738264,0.05201027336238624,0.05181260691504159,0.015366554310595878,0.01741366260484584,0.08092245564805312
21500046,1610612739,81,21,82.62760278582573,2.4033795919793106,0.25925925925925924,0.029671352987398897,0.11444664723711002,0.02908688514428977,0.027814488413458217,0.0073073394710600785,0.013757196886584817,0.04187934298465761
21500046,1610612755,84,21,83.56406690180302,-0.2709922236094602,0.25,-0.0032260979001126214,-0.012904391600450486,-0.003242927656069036,-0.0038519432292071394,0.008817413083159604,-0.022225125426167672,0.013954991342851298
21500048,1610612752,89,12,82.5942547917366,2.469669511558757,0.1348314606741573,0.02774909563549165,0.2058057926298964,0.02990122639626797,0.03047362572647619,0.01042500176037304,0.011491584106825221,0.05059931645194724
21500048,1610612759,79,10,75.38541567325592,1.8308166734821392,0.12658227848101267,0.023174894601039737,0.1830816673482139,0.024286085804945002,0.02576762660544648,0.009773109217482813,0.008868279742552719,0.04893223505920068
21500049,1610612745,88,24,93.15904031693935,1.9116335978297765,0.2727272727272727,0.02172310906624746,0.07965139990957402,0.020520108315050762,0.018731689890890323,0.01447969210945492,-0.00983347245144467,0.04637659321166885
21500049,1610612760,84,23,86.68856324255466,1.04828653242664,0.27380952380952384,0.012479601576507618,0.04557767532289739,0.0120925586169139,0.011390367518802479,0.009064563807568081,-0.006816111798921585,0.027890833780295977
21500051,1610612744,84,22,87.7527961358428,1.3600579278750784,0.2619047619047619,0.01619116580803665,0.06182081490341265,0.015498741781056024,0.015187641540389676,0.010347143135539996,-0.007974248467219058,0.03278420226604178
21500051,1610612763,96,26,94.1600074917078,4.004201280398956,0.2708333333333333,0.04171043000415579,0.15400774155380598,0.04252549874479976,0.04203713863709023,0.01059830302057399,0.02174492655186562,0.06497225285288918
21500052,1610612746,81,25,75.52092224359512,1.4249834381165394,0.30864197530864196,0.01759238812489555,0.056999337524661575,0.01886872400101538,0.018342414250164422,0.010931333662565206,-0.0026669887851730515,0.03900657000025897
21500052,1610612756,98,24,94.78343565016985,-0.8702500416298788,0.24489795918367346,-0.008880102465611009,-0.03626041840124495,-0.009181457030549402,-0.010779564230953607,0.012408260991195191,-0.03382960732208202,0.013315455676612804
21500053,1610612741,90,29,87.6749048680067,3.3853043585171747,0.32222222222222224,0.03761449287241305,0.11673463305231636,0.038612010627370526,0.03851358617290219,0.014632044296221527,0.009064838498358195,0.06280268857796492
21500053,1610612766,91,25,90.9705630838871,4.040673196727501,0.27472527472527475,0.04440300216184067,0.16162692786910005,0.04441737040806768,0.04372445286382778,0.010001658442255434,0.02413683231905452,0.06453765401041797
21500054,1610612754,88,23,81.3615470379591,1.009685146375472,0.26136363636363635,0.011473694845175818,0.04389935419023791,0.012409856782890387,0.01225622069332125,0.012393370894526025,-0.010013840691616729,0.04044341147823418
21500054,1610612765,85,25,81.587017968297,3.781360813142312,0.29411764705882354,0.04448659780167426,0.15125443252569248,0.046347579643267134,0.04561104563916446,0.012614463423573629,0.02197699980989534,0.06690910463086198
21500056,1610612740,90,39,94.48447276651859,6.656674459745603,0.43333333333333335,0.07396304955272892,0.17068396050629753,0.07045257559085893,0.06975611906182311,0.013960419971947377,0.044640326431987176,0.09723761293830084
21500056,1610612753,89,17,86.84172454476357,2.1885294925401064,0.19101123595505617,0.024590219017304567,0.12873702897294745,0.025201359185491577,0.025873714805955236,0.00825600073656062,0.010621802358279064,0.041422495096163706
21500057,1610612742,83,19,80.74974910914898,3.704141577108996,0.2289156626506024,0.04462821177239754,0.1949548198478419,0.045871864841364754,0.04665337135692869,0.014225607879093362,0.017173472123755133,0.0715168876920522
21500057,1610612761,81,21,78.35070985555649,2.6600137165745297,0.25925925925925924,0.0328396755132658,0.12666731983688237,0.03395009083489352,0.032968415171716885,0.015168249691813478,0.0002779199178323774,0.05788727628191785
21500058,1610612758,74,16,73.19352823495865,2.270131593828267,0.21621621621621623,0.030677453970652257,0.1418832246142667,0.03101546883408755,0.029915258341330294,0.013343413753595214,0.002233518115702899,0.054098761457459225
21500058,1610612763,83,16,78.10502527654171,1.509921246921079,0.1927710843373494,0.01819182225206119,0.09437007793256744,0.0193319346812192,0.017472278371679396,0.01218703304339696,-0.005077823383416063,0.03990353044668967
21500059,1610612743,84,22,90.01477810740471,2.562184324573963,0.2619047619047619,0.03050219434016623,0.11646292384427105,0.02846404088800609,0.02943485879206242,0.015440885278212881,-0.0002096000262031027,0.06065805181617427
21500059,1610612747,85,23,84.27533683180809,3.397766619849023,0.27058823529411763,0.03997372493940027,0.14772898347169666,0.040317449298720595,0.04085533320791364,0.012611871451956502,0.015298652983975293,0.06413040177768994
21500060,1610612738,81,23,80.48542007803917,4.50792054386755,0.2839506172839506,0.055653340047747524,0.19599654538554565,0.05600915718022769,0.056435245837482564,0.01144240440251685,0.03229455243125479,0.07880874414115642
21500060,1610612754,89,26,83.7465243563056,3.7671955675898396,0.29213483146067415,0.0423280400852791,0.14489213721499383,0.044983306430270896,0.04491180266600555,0.016341281292481132,0.013059408046593125,0.0745826591825033
21500061,1610612759,78,19,73.97166453301907,1.322020604254051,0.24358974358974358,0.016948982105821166,0.06958003180284479,0.01787198669382294,0.017499002275543196,0.016005706891985442,-0.015617009527638651,0.04725080700281929
21500061,1610612764,85,21,81.1794847548008,3.0729157357710797,0.24705882352941178,0.036151949832600935,0.1463293207510038,0.03785335352956097,0.0377836118491695,0.012656942734960751,0.01339009028612842,0.05892460352411006
21500062,1610612737,75,20,75.84301255643368,1.6685653715593225,0.26666666666666666,0.022247538287457635,0.08342826857796612,0.02200025177425234,0.022327388494754505,0.01346274575013911,-0.002167772842898592,0.04725106027509125
21500062,1610612751,83,17,80.32842555642128,4.224886900134355,0.20481927710843373,0.05090225180884765,0.24852275883143266,0.05259516629224693,0.05132203139227645,0.012205721039248735,0.027367714806053503,0.07545521355786078
21500064,1610612745,87,30,85.49621127545834,3.237971370427779,0.3448275862068966,0.03721806172905493,0.1079323790142593,0.03787268841651276,0.03706699659190251,0.013849290018261037,0.00922922790000848,0.06189711530101034
21500064,1610612753,90,21,91.4490197300911,0.9484826544686596,0.23333333333333334,0.010538696160762886,0.04516584068898379,0.01037170936624664,0.009865238035440056,0.012712688871272094,-0.01757688654987942,0.03425037755629267
21500065,1610612749,85,18,81.93874660134315,1.9118814224628877,0.21176470588235294,0.022492722617210442,0.10621563458127153,0.023333056725467996,0.02330790151008423,0.00923179291821497,0.006381402756731337,0.03998940220563813
21500065,1610612755,79,24,81.63707612454891,1.8527224190554397,0.3037974683544304,0.02345218251968911,0.07719676746064331,0.022694619981598184,0.022201071831708167,0.012262341052008487,-0.0018186853673368246,0.045447644489194486
21500066,1610612760,82,21,82.24281184375286,2.1083040140841565,0.25609756097560976,0.02571102456200191,0.1003954292421027,0.02563511590641587,0.025138596780223857,0.01213667250249607,0.00021745230894554434,0.0486700152155465
21500066,1610612761,79,11,78.36936861276627,2.054557490441276,0.13924050632911392,0.02600705684102881,0.18677795367647965,0.026216333330349062,0.02627295967683632,0.008257844475032118,0.010788557918444774,0.04268578346776028
21500067,1610612756,83,23,84.5406056791544,0.7609411541489085,0.27710843373493976,0.009167965712637453,0.03308439800647428,0.009000895463616694,0.009662252857347087,0.013148435415329982,-0.015032985451566417,0.031206484284085092
21500067,1610612758,83,18,84.99953381717205,3.1701308597909947,0.21686746987951808,0.038194347708325235,0.1761183810994997,0.03729586172330922,0.03690118862545621,0.01296858248125788,0.012910545455352862,0.061459828902708284
21500068,1610612757,77,22,77.15413370728493,4.108811899961299,0.2857142857142857,0.05336119350599089,0.1867641772709681,0.05325459184791991,0.05161598315362385,0.018148623079323717,0.020318095105926654,0.08652302132229152
21500068,1610612762,88,21,80.77448286116123,3.5478134478445487,0.23863636363636365,0.04031606190732442,0.16894349751640708,0.04392245325720857,0.04302358468865882,0.011918952554947466,0.01698939040598585,0.0646720733572381
21500069,1610612744,85,27,81.08224327117205,1.3220304372880725,0.3176470588235294,0.015553299262212618,0.04896409026992861,0.016304808352016906,0.017484506889609296,0.012022273384809445,-0.011315194184822528,0.037001513293574685
21500069,1610612746,88,24,89.54186116158962,1.6403866338332271,0.2727272727272727,0.018640757202650307,0.06834944307638446,0.018319773707550502,0.01707044622313902,0.007954612024164507,0.0029666655745227426,0.033177502082299505
21500070,1610612741,89,16,85.784065335989,1.8924382819168863,0.1797752808988764,0.021263351482212207,0.1182773926198054,0.022060487277034555,0.02126996907722016,0.012120763648098817,-0.00012248894985416347,0.048345341100898054
21500070,1610612760,82,15,77.51486626267433,0.9596725675586006,0.18292682926829268,0.011703323994617081,0.06397817117057338,0.012380496978561015,0.012631271230449008,0.007934511785174899,0.00017622987063759362,0.028880979103522275
21500071,1610612748,76,15,72.06774206459522,0.9457568067051223,0.19736842105263158,0.012444168509277926,0.06305045378034149,0.013123164117691221,0.013619054438275135,0.010631406407488097,-0.005497834535661867,0.035560752226679135
21500071,1610612750,84,11,77.81943821907043,1.076968047485023,0.13095238095238096,0.012821048184345511,0.09790618613500209,0.013839319225785686,0.013013049535338203,0.006370896720106159,0.0015811422126334304,0.02658870819535157
21500072,1610612742,82,31,85.61117292195559,4.871874870449054,0.3780487804878049,0.05941310817620798,0.15715725388545337,0.05690699828269293,0.05855600272171775,0.013866469266675521,0.029394797764026977,0.08317414609199393
21500072,1610612766,89,26,91.96874578297138,2.820897550376241,0.29213483146067415,0.03169547809411507,0.10849605962985542,0.030672349898442877,0.030986227716878548,0.012382763524724873,0.005275473786277682,0.053657963327783643
21500074,1610612757,86,29,85.45550483465195,4.138788925741923,0.3372093023255814,0.048125452624906084,0.14271685950834218,0.04843209262820546,0.04736511073620891,0.009408368601629587,0.03143244100197644,0.06547636127743632
21500074,1610612763,77,19,72.23747232556343,2.6848397982865553,0.24675324675324675,0.03486804932839682,0.14130735780455553,0.037166856921382656,0.03723315902994793,0.013103624640015946,0.014961928331142224,0.06474943684046448
21500075,1610612753,74,21,75.03947001695633,3.284027675088929,0.28378378378378377,0.04437875236606661,0.15638227024232995,0.043764004121389075,0.04513016128586117,0.01138424996169284,0.02426974070668312,0.06995765060091981
21500075,1610612761,81,21,77.11906711757183,2.622687369744989,0.25925925925925924,0.032378856416604804,0.12488987474976138,0.03400828702643112,0.03463700853462329,0.017194571673651612,0.0003495682058077117,0.06830852410559285
21500076,1610612738,97,29,99.94489791989326,5.148277215243316,0.29896907216494845,0.05307502283755996,0.17752680052563158,0.051511155870804994,0.05117045656384171,0.008901732066222677,0.035464620372758965,0.06924224779552335
21500076,1610612764,87,26,85.75487281382084,3.454443023777297,0.2988505747126437,0.039706241652612606,0.13286319322220372,0.04028276073917231,0.04061754317859359,0.012804623787680755,0.016228777784843683,0.06662538103296298
21500077,1610612747,75,22,71.72576678544283,1.5234976618515832,0.29333333333333333,0.02031330215802111,0.0692498937205265,0.0212405907964554,0.021393759831927026,0.012719318560157606,-0.004654983864855317,0.04418928918480916
21500077,1610612751,93,19,90.38141453266144,2.025557023226165,0.20430107526881722,0.021780183045442634,0.10660826438032447,0.022411211792820334,0.02294603068332582,0.01045150632412778,0.001199045149533259,0.04221435747311886
21500079,1610612749,81,13,78.9113189727068,2.6654130975332584,0.16049382716049382,0.03290633453744764,0.20503177673332756,0.03377732285092269,0.03338302018484398,0.010671522569715345,0.015554357121283105,0.052431055745075686
21500079,1610612752,81,24,82.88545882701874,4.645745437721134,0.2962962962962963,0.05735488194717449,0.1935727265717139,0.056050186648743366,0.05353119053417554,0.012918128669525736,0.03029547893399446,0.08052232061336198
21500081,1610612737,76,19,79.89369378983974,2.329535724936726,0.25,0.030651785854430607,0.12260714341772243,0.029157942441171474,0.02958805467241197,0.009934649463606051,0.012587716784048984,0.05072805869768352
21500081,1610612740,82,30,85.32088500261307,4.779492202786082,0.36585365853658536,0.05828649027787904,0.15931640675953604,0.05601784607179946,0.05473183351589604,0.010648918530483954,0.039212721625489944,0.07726092892867316
21500083,1610612743,92,28,89.18851466476917,3.05318999816173,0.30434782608695654,0.03318684780610576,0.10904249993434749,0.03423299524201838,0.03436199044830913,0.01296158785499909,0.00850217973623892,0.05995495841438089
21500083,1610612744,93,33,95.10372065007687,2.6220258881321556,0.3548387096774194,0.0281938267541092,0.07945532994339866,0.02757017149496807,0.026759685747952098,0.014374259442256577,-0.0006262809733443032,0.05232905546382708
21500084,1610612745,81,28,89.23953890800476,4.271214594651916,0.345679012345679,0.05273104437841871,0.15254337838042556,0.04786235615868684,0.04791449042722808,0.012600858727328445,0.026421177331324687,0.07125851585612507
21500084,1610612758,92,28,97.4692948833108,3.1720551894831006,0.30434782608695654,0.03447886075525109,0.11328768533868216,0.03254414832158837,0.03261611186508225,0.01654125067481805,0.0009851379665415734,0.062147487950327304
21500085,1610612741,91,28,89.6348263323307,3.8246828006347737,0.3076923076923077,0.042029481325656856,0.13659581430838477,0.04266960686077924,0.04321316333630675,0.010999032112117772,0.022513474548969882,0.06625351409661345
21500085,1610612750,95,17,90.46037130057812,2.0858194358841087,0.17894736842105263,0.021955994061937986,0.12269526093435934,0.023057825276368047,0.023921697572459256,0.010268025728753585,0.005703015117155514,0.043578648594640806
21500086,1610612737,90,28,94.25764456391335,4.655308923540358,0.3111111111111111,0.05172565470600397,0.16626103298358422,0.04938919219845059,0.04776686752880591,0.010778311295242007,0.02936114016038033,0.06998774853244702
21500086,1610612764,74,18,78.55090546607971,3.0410387089067465,0.24324324324324326,0.041095117687929006,0.1689465949392637,0.038714241304575986,0.037689962844660224,0.012923307000161142,0.012593478464669856,0.06457712921131294
21500087,1610612753,80,14,78.63097521662712,2.166278593879817,0.175,0.027078482423497714,0.1547341852771298,0.027549939294428855,0.025563737017590907,0.012219859584993715,0.0014058422609173633,0.047915158217273365
21500087,1610612755,80,32,80.95971755683422,3.8234192988139433,0.4,0.04779274123517429,0.11948185308793573,0.0472261936453753,0.043918550243740494,0.01753969670759345,0.008599454592864732,0.0811678403119751
21500088,1610612740,86,30,82.38325701653957,3.2596900748861963,0.3488372093023256,0.03790337296379298,0.10865633582953987,0.03956738532723668,0.04069061399116295,0.012625266273503497,0.01631106813242092,0.06344762902212504
21500088,1610612742,84,23,82.40649649500847,4.203917644147963,0.27380952380952384,0.05004663862080908,0.18277902800643317,0.05101439598761007,0.04939762244305943,0.0112118131395171,0.0293723722689658,0.07158622104472065
21500090,1610612759,77,17,68.63186088204384,1.7407239216437427,0.22077922077922077,0.022606804177191464,0.10239552480257309,0.02536320448363609,0.024878476557149472,0.009735719676642529,0.007329808074308559,0.04767267797207759
21500090,1610612766,70,17,54.68330409377813,-0.46702302337882584,0.24285714285714285,-0.006671757476840369,-0.027471942551695636,-0.008540504841805338,-0.008794661617291108,0.020909160284384054,-0.05450562057095823,0.024935669598272783
21500091,1610612762,74,27,74.58341389894485,4.163075225103927,0.36486486486486486,0.05625777331221522,0.15418797130014544,0.0558177080864734,0.05499172317001099,0.015690997017510724,0.02564671051384708,0.08243804638435424
21500091,1610612763,91,16,83.70390113443136,1.4154045288615027,0.17582417582417584,0.015553895921554975,0.08846278305384392,0.016909660238993093,0.016594405659449675,0.010637050060026762,-0.004204161354713067,0.03576521538682399
21500092,1610612744,91,31,97.37891200184822,5.116254821134373,0.34065934065934067,0.05622258045202607,0.1650404781011088,0.05253965890517721,0.05274698746072822,0.009745250445020082,0.036685869712571206,0.07182239540510758
21500092,1610612758,86,20,85.73617562651634,1.6093610773725775,0.23255813953488372,0.018713500899681133,0.08046805386862887,0.018771085432866416,0.019545959948066155,0.008348600703286926,0.004317090703922569,0.03728735581922553
21500093,1610612745,86,29,91.02697312831879,3.685983121161374,0.3372093023255814,0.04286026885071365,0.12710286624694395,0.04049330648362131,0.040321146631365316,0.013756475453337701,0.01504145502686368,0.0645375945259882
21500093,1610612746,88,18,89.77129250764847,3.6637374707645662,0.20454545454545456,0.04163338034959734,0.20354097059803145,0.04081190510265203,0.04067830423217782,0.009602865231738408,0.023879484985031035,0.06061055336215619
21500094,1610612739,83,25,86.63929904997349,4.008789197243761,0.30120481927710846,0.04829866502703326,0.16035156788975044,0.04626987107699814,0.04542700789354896,0.011077664626367535,0.02588098662813435,0.06783973374295849
21500094,1610612754,90,17,81.74363951385021,0.7986390632313439,0.18888888888888888,0.008873767369237154,0.04697876842537317,0.009770045326841933,0.010686705820547059,0.012505949508870842,-0.017509255382071622,0.03404653748607246
21500095,1610612747,94,24,86.9963351637125,1.4432633491038733,0.2553191489361702,0.015353865415998652,0.06013597287932806,0.016589932741280355,0.01781771089406919,0.01333445447852917,-0.007737089665188513,0.04164661144426716
21500095,1610612752,84,25,81.70810824632645,6.030327558154014,0.2976190476190476,0.07178961378754779,0.24121310232616058,0.07380329428230441,0.07474122441192992,0.012866020419129097,0.05119863959706099,0.09900209476413369
21500096,1610612748,83,19,77.962159126997,2.8095333635300843,0.2289156626506024,0.033849799560603425,0.14787017702789917,0.03603714154393128,0.03507904401229259,0.010057683829132729,0.01497480620562991,0.053555975298468825
21500096,1610612761,71,16,69.73635336756706,2.499588563090522,0.22535211267605634,0.03520547271958482,0.15622428519315762,0.03584340795561342,0.03465485538862796,0.015387661251328504,0.003493380861994906,0.06252216498030988
21500097,1610612756,84,15,82.16734577715397,2.354492766142906,0.17857142857142858,0.028029675787415546,0.15696618440952706,0.02865484754160765,0.027788527244922073,0.01118695804263215,0.006787232421431819,0.04959095391486352
21500097,1610612760,94,22,97.838748306036,1.8603810598855082,0.23404255319148937,0.01979128787112243,0.08456277544934128,0.019014767585397812,0.018476180748913478,0.01049316006350522,-0.0052663885139940195,0.037986159981345406
21500098,1610612757,76,20,73.70139995217323,2.4059489392591087,0.2631578947368421,0.03165722288498827,0.12029744696295544,0.0326445486899895,0.03343405216632576,0.012486055280719449,0.009824849905379301,0.0573830488244227
21500098,1610612765,96,27,93.93881130218506,6.652937052382259,0.28125,0.06930142762898187,0.24640507601415773,0.07082202723409924,0.07156086847390117,0.013128389322005246,0.04682800521631197,0.09619389431230424
21500099,1610612753,78,30,79.9563704431057,2.6230575262621016,0.38461538461538464,0.03362894264438592,0.0874352508754034,0.032806110529098896,0.03126786269517911,0.01552775272699605,0.0006304968537733067,0.05886178199893307
21500099,1610612754,77,23,74.14242128282785,1.5823708455093906,0.2987012987012987,0.020550270720901175,0.06879873241345176,0.021342314131786843,0.021215028668230388,0.014155319160742164,-0.005688243046640543,0.047481189849565564
21500101,1610612737,86,28,92.00075915455818,3.0299351182835323,0.32558139534883723,0.03523180370097131,0.10821196851012616,0.032933805613422636,0.03293768389385848,0.008643849208111454,0.013132454463080435,0.049217340235978894
21500101,1610612750,80,16,76.84647557139397,0.5944136326237488,0.2,0.00743017040779686,0.0371508520389843,0.007735079952645463,0.007090793570603251,0.013326626699436371,-0.021953491974440895,0.030002741995613973
21500102,1610612743,77,20,78.0699711740017,2.1684940202879157,0.2597402597402597,0.028162260003739167,0.10842470101439579,0.027776288215283114,0.028504354309282567,0.012749211350359219,0.0045101436626608805,0.052280311321650036
21500102,1610612757,92,28,88.0245940387249,4.158170835107141,0.30434782608695654,0.04519750907725153,0.14850610125382646,0.047238739133267975,0.04781261879821594,0.01331027833428204,0.021634451217008466,0.07243105635107364
21500103,1610612758,84,18,84.47194775938988,2.0942618555719097,0.21428571428571427,0.02493168875680845,0.1163478808651061,0.02479239453004222,0.02485929057180086,0.007144532232825803,0.01183830608621539,0.04013365592996794
21500103,1610612759,87,20,86.65443302690983,3.1891003764450727,0.22988505747126436,0.03665632616603532,0.15945501882225363,0.03680250698143422,0.037885623349351,0.010508022345862733,0.016271934731025617,0.05827646604296397
21500104,1610612744,91,19,91.1102808713913,2.915343532011995,0.2087912087912088,0.03203674211002192,0.15343913326378922,0.03199796449016782,0.03202947614347108,0.009044856236299845,0.016224406146622922,0.05011213579234539
21500104,1610612765,85,21,81.07981760799885,0.7596176785888116,0.24705882352941178,0.008936678571633078,0.03617227040899103,0.009368764027829686,0.008314956168431668,0.011706966039724657,-0.011099830550701264,0.030785274566410167
21500105,1610612746,68,19,68.50891329348087,3.124510251667391,0.27941176470588236,0.04594868017157928,0.16444790798249426,0.04560735386770047,0.046040195094170996,0.016548924718523903,0.01238190403961731,0.07773166915370952
21500105,1610612763,80,12,78.9762861430645,1.7218571110389105,0.15,0.02152321388798638,0.14348809258657588,0.021802204118838774,0.022188282845461097,0.008567857840406362,0.008522167886308185,0.040744858833157635
21500106,1610612739,74,24,75.66681653261185,4.184328258142266,0.32432432432432434,0.05654497646138197,0.17434701075592773,0.055299382871999786,0.05443335364224376,0.013087416368715856,0.02953631836994848,0.0798568131571616
21500106,1610612762,82,21,82.86048758029938,4.113810337530046,0.25609756097560976,0.05016841875036641,0.1958957303585736,0.04964743097297596,0.05011474643025801,0.014160359024682571,0.02224877420337869,0.08062113074150479
21500107,1610612760,84,27,83.39067435264587,3.6675719230789463,0.32142857142857145,0.0436615705128446,0.13583599715107209,0.043980600367486765,0.04413918898243161,0.011437194134844073,0.022371425075076477,0.06421210526875944
21500107,1610612764,87,20,89.94845889508724,3.078902391054509,0.22988505747126436,0.035389682655798956,0.15394511955272544,0.034229629155132425,0.033371414804019534,0.011668206910561068,0.011082056432767598,0.054797952877978215
21500108,1610612747,76,23,73.85348536074162,2.276098834895963,0.3026315789473684,0.02994866888021004,0.09896081890852014,0.030819111972552507,0.0306772528424542,0.013715829701144844,0.004874282116519913,0.05659056931880264
21500108,1610612748,84,17,83.58728924393654,3.3364321391055096,0.20238095238095238,0.03971943022744654,0.19626071406502998,0.03991554420874506,0.039495127894520185,0.009922972223538289,0.02180953430208592,0.059192525582002525
21500111,1610612750,80,20,78.83585113286972,2.6001872095124208,0.25,0.03250234011890526,0.13000936047562103,0.03298229386944872,0.032825148606043034,0.010978398464713265,0.01368649629394338,0.0536251159170143
21500111,1610612766,78,26,82.70611375570297,3.4543804428960474,0.3333333333333333,0.04428692875507753,0.1328607862652326,0.041766929747171826,0.04315625236183214,0.00971007514996721,0.026370571519475396,0.062019310923499535
21500112,1610612740,92,34,95.7420184314251,4.276859469345622,0.3695652173913043,0.046487602927669805,0.1257899843925183,0.044670663303478485,0.04391831564150306,0.00973935939926276,0.026190255709673343,0.06569265457049332
21500112,1610612742,88,21,86.11444369703531,2.1530017060856754,0.23863636363636365,0.024465928478246312,0.10252389076598455,0.025001632869629715,0.02410571349366112,0.01338516741328294,-0.003071989311536832,0.04867988468068009
21500113,1610612752,86,20,78.69019444286823,2.514853729536465,0.23255813953488372,0.0292424852271682,0.12574268647682324,0.03195892127782623,0.03255116006550636,0.012688315554243615,0.008627955732382874,0.05875750132154511
21500113,1610612766,84,24,84.51775209605694,2.635095663086584,0.2857142857142857,0.031370186465316474,0.10979565262860767,0.031178014059007622,0.029866815561479295,0.011146057565488619,0.00828979271582471,0.04940270666280281
21500114,1610612747,79,22,75.7230656594038,2.7317169876499885,0.27848101265822783,0.03457869604620239,0.12416895398409039,0.03607509764510895,0.037088548096743834,0.012625049669433083,0.012837286936187414,0.06193188104240072
21500114,1610612753,100,28,95.24955853819847,6.274113147183657,0.28,0.06274113147183658,0.22407546954227348,0.06587025959461548,0.06620267096940685,0.013267905179615158,0.04127054662693435,0.09122042028569385
21500116,1610612738,77,23,76.30705922842026,2.1633239603572343,0.2987012987012987,0.02809511636827577,0.0940575634937928,0.02835024678229918,0.028654415440971803,0.014335734025114259,-0.0026822241920462773,0.054551145923991406
21500116,1610612754,79,17,76.40293125808239,0.7666268459772521,0.21518987341772153,0.009704137290851293,0.0450956968221913,0.010033997823822412,0.010655439963871315,0.012548753200551934,-0.015291069602091843,0.03148894516471952
21500117,1610612737,85,24,89.67166832089424,4.0922739611430785,0.2823529411764706,0.04814439954285975,0.17051141504762826,0.045636197449775165,0.04550910134236791,0.008995939652168768,0.027606615697406686,0.0638704648517017
21500117,1610612740,83,28,84.44846820831299,4.286114581689592,0.3373493975903614,0.05163993471915171,0.1530755207746283,0.050754201616977024,0.049471873581002315,0.01116855925674942,0.028476287741670155,0.06946510180612589
21500118,1610612742,76,22,73.97110459208488,4.255120529575869,0.2894736842105263,0.05598842802073512,0.19341456952617586,0.057524090697858514,0.05855246346468993,0.012824729562660364,0.03566648719620495,0.08369396478673942
21500118,1610612746,85,25,83.08871445059776,2.1321288542501877,0.29411764705882354,0.02508386887353162,0.08528515417000751,0.02566087185664537,0.02504790531185505,0.01188662322055722,0.004125067499897913,0.04799130589147982
21500119,1610612745,98,29,103.6383318901062,3.467121217361789,0.29591836734693877,0.03537878793226316,0.11955590404695825,0.03345404305656117,0.03385471882944791,0.010594044693987557,0.014332608262866139,0.056449820429940414
21500119,1610612751,98,18,99.7040374726057,3.423769015105084,0.1836734693877551,0.034936418521480446,0.19020938972806023,0.03433932167537133,0.03464377490939007,0.008132689475447789,0.019361973080802335,0.05165645193085842
21500120,1610612744,75,25,75.77425515651703,-0.25254597728738526,0.3333333333333333,-0.0033672796971651368,-0.01010183909149541,-0.0033328731079669983,-0.003457130214126989,0.016353646022415673,-0.04301420948009216,0.024911490795431604
21500120,1610612763,70,14,65.08729061484337,1.4806864767040917,0.2,0.021152663952915596,0.10576331976457798,0.022749241253044512,0.022076647453665714,0.013113377412650873,-0.002712593944804412,0.04568588562071438
21500121,1610612743,79,24,83.98243597149849,1.898959587384209,0.3037974683544304,0.024037463131445683,0.0791233161410087,0.022611389696158227,0.022569516375365833,0.013121760458639076,-0.004946812894978224,0.047542081785354816
21500121,1610612749,79,21,73.33315947651863,2.8767800965853594,0.26582278481012656,0.036414937931460244,0.13698952840882664,0.03922891250180634,0.03895819448127916,0.013188303561003109,0.01376168013571376,0.06454551808125669
21500123,1610612757,88,17,86.91798198223114,3.0168715878589873,0.19318181818181818,0.03428263168021577,0.17746303457994042,0.034709406719494865,0.03378735112633157,0.008629335132139057,0.016744331349488835,0.0527986910195967
21500123,1610612759,82,14,80.58031463623047,2.3883661347225416,0.17073170731707318,0.029126416277104165,0.1705975810516101,0.029639573207234485,0.030141425728368705,0.008412072655231705,0.014082075804503024,0.048772702560670574
21500125,1610612744,89,36,90.78491775691509,4.711462703167198,0.4044943820224719,0.052937783181653916,0.13087396397686663,0.05189697605699847,0.052739464855006364,0.01288496353970525,0.02838653089645584,0.07612995080146662
21500125,1610612750,87,11,81.35988342761993,1.1999235422495063,0.12643678160919541,0.013792224623557543,0.10908395838631875,0.014748343922063168,0.014131378867870152,0.006035795630701898,0.0022107027088453008,0.027767588366536006
21500126,1610612746,90,25,95.8629814684391,3.4022820827317335,0.2777777777777778,0.03780313425257482,0.13609128330926934,0.0354910939615608,0.03510173371710712,0.012437485908968215,0.014046797017267876,0.06232588458213677
21500126,1610612756,83,31,88.25805340707302,2.917473796545399,0.37349397590361444,0.035150286705366254,0.0941120579530774,0.033056176563164404,0.03284009851595044,0.016962040032291494,-0.002907351325865714,0.06429001987066953
21500127,1610612750,80,20,74.0224878937006,-0.07904088833412504,0.25,-0.000988011104176563,-0.003952044416706252,-0.0010677956197261442,-0.0010785205497084874,0.01353212764989297,-0.02885983064799029,0.02371972196022712
21500127,1610612754,86,23,89.38885056972504,3.8351324220039262,0.26744186046511625,0.04459456304655728,0.16674488791321418,0.04290392367236503,0.04341711028243623,0.009401390495523623,0.026245242644078355,0.05982257217960119
21500128,1610612753,76,22,73.3946003690362,1.595132020442239,0.2894736842105263,0.02098857921634525,0.07250600092919268,0.021733642698805337,0.021020118166910757,0.01444409086114452,-0.008610414538397738,0.04977457606974567
21500128,1610612762,87,23,89.80959235876799,3.543698559917913,0.26436781609195403,0.04073216735537831,0.1540738504312136,0.039457907188373366,0.036512569196811125,0.01719236536470131,-0.00519609270924165,0.06569846650187297
21500129,1610612737,76,21,78.15086764097214,2.250959343547128,0.27631578947368424,0.029617886099304314,0.10718854016891086,0.02880274284206434,0.029296112279124778,0.009642029098332122,0.012492856307964427,0.04951640658046299
21500129,1610612738,102,30,100.89784348011017,4.0373580120299275,0.29411764705882354,0.039581941294411054,0.1345786004009976,0.04001431420906241,0.04039967440771675,0.009200671349430733,0.019832736790415036,0.05520881923750241
21500130,1610612739,78,29,81.47529043257236,2.6888367194931364,0.3717948717948718,0.03447226563452739,0.09271850756872885,0.033001867255918214,0.033067795714172774,0.013857113608422242,0.0031843119952918867,0.05773191327921461
21500130,1610612752,79,26,75.4234039336443,3.7670715989144647,0.3291139240506329,0.04768445061917044,0.14488736918901787,0.04994565880676301,0.050198409965082715,0.017953987808495733,0.01718659519941031,0.08564023023310101
21500131,1610612740,82,20,79.4799014031887,3.219209240838339,0.24390243902439024,0.03925864927851633,0.16096046204191694,0.04050343777488865,0.04060769053568855,0.008689138134922237,0.023963474497892063,0.0579193266688777
21500131,1610612761,77,17,71.21047401428223,1.8792088547462442,0.22077922077922077,0.024405309801899276,0.11054169733801436,0.02638950071262471,0.025423546147163877,0.013445090366009322,-0.0005309529945399046,0.04779025610596248
21500132,1610612741,84,19,80.28929203748703,3.5748472364339694,0.2261904761904762,0.04255770519564249,0.18814985454915628,0.04452458286423643,0.04455026579145713,0.011163980464736167,0.02488557531010699,0.06723101903791644
21500132,1610612766,95,31,90.86969605088234,3.927669103216253,0.3263157894736842,0.04134388529701319,0.12669900332955655,0.04322309057815007,0.042897931512476416,0.010539535354539721,0.02264639060283257,0.06377171800048231
21500133,1610612757,69,22,66.70666463673115,1.3592839744191627,0.3188405797101449,0.019699767745205255,0.061785635200871034,0.020377034016338613,0.021242905233280113,0.01323462225825577,-0.006459128189894319,0.04572106683195821
21500133,1610612763,86,19,77.98895367980003,2.441789622887628,0.22093023255813954,0.028392902591716607,0.12851524330987515,0.03130942919061212,0.03153474761898286,0.011300349966438562,0.011216851911694446,0.05345668968612473
21500134,1610612755,86,13,84.11560872197151,1.589813260606975,0.1511627906976744,0.018486200704732267,0.12229332773899808,0.018900335915796637,0.01731459717503045,0.008317547716365479,0.00193415366025492,0.03340645242253278
21500134,1610612760,97,24,97.22528752684593,2.8964437916082626,0.24742268041237114,0.029860245274311987,0.12068515798367761,0.029791054007513158,0.029890728945726225,0.01097780230884587,0.008548823625793388,0.05239902031410523
21500136,1610612743,79,20,81.36538150906563,3.10441237816029,0.25316455696202533,0.039296359217218864,0.1552206189080145,0.03815397065168803,0.03803610847489556,0.01079024693678703,0.02006465292468065,0.06130968451887742
21500136,1610612745,77,28,80.01574467122555,4.189667373867503,0.36363636363636365,0.05441126459568186,0.1496309776381251,0.052360537180305075,0.055239736718116175,0.019409028413103574,0.015873186502459998,0.08993176305363755
21500137,1610612751,88,22,87.93107324838638,3.739849142873153,0.25,0.04249828571446765,0.1699931428578706,0.04253159895261238,0.043550190143579144,0.011358487128935701,0.023496741253495834,0.0705560101935589
21500137,1610612758,94,24,91.92339026927948,1.4957005108590262,0.2553191489361702,0.015911707562330065,0.06232085461912609,0.016271163481650707,0.0165854356206057,0.010924387568667423,-0.004210026812465474,0.03676416085938983
21500138,1610612746,79,21,73.67337552458048,3.787715974709819,0.26582278481012656,0.04794577183176986,0.18036742736713424,0.05141227679253112,0.05055905774717482,0.02022916151312081,0.01311511075739496,0.08961765935449671
21500138,1610612765,74,25,74.73053614795208,2.9366053328245885,0.33783783783783783,0.039683855848980924,0.11746421331298354,0.03929592217846096,0.03864032306618092,0.011023894565464659,0.015703359865510153,0.05709503883850043
21500139,1610612753,84,20,81.67224630713463,2.3383672821992634,0.23809523809523808,0.02783770574046742,0.11691836410996317,0.028631112623077087,0.027240942101838285,0.010030932649355067,0.0049899410865460745,0.04730519358318529
21500139,1610612764,81,25,81.31493325531483,3.6996733278702836,0.30864197530864196,0.045674979356423256,0.14798693311481134,0.04549807986995389,0.044983946234943686,0.012827424285713101,0.018204250476835798,0.06677616715737067
21500141,1610612739,88,38,86.38291664421558,3.3539385986801915,0.4318181818181818,0.03811293862136581,0.08826154207053136,0.03882641069523067,0.039583100251658204,0.015266842035830397,0.011503549943954087,0.06766867983833735
21500141,1610612749,102,20,96.99278895556927,3.266446153577833,0.19607843137254902,0.03202398189782189,0.16332230767889164,0.03367720620008293,0.03283107806749869,0.013657537057179585,0.00612548888630806,0.05955071410348484
21500142,1610612755,82,23,79.99462842941284,2.694072847376703,0.2804878048780488,0.03285454691922808,0.11713360205985665,0.03367817190067892,0.0338556761951979,0.009976771406299626,0.016006815013275874,0.0547114174473424
21500142,1610612759,85,15,82.24549180269241,2.5714403626373614,0.17647058823529413,0.030252239560439546,0.17142935750915742,0.03126542630210379,0.031205399856538172,0.01084447618021917,0.010071517341183672,0.053262960659076784
21500143,1610612743,98,34,100.02491796016693,5.55598868667846,0.3469387755102041,0.056693762108963874,0.16341143196113117,0.05554604592518666,0.053891864358924374,0.012630997639122326,0.029026265208718146,0.07509213008912612
21500143,1610612756,84,24,90.36538814008236,3.1207381312940647,0.2857142857142857,0.03715164442016744,0.13003075547058604,0.0345346619488467,0.035776103525683806,0.011940438734471884,0.009994948642508493,0.05997768539404368
21500144,1610612744,97,32,99.91941046714783,3.358585702005362,0.32989690721649484,0.03462459486603466,0.10495580318766756,0.03361294553583881,0.03336972151120445,0.011552649668051404,0.012267170250429647,0.05773263250056949
21500144,1610612751,98,17,88.39762600511312,0.5234202028595851,0.17346938775510204,0.005341022478159032,0.030789423697622654,0.0059212020335173855,0.005755433559507823,0.010946973902092996,-0.018386134008588868,0.023102032327617147
21500145,1610612740,71,21,68.80576451122761,2.0380120566792588,0.29577464788732394,0.0287043951644966,0.0970481931752028,0.029619786527431136,0.028671685944846915,0.015162228129396925,0.0023786005293680353,0.05755580293698546
21500145,1610612752,88,15,84.11694139242172,3.2472805043255533,0.17045454545454544,0.036900914821881285,0.2164853669550369,0.03860435782105254,0.038547175555841556,0.010652115807419201,0.017912329954041545,0.059764186767128157
21500147,1610612757,89,22,86.62486779689789,4.251661682419424,0.24719101123595505,0.04777147957774634,0.19325734920088292,0.04908130644872026,0.048518736101831036,0.012624888749859123,0.025721335299188436,0.07634488748254711
21500147,1610612766,83,28,81.25056581199169,3.241923106679201,0.3373493975903614,0.03905931453830363,0.11578296809568575,0.03990031422280543,0.040281902511720896,0.010496919452533626,0.019660903336954874,0.05903925880888399
21500148,1610612737,75,21,76.41847458481789,1.6861356239044183,0.28,0.022481808318725576,0.08029217256687707,0.022064502504992478,0.020534077157999042,0.013539379683302828,-0.008538686692857683,0.04483104423105688
21500148,1610612762,75,18,73.1024701744318,2.556358897963787,0.24,0.03408478530618382,0.14201993877576594,0.03496952827810044,0.03399825752963806,0.01248032235247273,0.01026054791927399,0.06241946124333812
21500150,1610612758,76,25,79.77840223908424,2.704071293078249,0.32894736842105265,0.03557988543524012,0.10816285172312996,0.033894778751955214,0.03374025943953535,0.00888331147199311,0.018379788682180157,0.04958728412496639
21500150,1610612761,87,30,81.01495888829231,2.1313358003384426,0.3448275862068966,0.024498112647568307,0.07104452667794808,0.026307929172404328,0.02687104634471269,0.016833352930519265,-0.0067191994812939955,0.06030863251873858
21500151,1610612747,75,21,71.99397310614586,4.83673659318557,0.28,0.06448982124247427,0.23032079015169382,0.06718252076537606,0.06594021254945542,0.012881224339295875,0.0416594033921095,0.09111996060731388
21500151,1610612765,96,26,90.66595022380352,1.2027315659399946,0.2708333333333333,0.012528453811874944,0.04625890638230749,0.013265526506600582,0.013399785844984085,0.012535426647945555,-0.014901070776449886,0.037954857892299264
21500152,1610612742,76,22,74.64248791337013,4.354024565782685,0.2894736842105263,0.05728979691819322,0.19791020753557656,0.05833171813399298,0.05840115573614401,0.01267300657283786,0.03618574628002196,0.08381465344664984
21500152,1610612755,76,20,74.15748232603073,3.2126094761598525,0.2631578947368421,0.042271177317892795,0.1606304738079926,0.04332144748436482,0.042580088261809104,0.013208303522937713,0.01685720860442102,0.06746915415223866
21500153,1610612741,86,17,81.43990424275398,1.0945974370730371,0.19767441860465115,0.012727877175267873,0.06438808453370806,0.013440554077891461,0.013310688555336445,0.014387757310271839,-0.021712508862028752,0.035149801682579425
21500153,1610612754,86,21,83.54123282432556,3.2631176129659814,0.2441860465116279,0.03794322805774397,0.15538655299838006,0.0390599647940056,0.04018444281638942,0.012745511750408698,0.017810421592936995,0.06706288749390847
21500154,1610612738,90,31,95.90734161436558,4.976151154088256,0.34444444444444444,0.0552905683787584,0.16052100497058888,0.05188498680421039,0.05342149058021196,0.012324689575111023,0.03149011461539195,0.07758530096786011
21500154,1610612745,85,30,88.85033060610294,3.3063434823135944,0.35294117647058826,0.03889815861545405,0.11021144941045315,0.03721250624234018,0.03700981799918139,0.013130399594572972,0.011597098453885056,0.059353026606067734
21500155,1610612760,81,23,83.03846330940723,1.6030313625200563,0.2839506172839506,0.019790510648395758,0.06969701576174157,0.01930468482475461,0.02030904704525257,0.014325721574088868,-0.006055527813642731,0.0516391516175913
21500155,1610612763,84,18,80.43224592506886,3.5977065691733268,0.21428571428571427,0.04282984010920627,0.19987258717629594,0.04472965447868969,0.04476844101940998,0.013124445990767711,0.02281452609248585,0.07383266149686778
21500156,1610612757,75,19,72.59627915173769,2.3012019220452964,0.25333333333333335,0.030682692293937285,0.12111589063396297,0.03169862076864051,0.03310431491151905,0.014501611007497982,0.002684907244796056,0.057082703068544335
21500156,1610612759,89,21,83.68457332253456,3.684330514596892,0.23595505617977527,0.04139697207412238,0.1754443102188996,0.044026400187246656,0.04352229813613787,0.010275145780881085,0.02539623879860284,0.06217499298119113
21500157,1610612747,77,18,75.57296908646822,2.3545722533181306,0.23376623376623376,0.030578860432702994,0.13080956962878504,0.031156275607275703,0.03210000985754753,0.014327607863749358,0.006173249618320874,0.05733842019039672
21500157,1610612756,92,26,95.32711338996887,4.242781331210239,0.2826086956521739,0.046117188382719984,0.16318389735423994,0.04450760313966142,0.045244858263602,0.010467681181960092,0.025860980050147565,0.06583044152879025
21500158,1610612749,69,19,64.80591496825218,3.035427404063719,0.2753623188405797,0.04399170150816984,0.1597593370559852,0.046838740037089925,0.047806969985363164,0.013269410682122182,0.02187524923225778,0.07069111952365305
21500158,1610612764,69,20,73.23559248447418,3.3128682041677306,0.2898550724637681,0.048012582669097546,0.16564341020838652,0.045235767087841244,0.04534861898655763,0.009479923443750014,0.029093053108494027,0.06449557939289254
21500159,1610612737,76,28,74.70474328100681,2.891449119577035,0.3684210526315789,0.03804538315232941,0.10326603998489411,0.03870502718549823,0.04047518173817941,0.011919536379740574,0.01960701935780389,0.06324786383490624
21500159,1610612751,82,18,75.74176685512066,3.9961126409045793,0.21951219512195122,0.04873308098664121,0.22200625782803218,0.05275969662218693,0.05333573151846784,0.014946991059127952,0.02455357529043659,0.08118852574398894
21500162,1610612752,88,21,78.14122733473778,4.010329568500832,0.23863636363636365,0.04557192691478218,0.1909680746905158,0.05132155848181866,0.05095983926989747,0.010484564041163637,0.030956205181835148,0.07032819724437464
21500162,1610612766,82,17,78.68326038122177,1.9531324515885173,0.2073170731707317,0.023818688434006308,0.11489014421108926,0.02482271886199881,0.02466278604285039,0.011313788484942255,0.0009694602544999846,0.047203523344227685
21500163,1610612740,83,25,83.60968968272209,2.7883926273232906,0.30120481927710846,0.03359509189546133,0.11153570509293162,0.033350113340984096,0.032594512669186296,0.011788549661211303,0.008179400685525333,0.05579614437887557
21500163,1610612743,84,29,82.66487658023834,2.199897055911766,0.34523809523809523,0.02618925066561626,0.07585851916937124,0.02661223420295613,0.026697257702908192,0.011830965491542821,0.0035589286530578685,0.04855260804938057
21500164,1610612744,80,26,81.8612731397152,4.197184207083608,0.325,0.0524648025885451,0.161430161810908,0.05127191461975118,0.05117005318334092,0.010957461743146824,0.03164528368619142,0.07585347210317943
21500164,1610612761,79,15,76.44732443988323,1.8558009804628957,0.189873417721519,0.02349115165142906,0.12372006536419304,0.02427555174834488,0.022343461139812178,0.01267529882139737,0.0009573788262117425,0.04997049545985771
21500165,1610612751,91,15,83.58921267092228,2.138143243455112,0.16483516483516483,0.023496079598407823,0.14254288289700748,0.025579176727894892,0.02525005902412414,0.008968063282240002,0.009599684859143006,0.04313773540111515
21500165,1610612766,80,25,82.99498005211353,3.685726753079523,0.3125,0.046071584413494036,0.14742907012318093,0.044409032338645196,0.04422806669724348,0.011744775383391918,0.020731734688468843,0.06990673459922092
21500166,1610612750,81,22,73.02252341806889,0.31294319137872817,0.2716049382716049,0.0038634961898608416,0.014224690517214917,0.0042855707626955645,0.0033877524658285957,0.018050838882796523,-0.030790730605056035,0.03729780765918023
21500166,1610612753,104,22,102.9259133040905,3.129009160605331,0.21153846153846154,0.03008662654428203,0.14222768911842415,0.03040059650829426,0.031358452778396835,0.009805825586450366,0.012951349445358631,0.04962384861034036
21500167,1610612754,92,27,92.51952981948853,2.6958830530440854,0.29347826086956524,0.029303076663522668,0.09984752048311428,0.02913852954402086,0.03025067749409077,0.010032780281106105,0.013554404136604716,0.05142676739614716
21500167,1610612755,76,22,74.74203319847584,3.126616577715233,0.2894736842105263,0.041139691812042536,0.1421189353506924,0.04183210496043867,0.04035246158275298,0.010285927380651384,0.021159633717979017,0.060049306465158714
21500168,1610612738,92,22,91.03896388411522,3.2165761309965895,0.2391304347826087,0.03496278403257162,0.14620800595439043,0.03533186224626869,0.03366025684105826,0.012500702830394329,0.008954737789250572,0.057890427994080715
21500168,1610612742,72,18,69.49060541391373,3.476313958210267,0.25,0.04828213830847593,0.1931285532339037,0.050025668038203956,0.04945765765396404,0.01361803035229134,0.023028413202807272,0.08067474814403607
21500170,1610612745,89,36,89.80492210388184,4.75738184594374,0.4044943820224719,0.05345372860610943,0.13214949572065943,0.05297462248717992,0.05202268756609287,0.01573995059539318,0.022217854583636974,0.08486952787596815
21500170,1610612757,87,25,85.65704597532749,6.219538603358529,0.28735632183908044,0.07148894946389114,0.24878154413434117,0.07260977229065306,0.0721783637300869,0.014189469626379007,0.044596263799322626,0.09943718672231687
21500171,1610612740,95,31,95.66822835057974,2.7656031824881424,0.3263157894736842,0.029111612447243605,0.08921300588671427,0.02890827216276534,0.03052404413937714,0.014112135487824327,-0.0007262035999086776,0.05420863445842934
21500171,1610612760,84,15,84.68050035834312,2.825683797117274,0.17857142857142858,0.03363909282282469,0.18837891980781826,0.033368765951545,0.03206352622806307,0.01210588566871155,0.009245748281702475,0.05489232345988117
21500172,1610612743,96,17,94.55672110617161,2.0855220455762553,0.17708333333333334,0.02172418797475266,0.12267776738683855,0.02205577796246295,0.022107630605460324,0.007258662110267266,0.009344658682451547,0.03691884205349361
21500172,1610612759,85,20,80.84532396495342,2.407040011740449,0.23529411764705882,0.028318117785181753,0.12035200058702245,0.029773398060522396,0.03092496430300499,0.012359015889712492,0.006385813181501281,0.0535703614114988
21500173,1610612761,80,23,75.26217721402645,1.3118842388667231,0.2875,0.01639855298583404,0.057038445168118394,0.017430856871653588,0.016481031158561785,0.011922154729509828,-0.004258275383293978,0.03967367810273628
21500173,1610612762,72,20,70.0212719142437,2.9800930192044923,0.2777777777777778,0.041390180822284614,0.1490046509602246,0.04255982414678593,0.04223203789442603,0.01390963001584266,0.01956844382334456,0.07055576888281644
21500174,1610612741,81,19,76.70890317857265,1.9081566107522479,0.2345679012345679,0.02355748902163269,0.10042929530274988,0.02487529519631118,0.02465589381383234,0.01033494343669056,0.006429568682348943,0.04352455115507811
21500174,1610612756,91,26,92.63956002891064,2.699190433286315,0.2857142857142857,0.02966143333281665,0.10381501666485828,0.029136477250582375,0.02953516720897385,0.013400009396525013,0.004205080341838369,0.053321055532698204
21500175,1610612748,89,24,93.2146642357111,3.118466558267926,0.2696629213483146,0.03503895009289804,0.12993610659449692,0.033454677800289954,0.03367723101026832,0.01014086464490544,0.015701392920610634,0.054185175610023346
21500175,1610612758,83,21,83.86026787757874,3.591117693469302,0.25301204819277107,0.0432664782345699,0.17100560445091914,0.04282263560988982,0.04145993673123103,0.01324172316310654,0.018295999545552336,0.06533260669374388
21500177,1610612744,72,25,71.99174889922142,2.2066749859265338,0.3472222222222222,0.03064826369342408,0.08826699943706134,0.030651776344752732,0.030240383794382673,0.008848021480833653,0.011573778968524503,0.047183022095239925
21500177,1610612746,88,29,86.54095514118671,3.7419879870986072,0.32954545454545453,0.04252259076248417,0.12903406852064164,0.04323950412834898,0.04341877348842064,0.014943886203467947,0.015590594727053837,0.07237669702638777
21500178,1610612755,79,27,76.61624048650265,3.094940737701557,0.34177215189873417,0.039176465034196924,0.1146274347296873,0.04039536158455579,0.04123400660499741,0.01573121073859428,0.004039587316521279,0.06938819679187971
21500178,1610612766,81,25,81.5526431798935,4.723284225900369,0.30864197530864196,0.0583121509370416,0.18893136903601476,0.05791699743540474,0.059190231823055044,0.0122858881468078,0.03766580100883824,0.08463453265602693
21500179,1610612738,87,27,89.31590753793716,4.56425963628082,0.3103448275862069,0.052462754440009425,0.16904665319558593,0.05110242690354055,0.05209267337262451,0.010436696757796494,0.029662264820517373,0.07224311077724839
21500179,1610612751,89,17,86.76458421349525,3.0532297758335893,0.19101123595505617,0.03430595253745606,0.1796017515196229,0.035189816254068945,0.03636327888951126,0.012178079705784283,0.010890085212447088,0.05795826781716507
21500180,1610612745,74,29,76.22642809152603,4.59575479322587,0.3918918918918919,0.0621047945030523,0.15847430321468517,0.060290832304351054,0.05962554761521622,0.014132123179678047,0.03599663765952636,0.08876713467330803
21500180,1610612763,84,25,85.96713697910309,3.792846976251327,0.2976190476190476,0.045152940193468175,0.15171387905005307,0.04411973120813937,0.04484224626710498,0.012536345676145276,0.020201440382945912,0.06795222861893754
21500181,1610612750,76,16,74.498669475317,1.7644353139866267,0.21052631578947367,0.02321625413140298,0.11027720712416417,0.0236841184737027,0.023690776148459002,0.012290054579282223,0.0018057815003852363,0.049795412448625814
21500181,1610612765,86,27,89.88599476963282,4.35116039756334,0.313953488372093,0.05059488834375976,0.1611540887986422,0.04840754567733104,0.04734816902542453,0.012684191386911086,0.021424920550427752,0.07393696366428133
21500182,1610612740,87,21,90.08678090572357,3.3208781055058267,0.2413793103448276,0.03817101270696353,0.1581370526431346,0.03686310102456817,0.03774138343643911,0.010144765164696883,0.018500069664567274,0.058191772052532224
21500182,1610612759,81,14,76.2580698505044,1.2573083898398771,0.1728395061728395,0.01552232580049231,0.0898077421314198,0.016487545413943636,0.016896205107877284,0.0119603875264128,-0.010324001716789929,0.0385348932533519
21500183,1610612752,72,21,71.22696378827095,3.400970713734119,0.2916666666666667,0.04723570435741832,0.1619509863682914,0.04774836007110782,0.04508748971041251,0.018207259514742544,0.009033672928948328,0.0755299866488573
21500183,1610612760,92,27,87.72452864050865,0.9507261075034927,0.29347826086956524,0.010333979429385791,0.035212078055684916,0.010837631415490729,0.009297602741076542,0.015764482375627532,-0.023801912847238232,0.03890946111844251
21500184,1610612742,77,26,78.2541122585535,2.715889582351241,0.33766233766233766,0.03527129327728884,0.10445729162889388,0.034706030187626115,0.034953642435816626,0.012746557542696383,0.011944533123816983,0.05873983202053947
21500184,1610612762,77,24,73.05872790515423,3.8667436568476607,0.3116883116883117,0.05021745008893066,0.1611143190353192,0.05292651224187091,0.053290404755561446,0.01573531736753197,0.02263366737547616,0.08103560897308308
21500185,1610612743,90,22,88.36736880242825,0.5988520087750273,0.24444444444444444,0.006653911208611415,0.02722054585341033,0.006776845535753594,0.006142093591226996,0.014306929594133268,-0.02320409000554561,0.030124763787957122
21500185,1610612756,78,22,74.21483078598976,1.9015704722043387,0.28205128205128205,0.024379108618004342,0.08643502146383358,0.025622513075423143,0.025453637115863757,0.010359976947069381,0.00688502494431686,0.04695267461976376
21500186,1610612746,83,23,81.66714082658291,1.4557786723081925,0.27710843373493976,0.017539502076002318,0.06329472488296489,0.017825757796510636,0.018558643370922927,0.013604750965273084,-0.008951456981880697,0.04391967166659252
21500186,1610612757,89,25,90.43154719471931,5.29167313477528,0.2808988764044944,0.05945700151432899,0.2116669253910112,0.05851578679043416,0.05850209885552665,0.013423934586175218,0.034742093192744045,0.08641597366854409
21500187,1610612741,88,23,81.90851028263569,1.6985613779642503,0.26136363636363635,0.019301833840502845,0.07385049469409784,0.020737300337939846,0.022379364865802675,0.013007165525177528,-0.007196525946760449,0.04658123037552296
21500187,1610612744,79,25,78.46534815430641,3.316621828588758,0.31645569620253167,0.04198255479226276,0.13266487314355033,0.04226861801551481,0.04249302584278121,0.011059543992518345,0.023612945237285552,0.06538803895257264
21500188,1610612747,77,25,75.25882291048765,3.6134659818480586,0.3246753246753247,0.04692812963439037,0.14453863927392235,0.048013851959203394,0.04826901745859983,0.01566038654654001,0.019542532050606312,0.07500663554564015
21500188,1610612761,77,28,74.30874821543694,4.111165645584348,0.36363636363636365,0.05339176163096556,0.1468273444851553,0.055325459576646356,0.0549377874917017,0.015436222653646282,0.023443642711448453,0.08086569997283397
21500189,1610612753,93,31,95.76321479678154,5.021175620419427,0.3333333333333333,0.0539911357034347,0.1619734071103041,0.05243323995622776,0.05234908463764338,0.00958905871436863,0.035999139722547105,0.07154360771141306
21500189,1610612758,81,22,80.09764149785042,2.672515457454246,0.2716049382716049,0.03299401799326229,0.12147797533882936,0.0333657197325338,0.0343137302109921,0.009560150021550515,0.014779911955721557,0.05334874743836542
21500190,1610612749,79,18,79.71242779493332,3.8824270149020177,0.22784810126582278,0.04914464575825339,0.21569038971677876,0.04870541673739854,0.0482743215085853,0.009980525980424648,0.02947793562741228,0.06741041260719462
21500190,1610612754,90,30,87.00690364837646,1.8960977494931055,0.3333333333333333,0.021067752772145617,0.06320325831643685,0.021792497721282677,0.021213408152501646,0.013999112671894368,-0.004678215655690437,0.044838536131357805
21500191,1610612737,80,25,85.37962512671947,3.9347591774856134,0.3125,0.04918448971857017,0.15739036709942453,0.046085458581549034,0.04474700679678817,0.013319048328522978,0.01967290787962815,0.07011967657863728
21500191,1610612739,80,28,80.20001336932182,2.9094179919393537,0.35,0.03636772489924192,0.10390778542640548,0.03627702627107375,0.03762607739012466,0.010970328109457783,0.017443629127986922,0.0580330138833354
21500193,1610612748,68,17,65.27793677151203,3.036331862441955,0.25,0.04465193915355816,0.17860775661423264,0.046513906728851175,0.04541481314714066,0.016690770159167024,0.011654997968029206,0.07617960171158197
21500193,1610612755,81,32,79.93075838685036,3.1820298822644952,0.3950617283950617,0.03928431953412957,0.09943843382076548,0.03980982973868518,0.03877797270428287,0.010922403550993966,0.018887996603631257,0.059422770135329976
21500194,1610612745,78,20,82.63210079073906,3.5318016284559444,0.2564102564102564,0.04527950805712749,0.17659008142279722,0.04274127844577042,0.04290265475764585,0.012431114014480113,0.021563423495186473,0.0669653567169238
21500194,1610612752,75,20,71.19431298226118,2.865236385626229,0.26666666666666666,0.03820315180834972,0.14326181928131146,0.0402452986145134,0.04035600027607984,0.015223317183383746,0.00822286385071948,0.06896426752391593
21500195,1610612759,71,21,68.59286287426949,2.250983228902926,0.29577464788732394,0.031703989139477834,0.107189677566806,0.03281658083041339,0.033507338574361306,0.01688178177426078,0.005272326051783598,0.06629701297570811
21500195,1610612763,73,9,70.53706547617912,0.8721738400932032,0.1232876712328767,0.011947586850591824,0.09690820445480036,0.012364759353190594,0.011988874640265566,0.00758387318311507,-0.002217541941217833,0.028735715813223376
21500197,1610612738,82,34,80.96143853664398,4.050101487041753,0.4146341463414634,0.04939148154928968,0.11912063197181627,0.050025068233053145,0.05041387423115554,0.013144178917896047,0.022864974354641507,0.0719277820588237
21500197,1610612751,79,16,77.90152828395367,2.2523696085092704,0.20253164556962025,0.028511007702648992,0.1407731005318294,0.028913034931732123,0.027581253922038335,0.012993034926584565,0.003062907039065441,0.054260082585362024
21500198,1610612740,85,29,89.05187636613846,4.74868475103316,0.3411764705882353,0.05586687942391953,0.1637477500356262,0.05332492637784356,0.05318069905464085,0.015274547810122462,0.019752568449705663,0.08510744616486614
21500198,1610612756,90,34,89.05735158920288,2.7465528584134207,0.37777777777777777,0.03051725398237134,0.08078096642392414,0.030840271009658082,0.029257017145489766,0.014855105960598948,-0.0012382766657476703,0.055312425900336165
21500200,1610612743,86,18,86.11491561681032,1.0117831617163093,0.20930232558139536,0.011764920485073365,0.05621017565090607,0.011749220845997103,0.01160939881153212,0.014249590734045183,-0.01578464691407822,0.03915108554009344
21500200,1610612744,89,25,92.88192628324032,2.6276869824747267,0.2808988764044944,0.02952457283679468,0.10510747929898906,0.028290616782232568,0.028036845324496573,0.009644048055449947,0.00828541700267772,0.046524242208647607
21500202,1610612758,104,30,100.94739219546318,2.9244123629948136,0.28846153846153844,0.028119349644180898,0.09748041209982712,0.028969667263244504,0.029762288789568454,0.011146161744181418,0.006822563163313626,0.050376630109528635
21500202,1610612766,98,29,99.6543902233243,3.870069714105703,0.29591836734693877,0.03949050728679289,0.13345067979674838,0.038834914401993964,0.03887425055130047,0.015260244623332411,0.011195616352752399,0.06893543767651805
21500203,1610612739,81,36,81.7717837691307,5.883364298776361,0.4444444444444444,0.07263412714538718,0.16342678607712113,0.07194858700144148,0.07112946483132972,0.014805304370746585,0.0458042704203052,0.10382685786779171
21500203,1610612753,81,23,81.34036123752594,4.192324694733736,0.2839506172839506,0.051757094996712785,0.1822749867275537,0.05154052220756095,0.05177352058385464,0.010972835869621406,0.0311725198059686,0.07140383242041956
21500204,1610612748,81,19,82.46752133965492,3.407729899782678,0.2345679012345679,0.04207073950348985,0.17935420525171988,0.04132208467558311,0.041293755708605835,0.010727570556126007,0.0212498196571344,0.0642602415966731
21500204,1610612752,87,26,86.70569142699242,5.54630089265892,0.2988505747126437,0.06375058497309104,0.21331926510226615,0.06396697611631405,0.06396663971951135,0.010923340884009347,0.043110678298419754,0.08546568565955824
21500205,1610612749,81,12,82.93407186865807,2.64979634000979,0.14814814814814814,0.03271353506184926,0.2208163616674825,0.03195063597270671,0.031990064371512326,0.012280099169448421,0.011545516162554293,0.055776308511870834
21500205,1610612765,90,27,90.26337775588036,2.4706771543572823,0.3,0.02745196838174758,0.09150656127249193,0.027371866816676114,0.02598458999937457,0.012759987753883673,-0.00019500532643448512,0.04904708247414939
21500206,1610612750,78,14,72.06793970614672,1.8852012734948145,0.1794871794871795,0.024169247096087365,0.13465723382105818,0.02615866751820053,0.026992459845669246,0.012774262612976175,0.001487451272771236,0.05032627479987298
21500206,1610612755,78,27,78.0639259070158,3.5695850870410735,0.34615384615384615,0.045763911372321456,0.13220685507559532,0.04572643568160932,0.045195614457550055,0.015576722097607519,0.0145706625321219,0.07750462839380325
21500207,1610612756,73,18,70.46182282269001,2.410347253588322,0.2465753424657534,0.03301845552860715,0.1339081807549068,0.0342078469876335,0.03378306105486208,0.016135595299208678,0.003947510354550698,0.061975437929681215
21500207,1610612759,82,20,87.99720847606659,4.054205674162023,0.24390243902439024,0.04944153261173198,0.20271028370810112,0.04607198051361689,0.04640356176779938,0.01144632755225934,0.0234381238855511,0.06959940911199358
21500208,1610612760,77,23,75.98229779303074,3.575339113780997,0.2987012987012987,0.04643297550364931,0.1554495266861303,0.04705489591167556,0.048166388395004346,0.012572357957653981,0.023127293662571623,0.06843959175672917
21500208,1610612762,73,18,75.04752656817436,3.797351485574086,0.2465753424657534,0.05201851350101488,0.21096397142078258,0.050599289000211246,0.052090029496043064,0.015924389688254104,0.025936611600415303,0.0896904421945621
21500209,1610612754,80,27,78.51861962676048,1.7221779470458216,0.3375,0.02152722433807277,0.06378436840910451,0.0219333701386018,0.022612247073527544,0.015064254231774741,-0.007653823589986752,0.04854487446525788
21500209,1610612764,83,33,88.25878125429153,7.302963532254704,0.39759036144578314,0.08798751243680367,0.22130192521983952,0.08274489437162494,0.0835976509005392,0.014706169965008778,0.058040646703643735,0.11284294919061456
21500210,1610612737,80,24,82.32839649915695,2.966708756239973,0.3,0.03708385945299966,0.12361286484333221,0.03603506059140059,0.03633927072128649,0.012190333367823785,0.013920656149758905,0.06019359337031328
21500210,1610612738,82,19,78.18576823174953,1.8244208563011282,0.23170731707317074,0.02224903483294059,0.09602215033163833,0.023334436657236432,0.02311630627562359,0.010641479634200628,0.004068040588908911,0.046822593494893205
21500211,1610612742,77,31,74.92852173745632,5.4000151289436324,0.4025974025974026,0.07013006660965757,0.17419403641753653,0.07206888650312444,0.07211390390107981,0.012891113628831925,0.047955377062259996,0.0951422525770107
21500211,1610612763,86,19,90.28334631025791,2.175880282494156,0.22093023255813954,0.025300933517373905,0.11452001486811347,0.024100571937340057,0.024011447136409174,0.007593493268032101,0.010125207647844048,0.04022002562475595
21500212,1610612743,78,24,77.01602426171303,1.1554300266018043,0.3076923076923077,0.0148132054692539,0.04814291777507518,0.015002462639144606,0.014868833380005237,0.016906272605408803,-0.021052474610696953,0.04535667938514128
21500212,1610612746,79,18,79.39032950997353,1.7180399798786903,0.22784810126582278,0.021747341517451776,0.09544666554881613,0.021640418807719636,0.021313420707931047,0.014261910548756359,-0.005375362566250926,0.04880301099744924
21500214,1610612744,92,29,92.73588608205318,2.228684643114645,0.31521739130434784,0.024224833077333096,0.07685119459016017,0.024032602019273246,0.023765790388080167,0.013083737542914019,-0.004243013263543807,0.04723800867560115
21500214,1610612747,83,25,77.60599683225155,2.831112470031479,0.30120481927710846,0.03410978879555999,0.11324449880125917,0.036480588944061136,0.03609824266325023,0.015197494018145213,0.008655972770231014,0.06608086597117424
21500215,1610612764,87,31,86.95507901906967,4.99539919155821,0.3563218390804598,0.05741838151216334,0.16114190940510356,0.05744804383954035,0.058097910332440265,0.010364498224742082,0.0380385969700721,0.07765402647091586
21500215,1610612766,83,26,84.99939702451229,1.7717244180822451,0.3132530120481928,0.02134607732629211,0.06814324684931712,0.020843964546846276,0.021323326775673553,0.009139182305703092,0.004286791224820047,0.04096827167692386
21500216,1610612752,82,26,77.50740876793861,4.1347968717819485,0.3170731707317073,0.050424352094901814,0.15903064891469032,0.053347117875682755,0.053382354636020306,0.016137901544926093,0.02027613264704984,0.08153803519910766
21500216,1610612753,85,17,80.22525389492512,2.272941688235776,0.2,0.026740490449832656,0.13370245224916327,0.028331997443258417,0.03019855441895644,0.010725243036873193,0.008253451233600842,0.0491822761718401
21500217,1610612738,91,27,89.78116452693939,5.928207989405134,0.2967032967032967,0.06514514274071576,0.21956325886685682,0.06602952880641617,0.06630648921607638,0.013523332398549406,0.04333871502889896,0.09535489124188368
21500217,1610612755,83,24,79.24145435541868,1.2741117982044408,0.2891566265060241,0.015350744556680009,0.0530879915918517,0.016078854288687276,0.016964109392389456,0.018617192513520953,-0.01846007055951088,0.04867526040785706
21500219,1610612739,81,31,82.38681295514107,3.3728713070857124,0.38271604938271603,0.041640386507231016,0.10880230022857136,0.040939456037973124,0.04185373761161227,0.018331411863263203,0.005722826904288029,0.0739046284976349
21500219,1610612761,79,26,82.03105603158474,3.5469938513391837,0.3291139240506329,0.044898656346065616,0.13642284043612246,0.043239646335571626,0.044090297875074826,0.013991933381575436,0.019817520880199745,0.06878612149692384
21500220,1610612745,71,30,75.52637576311827,3.1519036478144935,0.4225352112676056,0.04439300912414779,0.10506345492714979,0.041732489027411536,0.04052669411981073,0.015774077471372088,0.009428281518231281,0.06919319742485817
21500220,1610612763,80,19,83.76806738972664,2.393770573748423,0.2375,0.029922132171855288,0.12598792493412753,0.028576170470920953,0.028961467127449226,0.008994724775930546,0.0138612732972874,0.04698599906117313
21500221,1610612749,84,22,81.2133970707655,2.7908108736456017,0.2619047619047619,0.03322393897197145,0.12685503971116371,0.034363922386029755,0.03489279725104999,0.013460271000908072,0.009862344164858896,0.05886903104901699
21500221,1610612758,74,19,68.71870277822018,0.12708620261661752,0.25675675675675674,0.0017173811164407772,0.006688747506137764,0.0018493684758102919,0.0019886131892310087,0.011425961653015125,-0.02236328679012664,0.02087441010841992
21500222,1610612737,82,28,78.51036030054092,1.1979316341946462,0.34146341463414637,0.014608922368227393,0.042783272649808794,0.015258261834602644,0.016440256968892408,0.013429025984989884,-0.012151915170060871,0.04404596010762573
21500222,1610612750,82,19,74.85195821523666,3.085313745299101,0.23170731707317074,0.037625777381696354,0.16238493396311057,0.04121887815449379,0.04311047044985971,0.012423227444131657,0.019562546699583294,0.06882853690244577
21500224,1610612742,83,20,80.38302229344845,2.0647512980441447,0.24096385542168675,0.024876521663182466,0.10323756490220723,0.025686410377884366,0.02649475036917788,0.012303770566522584,0.002402497846108512,0.049628610147835296
21500224,1610612759,80,26,77.41801086068153,3.9107601494194775,0.325,0.04888450186774347,0.15041385190074913,0.05051486218700621,0.050294712662362455,0.018967236443997396,0.013148266562366737,0.08535465366035272
21500225,1610612740,81,19,83.67652762681246,2.66885174525273,0.2345679012345679,0.03294878697842876,0.14046588132909105,0.03189486730562598,0.032624559233848965,0.012172550930153974,0.0062359736553411725,0.05287523975860913
21500225,1610612756,96,25,93.33709163963795,1.7503759854577556,0.2604166666666667,0.01823308318185162,0.07001503941831022,0.01875327326692076,0.019190821086453612,0.011371745686699035,-0.0034164015998962953,0.039544419103989314
21500226,1610612746,75,13,75.22288617491722,3.3111425363558524,0.17333333333333334,0.04414856715141136,0.25470327202737325,0.04401775449902825,0.042156986141725875,0.01141493040483823,0.022309427688894466,0.06513582862272724
21500226,1610612762,77,12,72.75615358352661,1.9444678676502871,0.15584415584415584,0.02525282945000373,0.16203898897085725,0.026725820042396414,0.02707877290107577,0.009251020537539475,0.011384240565745588,0.04612034021418086
21500229,1610612738,97,30,94.11104692518711,4.040316373443441,0.30927835051546393,0.04165274611797362,0.1346772124481147,0.04293137209126216,0.04291129210522533,0.011236096230998398,0.022218948847879578,0.06300865009930344
21500229,1610612764,84,20,81.83891846239567,2.6009003227348746,0.23809523809523808,0.030963099080177078,0.13004501613674374,0.031780726964640515,0.030681184960231086,0.012531337508246554,0.002914815967623519,0.05266649288997494
21500230,1610612748,76,17,74.63270366191864,2.4409353668897364,0.2236842105263158,0.032117570616970216,0.1435844333464551,0.03270597535829624,0.03173350484590482,0.01186151352843324,0.008568044412995428,0.05510227705620825
21500230,1610612752,85,14,78.63506034016609,0.12916117029756036,0.16470588235294117,0.0015195431799712982,0.009225797878397168,0.0016425392151900719,0.002088393797597769,0.01181654683060645,-0.021780642307384166,0.022213838597278285
21500231,1610612741,91,29,87.54193516075611,4.605949452230394,0.31868131868131866,0.05061482914538895,0.15882584318035842,0.05261420648026959,0.05326580651119051,0.01513076811765923,0.02766406115928972,0.08665446077807523
21500231,1610612754,86,28,84.74318824708462,3.4713870425921574,0.32558139534883723,0.04036496561153671,0.12397810866400562,0.040963611523213865,0.04030640880690832,0.012294675744968321,0.014698179692637259,0.06344325717822624
21500233,1610612737,75,39,82.38236629962921,6.289738135347007,0.52,0.0838631751379601,0.1612753368037694,0.0763481120762043,0.0753361381536436,0.011616103806696853,0.05546079077311396,0.10234027338833118
21500233,1610612763,80,28,76.0529648065567,4.201631967839276,0.35,0.05252039959799095,0.15005828456568843,0.05524612983236445,0.05650709504524912,0.013185827565224259,0.0325597807521147,0.0811881864014365
21500234,1610612760,79,22,74.85886870324612,1.7265381848470305,0.27848101265822783,0.021854913732240893,0.07847900840213774,0.023063909657669756,0.021759982729901952,0.012365382098202607,-0.00030691581739750206,0.04704270337743249
21500234,1610612765,90,29,87.77029751241207,4.114185129083618,0.32222222222222224,0.0457131681009291,0.14186845272702134,0.04687445805344125,0.0470547232273013,0.013391519307910367,0.020936651341905692,0.07333447599345791
21500235,1610612743,77,23,80.04979902505875,2.0674242881096285,0.2987012987012987,0.026849666079345826,0.08988801252650559,0.025826726778694888,0.027051005958470428,0.01237595325519915,0.004028312399621627,0.052631182961924816
21500235,1610612759,75,19,67.91807647794485,1.0403950714306391,0.25333333333333335,0.013871934285741854,0.054757635338454694,0.015318382459910924,0.014393267830255645,0.016531342657974013,-0.020768876729150385,0.04273465098046288
21500236,1610612744,81,33,84.96328441798687,2.072722316033899,0.4074074074074074,0.025589164395480233,0.06280976715254238,0.02439550601453797,0.0252510229408822,0.015583341900048234,-0.007125218061764674,0.053285700043291605
21500236,1610612756,92,23,97.81879855692387,3.323695122390478,0.25,0.036127120895548676,0.1445084835821947,0.03397808163076461,0.033322462866726965,0.009942737673517353,0.014641200873109456,0.05211859989211478
21500237,1610612750,77,25,73.47070147842169,0.23150797364470832,0.3246753246753247,0.0030065970603208873,0.009260318945788333,0.0031510244081812953,0.0022511767870524893,0.011169679892821907,-0.020866168001951943,0.02394394817295488
21500237,1610612758,86,20,83.6981720328331,-1.6538333860764147,0.23255813953488372,-0.019230620768330403,-0.08269166930382074,-0.019759492303220785,-0.0194579404086803,0.010367858149507449,-0.038822424117436416,-0.0031902009970949693
21500239,1610612761,72,24,67.67750702798367,1.885836910650721,0.3333333333333333,0.026192179314593347,0.07857653794378004,0.027865046947887055,0.025803335041390128,0.01865185746595174,-0.014668969671467578,0.054898236748018824
21500239,1610612764,82,25,79.31449668109417,2.763315605251756,0.3048780487804878,0.03369897079575312,0.11053262421007023,0.03483998160339375,0.035672984690424465,0.014684292633900576,0.006639687738021987,0.06469272785156312
21500241,1610612742,75,26,76.8235510289669,4.503339554243584,0.3466666666666667,0.060044527389914455,0.17320536747090706,0.05861925794793794,0.059406163869404,0.016209130086300677,0.02678767954380317,0.09016928925047066
21500241,1610612743,74,25,74.1337553113699,4.202702244379901,0.33783783783783783,0.056793273572701364,0.16810808977519603,0.05669080470465972,0.055532969981241534,0.014561174278650764,0.02537146177123256,0.08748405178077202
21500242,1610612737,85,28,86.30008094012737,2.5119268426574886,0.32941176470588235,0.029552080501852807,0.08971167295205316,0.029106888606514687,0.029232641872802598,0.018899265347568552,-0.011777761018387047,0.06585156117075172
21500242,1610612759,81,16,77.57864652574062,2.4808429167484363,0.19753086419753085,0.030627690330227608,0.15505268229677727,0.03197842483530944,0.03146516428019713,0.011718831820857064,0.009177439341085095,0.05223875097402631
21500243,1610612740,69,15,69.13927817344666,1.5507662495662378,0.21739130434782608,0.02247487318211939,0.10338441663774918,0.02242959849357841,0.021892499057837002,0.011513289514002533,-0.00017660783275141593,0.043959406839139376
21500243,1610612762,82,14,79.61419504880905,3.1903575421575363,0.17073170731707318,0.038906799294604104,0.22788268158268116,0.04007272246113428,0.039055007549861846,0.01286126997368117,0.017648431437287688,0.0662314633311554
21500244,1610612747,81,22,75.55146957933903,2.1351466222928934,0.2716049382716049,0.02635983484312214,0.09705211919513151,0.02826082185007278,0.029167502998019738,0.012604770189553416,0.002898640914194789,0.051688252303356136
21500244,1610612757,78,31,79.26200193166733,5.455576044536402,0.3974358974358974,0.06994328262226156,0.1759863240173033,0.06882965243850031,0.0681848384957342,0.015938128142802432,0.03475224535403622,0.09571045475156147
21500245,1610612744,80,28,84.20156288146973,4.517520292961931,0.35,0.05646900366202414,0.16134001046292612,0.053651264161464915,0.05291328696162754,0.011305293736887356,0.03141815442201705,0.07703297219128961
21500245,1610612758,100,22,99.23168650269508,2.102068774019829,0.22,0.02102068774019829,0.09554858063726496,0.021183442991898945,0.021220460421175584,0.008447553568355068,0.0036558608417971484,0.036636229567653854
21500246,1610612749,80,28,74.90535542368889,4.916526449537504,0.35,0.061456580619218805,0.17559023034062515,0.06563651452860804,0.06516976205021695,0.020321822684374248,0.02524033676345446,0.10247611308879831
21500246,1610612766,70,30,66.47946096211672,2.2673918117978595,0.42857142857142855,0.03239131159711228,0.07557972705992864,0.03410665157303143,0.03414544414883423,0.017708286173775126,-0.005961482216328352,0.06168898967466351
21500247,1610612746,75,19,75.50906665623188,3.0821530904752095,0.25333333333333335,0.04109537453966946,0.16221858370922154,0.04081831794461513,0.039653654414396285,0.011587668229442401,0.020012153710215277,0.06278090390213863
21500247,1610612750,82,17,78.82927176356316,1.3815574307634972,0.2073170731707317,0.016848261350774357,0.08126808416255867,0.017525944358680316,0.016443636795388343,0.0073337095081382215,0.003729011785438093,0.030507158003926033
21500248,1610612751,81,13,75.90730729699135,2.165137821283213,0.16049382716049382,0.026730096559052015,0.16654906317563178,0.028523443899966007,0.028678054638443366,0.011198608784469934,0.009612851334646316,0.050611501469391335
21500248,1610612765,101,28,102.72617971897125,2.7134103331038864,0.27722772277227725,0.026865448842612737,0.09690751189656736,0.026414009948846365,0.026760213594777992,0.008416503493851266,0.011136105878418486,0.04226820643604994
21500249,1610612738,86,23,86.81655299663544,4.103059612135577,0.26744186046511625,0.047709995489948566,0.1783938961798077,0.04726125917824209,0.04729981331663539,0.011124288697270106,0.02489932447095005,0.06645422483899521
21500249,1610612753,89,28,92.35149312019348,3.6320161145604946,0.3146067415730337,0.04080916982652241,0.12971486123430337,0.03932817967364646,0.038603247194710096,0.013405816066014868,0.011420237567294537,0.0617535227314801
21500250,1610612756,94,29,92.96680299937725,2.1964250878431577,0.30851063829787234,0.023366224338756996,0.07573879613252268,0.02362590749579579,0.02383911767467235,0.0116137552992571,0.0016089089036037509,0.04329810122485342
21500250,1610612761,86,23,84.35499496757984,2.92786251623214,0.26744186046511625,0.03404491297944349,0.1272983702709626,0.03470882213148617,0.033672151611787556,0.010821666146171673,0.010765720068767715,0.053102146001442085
21500251,1610612755,77,34,78.82192292809486,3.5818425061075034,0.44155844155844154,0.04651743514425329,0.10534830900316186,0.04544221167218963,0.04557071136750501,0.015167263190834996,0.019681929052395804,0.07223568451862174
21500251,1610612763,81,10,76.62753293663263,1.1849765014900058,0.12345679012345678,0.014629339524567972,0.11849765014900057,0.015464108735823788,0.014049278144478062,0.012568062814195395,-0.01118576500073687,0.03962864372904207
21500252,1610612745,94,22,93.9179128408432,2.1591832875013957,0.23404255319148937,0.022970034973419103,0.09814469488642708,0.02299011149407066,0.023091519258730514,0.01010164069740507,0.0035809684403801624,0.042083642563364665
21500252,1610612752,78,18,72.71842455863953,0.9185889454492272,0.23076923076923078,0.011776781351913169,0.051032719191623735,0.012632134854743515,0.013319205407703816,0.015150627100215322,-0.017925950680071297,0.044359731312097826
21500253,1610612747,99,31,95.54059380292892,4.250863784878267,0.31313131313131315,0.042938018029073405,0.1371246382218796,0.04449275031351073,0.04483917825970469,0.011291951131494695,0.021213736963634412,0.06690726674264579
21500253,1610612754,83,24,82.30007161200047,3.9297587495599844,0.2891566265060241,0.047346490958554026,0.16373994789833268,0.04774915346473371,0.04580073178023618,0.014659511973167356,0.019463806354633056,0.0784558259585754
21500255,1610612738,80,20,79.64641197025776,1.9107104361322,0.25,0.0238838804516525,0.09553552180661,0.023989912274337152,0.023953638467428037,0.014595230587585427,-0.0032943318497076143,0.05267205830044674
21500255,1610612748,74,15,77.7652729973197,2.1563319265794725,0.20270270270270271,0.029139620629452332,0.14375546177196483,0.027728725734092054,0.027927335753283634,0.013192354739345387,0.0006270372870325076,0.048512217265520005
21500256,1610612737,89,28,91.51216712594032,4.723937591527173,0.3146067415730337,0.053077950466597454,0.1687120568402562,0.05162086900451198,0.05186069635131168,0.009694137830453892,0.03468731090138481,0.07315944776385025
21500256,1610612760,92,16,86.06887146830559,2.607017409534311,0.17391304347826086,0.028337145755807727,0.16293858809589443,0.030289898834032363,0.029245993160240725,0.00865620076603764,0.015373284509835439,0.045996132587842624
21500257,1610612741,86,16,87.288380920887,2.764145992871455,0.18604651162790697,0.03214123247524948,0.17275912455446593,0.03166682625694149,0.031254811445177146,0.007989987119198115,0.01579074942803374,0.04527451341882473
21500257,1610612759,89,14,89.59445036947727,1.306956280139612,0.15730337078651685,0.014684902024040583,0.09335402000997228,0.014587469142897509,0.014944384422386095,0.007914216510048738,-0.0010518839874409337,0.02840444700580939
21500258,1610612743,75,22,70.88868580758572,2.4636382797889107,0.29333333333333333,0.032848510397185476,0.11198355817222322,0.03475361761503103,0.035017329892535434,0.016644386570908002,0.00561014334883091,0.06261331549976873
21500258,1610612749,77,18,78.93162050843239,4.17272941154329,0.23376623376623376,0.05419129105900376,0.23181830064129386,0.05286511773944272,0.05286117384916521,0.011957413512347597,0.032450666141622425,0.0789437539383239
21500259,1610612744,82,28,83.72016409039497,4.54846298536564,0.34146341463414637,0.05546906079714196,0.16244510662020145,0.05432936061203295,0.05561444615079689,0.013969519583230299,0.03240037249286385,0.08257555383550466
21500259,1610612762,89,19,83.36183299869299,0.40657950638132845,0.21348314606741572,0.004568309060464365,0.02139892138849097,0.004877286064327581,0.004578487809534331,0.014854418983965615,-0.025677121466008746,0.030535745181581725
21500261,1610612746,86,15,78.35819521546364,1.9094816344457821,0.1744186046511628,0.022203274819137,0.1272987756297188,0.02436862703633269,0.023498115385240412,0.010373351942927985,0.004623759439905653,0.04558131743955027
21500261,1610612757,87,20,79.08639591932297,2.162423131740863,0.22988505747126436,0.02485543829587199,0.10812115658704316,0.027342542375388787,0.026667209372300837,0.012132161425487011,0.002498554373297769,0.05117118774076178
21500262,1610612739,82,28,79.94209998846054,3.6381607702528056,0.34146341463414637,0.04436781427137568,0.12993431322331447,0.04550994745919817,0.042926031988231535,0.01814177575332967,0.002030287475521484,0.07400375049959917
21500262,1610612764,79,27,80.11362149566412,4.589161344662454,0.34177215189873417,0.05809064993243613,0.169968938691202,0.057283159330287256,0.056334021830754824,0.015081590651623787,0.02727107483583652,0.08363167391221442
21500263,1610612747,89,33,87.08446726202965,5.198009326445423,0.3707865168539326,0.058404599173544076,0.15751543413470978,0.05968928202551967,0.060808080751935806,0.015568261955338525,0.030584867298626157,0.08820569384483631
21500263,1610612755,80,28,80.83589793741703,3.575118876213234,0.35,0.044688985952665426,0.1276828170076155,0.04422687156863258,0.04412554153342091,0.013045855096350862,0.019156242204006593,0.07026906629415443
21500264,1610612751,84,12,79.80933681130409,1.8822108590834232,0.14285714285714285,0.022407272131945516,0.1568509049236186,0.02358384287208899,0.023448833565571432,0.010901358749879733,0.0017141639546696822,0.04479622687623371
21500264,1610612756,75,27,76.45226795971394,3.8038190323549523,0.36,0.05071758709806603,0.14088218638351677,0.04975416863184951,0.04899950770954124,0.011289700905975641,0.027256413530162827,0.0693893210187415
21500266,1610612740,78,26,78.99454306811094,2.723739823326099,0.3333333333333333,0.034919741324693575,0.10475922397408073,0.034480100998592104,0.03362851839017136,0.015540321373263572,0.002476321211115589,0.0611417423696898
21500266,1610612763,89,10,84.45166480541229,-0.31383562251672814,0.11235955056179775,-0.0035262429496261587,-0.03138356225167281,-0.0037161567298862204,-0.0034956626695807585,0.00739303391392335,-0.01938264668705464,0.00768276578068602
21500267,1610612742,94,28,88.47591385245323,5.377335182942558,0.2978723404255319,0.05720569343555913,0.19204768510509138,0.06077739069087284,0.05959932188596921,0.011013030546395044,0.03825748768283225,0.07970684057104249
21500267,1610612757,100,34,97.25900313258171,4.9596334132872375,0.34,0.04959633413287237,0.14587157097903639,0.050994080275800845,0.05044548965999976,0.01668013175065865,0.019814872680169973,0.0815428196339435
21500268,1610612744,88,32,93.31073319911957,4.183207437402249,0.36363636363636365,0.04753644815229829,0.13072523241882028,0.04483093524166756,0.044530424802126885,0.010283896816264923,0.025074812847880917,0.06584129195219383
21500268,1610612766,94,28,95.71887817978859,4.516245591768756,0.2978723404255319,0.048045165869880384,0.16129448542031272,0.047182391578868076,0.04647426478316843,0.014354432183197183,0.01901167680991051,0.07727737924565953
21500269,1610612747,96,23,93.40235686302185,3.9414071134422457,0.23958333333333334,0.041056324098356724,0.17136552667140198,0.042198154798411255,0.04164095974955243,0.011540083521353434,0.02270529837093399,0.06659253218976297
21500269,1610612764,79,23,78.9991733878851,2.7147185735754724,0.2911392405063291,0.03436352624779079,0.11803124232936836,0.03436388581240253,0.031358689464741955,0.012471234451676683,0.008651360980895393,0.05581492024318658
21500270,1610612756,97,36,97.67283397912979,3.0739797058831906,0.3711340206185567,0.03169051243178547,0.08538832516342196,0.0314722075796431,0.032966333028084376,0.013142454346049623,0.007395978961398717,0.05914142032601682
21500270,1610612765,87,26,86.68053190410137,2.915181859312015,0.2988505747126437,0.03350783746335649,0.11212237920430826,0.03363133330258303,0.034830548859537194,0.01607692831897941,0.0062799683466323655,0.0662730890381839
21500271,1610612752,87,17,85.0239269733429,2.522902244346477,0.19540229885057472,0.028998876371798588,0.14840601437332218,0.029672850151198842,0.029791726250681955,0.010984472120572462,0.0091220894435497,0.050725451389374315
21500271,1610612755,86,31,89.07185107469559,2.574155332380695,0.36046511627906974,0.029932038748612735,0.08303726878647404,0.028899762397685106,0.02897785005678802,0.014066576119782558,-0.0009700061958464486,0.05208424696313036
21500272,1610612737,88,25,92.3548193871975,3.547096264398351,0.2840909090909091,0.040307912095435806,0.14188385057593403,0.03840726762213841,0.03690894390508499,0.009699586080142037,0.018001141905840002,0.05559136763915296
21500272,1610612761,78,19,76.95118707418442,2.504515036019517,0.24358974358974358,0.03210916712845535,0.1318165808431325,0.0325468018265274,0.03196029486726746,0.009465380205655835,0.015446586392033732,0.05245724183188206
21500275,1610612749,77,13,72.44215039908886,1.552580549307254,0.16883116883116883,0.020163383757237065,0.11942927302363492,0.02143200527253787,0.022264860826065044,0.016712711956397446,-0.011697610362699078,0.05255877152796989
21500275,1610612759,89,20,88.82854668796062,3.724104159362403,0.2247191011235955,0.041843866959128125,0.18620520796812015,0.04192463231943374,0.041637407520165474,0.01120207136856236,0.019957754928081984,0.06594391925713272
21500277,1610612748,81,16,80.75460921227932,2.4513758987174334,0.19753086419753085,0.030263899984165846,0.1532109936698396,0.03035586355539795,0.029280577749027863,0.008928906036522403,0.012897474584943927,0.04527900347568862
21500277,1610612760,77,19,76.47012020647526,1.7541624818220902,0.24675324675324675,0.022781330932754418,0.09232434114853107,0.02293918823568886,0.024129610543862656,0.011580907728425445,-5.08723630476034e-05,0.045616639845217646
21500278,1610612743,81,27,80.91060934960842,0.0044495352100654695,0.3333333333333333,5.493253345759839e-05,0.00016479760037279515,5.4993223334153566e-05,-0.00015101437480190036,0.0161255960619353,-0.030598099997010006,0.03129155420033025
21500278,1610612761,92,24,89.99057774245739,2.49005259247532,0.2608695652173913,0.027065789048644782,0.10375219135313833,0.027670147863719265,0.02687420383975198,0.013746070133016345,0.0017538386593540635,0.052117936929200886
21500279,1610612753,89,22,84.71368262171745,3.1867215760535865,0.24719101123595505,0.03580586040509648,0.14485098072970848,0.03761755453701205,0.03828213854955202,0.01171460144936592,0.015075109419538836,0.06132099591522561
21500279,1610612762,72,29,71.43120822310448,5.620068306091579,0.4027777777777778,0.07805650425127192,0.1937954588307441,0.07867805187528332,0.07945869845842746,0.01666172013926729,0.04631584403081307,0.11489372516718432
21500280,1610612759,80,19,79.22218215465546,2.2520609725506233,0.2375,0.02815076215688279,0.11852952487108544,0.028427151478284316,0.028069016825482372,0.012414133850226626,0.0025934911039851853,0.05046018549472376
21500280,1610612763,80,17,75.9095467031002,2.4406079638721674,0.2125,0.03050759954840209,0.1435651743454216,0.03215152862680039,0.032644362995911405,0.012590348741010955,0.009597941922091662,0.05615958238232573
21500281,1610612754,87,25,84.04641517996788,2.631517704360789,0.28735632183908044,0.03024732993518148,0.10526070817443156,0.03131029085209574,0.031756935838066075,0.00879831863833401,0.01515288563979515,0.047721429592637164
21500281,1610612757,85,35,86.20313020050526,5.3088050643141536,0.4117647058823529,0.06245653016840181,0.1516801446946901,0.06158482936717114,0.06207741624649518,0.012453831578894453,0.040589555770218076,0.0870256171568632
21500283,1610612751,91,10,91.7048599421978,2.5637732601284235,0.10989010989010989,0.028173332528883776,0.25637732601284235,0.027956787260177786,0.02861578177175942,0.0100366876564734,0.01196580474700872,0.0498862874519125
21500283,1610612752,87,26,85.14454431831837,4.2724831513076955,0.2988505747126437,0.04910900173916891,0.16432627505029598,0.050179176898695256,0.050207133735901015,0.012377551473845288,0.02387787386739228,0.07290776680210136
21500286,1610612737,72,23,77.33853155374527,3.202666562383793,0.3194444444444444,0.044481480033108235,0.13924637227755624,0.04141100817460113,0.041777051749842344,0.010398325553443435,0.022191114999757115,0.06309916456750943
21500286,1610612747,82,25,77.04412046074867,3.4514202797418383,0.3048780487804878,0.04209049121636388,0.13805681118967353,0.04479797107295447,0.04625805307722152,0.011319904527696815,0.025661468587538153,0.06929640989037239
21500287,1610612742,78,27,82.05744634568691,3.5309365780610724,0.34615384615384615,0.04526841766744965,0.13077542881707677,0.043030056811494535,0.044765770698294495,0.016251149369567734,0.010822366447235486,0.07875077078920524
21500287,1610612745,79,22,83.23593742400408,3.30677136588083,0.27848101265822783,0.04185786539089658,0.15030778935821953,0.0397276881623394,0.03965223787660931,0.012931554236375221,0.010919899362952016,0.06259598665997015
21500288,1610612739,89,34,87.32740465551615,3.8681638635525206,0.38202247191011235,0.04346251532081484,0.11376952539860355,0.04429495962706574,0.044590111984392236,0.015591212317214439,0.015381772914101545,0.07038404054901157
21500288,1610612740,82,28,81.34664317965508,3.0079815409395505,0.34146341463414637,0.036682701718775,0.10742791217641252,0.036977328422715436,0.038121188092943584,0.013884213976861294,0.008688158943605943,0.06483484497476491
21500290,1610612744,73,29,73.98714990913868,3.3674809186322543,0.3972602739726027,0.04612987559770211,0.11612003167697428,0.04551440247080409,0.04616647845704528,0.011521510979697516,0.02398932546907116,0.07015500630149021
21500290,1610612761,91,22,91.45924603939056,0.318928244482624,0.24175824175824176,0.003504705983325539,0.01449673838557382,0.003487107736983365,0.00559789069478422,0.01126481195438836,-0.022454350909818836,0.026252588099257314
21500291,1610612739,85,27,83.70139522850513,3.5886202424490508,0.3176470588235294,0.04221906167587119,0.13291186083144632,0.04287407913156171,0.04218278433153697,0.01199807169150851,0.01791035588542192,0.06237041875041684
21500291,1610612748,68,17,71.2314587533474,3.278855322007534,0.25,0.048218460617757856,0.19287384247103143,0.04603100061956052,0.0465033497759133,0.012421376660284499,0.02582363992851609,0.07204640702568023
21500292,1610612741,87,27,86.9767809510231,3.809669216096465,0.3103448275862069,0.04378930133444213,0.14109885985542464,0.04380099118915084,0.04314068851913305,0.011560447346470397,0.021216023165186546,0.06373564277472198
21500292,1610612766,86,26,85.84567300975323,3.53528307683432,0.3023255813953488,0.04110794275388744,0.13597242603208923,0.0411818435674989,0.04121941098508522,0.009007772827457673,0.02386880877365531,0.059068072632509024
21500293,1610612745,76,33,81.54639136791229,3.339457636213065,0.4342105263157895,0.04394023205543506,0.10119568594585045,0.04095162986607779,0.04081189321522225,0.012407776044956567,0.016406404639824294,0.06471724332208383
21500293,1610612758,97,25,103.63992618024349,3.605928393911683,0.25773195876288657,0.03717451952486271,0.14423713575646732,0.03479284988721912,0.03408014751621393,0.00890514161825965,0.01886050381476971,0.050140993316513345
21500294,1610612750,82,15,78.54633554816246,2.6079327221931385,0.18292682926829268,0.0318040575877212,0.17386218147954258,0.033202474743000907,0.03270499285227377,0.009322895156790644,0.01596536840425164,0.05322279398316495
21500294,1610612757,75,20,73.35096047818661,3.5236822482093846,0.26666666666666666,0.046982429976125124,0.17618411241046922,0.04803866541403055,0.047998312983446,0.012598442602083289,0.020332877695865767,0.06999123020448189
21500295,1610612749,89,7,79.78279921412468,1.0029264649228917,0.07865168539325842,0.011268836684526874,0.1432752092746988,0.012570710413797245,0.011773594276019206,0.0070225624275908885,-0.0005686219939061503,0.025816118082986637
21500295,1610612752,74,25,72.34245909750462,4.876998034457009,0.33783783783783783,0.06590537884401364,0.19507992137828037,0.06741543065164116,0.06891279935622381,0.0173930202890547,0.03349694294639126,0.10142795510127676
21500296,1610612738,83,23,83.89327475428581,4.054848077519544,0.27710843373493976,0.0488535912954162,0.17629774250084976,0.048333410388326704,0.04715997059006241,0.011721837995115746,0.02763103621876314,0.06915629247727645
21500296,1610612759,78,18,74.85925841331482,2.583442433907737,0.23076923076923078,0.033121056844970985,0.14352457966154095,0.034510660253190995,0.03470695306038217,0.009200024709094702,0.01613884216400594,0.05425573117006769
21500297,1610612754,93,20,89.95877635478973,2.7034844784145458,0.21505376344086022,0.029069725574349954,0.13517422392072728,0.030052481680633736,0.02974995704029122,0.009414227422352916,0.01213201386619312,0.04844566288086603
21500297,1610612762,92,23,91.1366045922041,4.352788078784825,0.25,0.04731291389983506,0.18925165559934023,0.04776113942648645,0.04879942811955508,0.012309088769818016,0.025610767398160688,0.07362922273407586
21500298,1610612746,82,25,76.71149073541164,3.289394983387357,0.3048780487804878,0.0401145729681385,0.1315757993354943,0.04288008161297409,0.041510728106898355,0.013038317860050929,0.015101698851529326,0.06643255323691352
21500298,1610612753,89,17,89.5614251345396,1.6076329624510657,0.19101123595505617,0.018063291712933322,0.09456664485006269,0.017950060084864345,0.018581437632481674,0.00755503323982225,0.004098264361471386,0.03499731527243535
21500299,1610612756,82,31,82.0608421266079,3.995919050978739,0.3780487804878049,0.04873072013388706,0.12890061454770124,0.04869458986069896,0.04867970936458702,0.012522421724667875,0.026984944703360172,0.07515241205976712
21500299,1610612763,91,14,89.24324518442154,1.8019593719233369,0.15384615384615385,0.01980175133981689,0.12871138370880977,0.02019154915534033,0.02029359198515052,0.007513639219037732,0.006073184198231977,0.03528878614599567
21500300,1610612744,85,32,88.37507521361113,4.2081702465820285,0.3764705882352941,0.04950788525390622,0.1315053202056884,0.0476171616987083,0.04619852219021144,0.018205729287292003,0.011003932425970381,0.08125490743659104
21500300,1610612751,89,19,87.72812147438526,3.1422414107118666,0.21348314606741572,0.03530608326642547,0.16538112687957193,0.035817949340558194,0.03664931321179656,0.0120132542436217,0.009590205636334738,0.05614672709105407
21500301,1610612747,80,20,78.73824366927147,3.486744912805203,0.25,0.04358431141006504,0.17433724564026015,0.044282736702265894,0.04445416222594105,0.01022618203107448,0.024560864147609805,0.06267482418027089
21500301,1610612765,94,26,95.15813390910625,3.1886706183901934,0.2765957446808511,0.03392202785521482,0.12264117763039205,0.033509175594342445,0.03321624911389906,0.009666799832970219,0.015773431731120172,0.055344702667276674
21500302,1610612742,76,29,74.29255822300911,3.9418792613148987,0.3815789473684211,0.05186683238572235,0.1359268710798241,0.053058870977121114,0.05339835089178861,0.018308710619436598,0.019164221659796154,0.08862337794745329
21500302,1610612764,90,29,91.46316277980804,5.611550581574368,0.32222222222222224,0.06235056201749297,0.19350174419221958,0.06135312196762571,0.061145606719598095,0.011107062013735616,0.04011626851491112,0.08267778115839358
21500303,1610612758,88,23,91.7715370208025,2.8226723261126043,0.26136363636363635,0.032075821887643234,0.12272488374402628,0.030757601079218815,0.03113334842228628,0.010395596893825248,0.012412053135460007,0.05435354509566686
21500303,1610612760,86,25,90.0053775086999,3.406266033556034,0.29069767441860467,0.03960774457623295,0.13625064134224135,0.03784513912212396,0.03732632598229691,0.011324131335030244,0.01437857234546158,0.056612140114003076
21500304,1610612765,87,34,86.3800685480237,4.020862770395625,0.39080459770114945,0.046216813452823274,0.11826066971751838,0.04654850173174143,0.04697792829298039,0.013299042891111477,0.02017114834062812,0.07373828871508427
21500304,1610612766,84,25,87.36480750143528,3.8523931957238307,0.2976190476190476,0.04586182375861703,0.15409572782895323,0.044095480845196634,0.043411394173148654,0.011562537844647421,0.021477212727583905,0.06502682551553851
21500307,1610612742,82,30,81.18575474619865,4.87069809511131,0.36585365853658536,0.059398757257455,0.162356603170377,0.05999449177183845,0.06008609122540923,0.012868666195899327,0.03367534888616113,0.08468182759859687
21500307,1610612752,84,22,80.19893471896648,3.748775655210909,0.2619047619047619,0.044628281609653674,0.17039889341867767,0.04674345947795176,0.046873959309924,0.012518684639506911,0.021119594736555673,0.07039736248524266
21500308,1610612747,83,19,79.91729916632175,1.7755874338190676,0.2289156626506024,0.021392619684567078,0.09345197020100356,0.022217810816200913,0.022196731161849705,0.009154707105769896,0.008033667550390838,0.040329550904563596
21500308,1610612761,74,30,78.53039571642876,5.718216752095436,0.40540540540540543,0.07727319935264103,0.19060722506984787,0.07281533092923369,0.07373915099555857,0.012663645851852222,0.0478418414187946,0.09789415655546092
21500309,1610612741,90,20,89.1688924729824,3.2698159867459626,0.2222222222222222,0.03633128874162181,0.16349079933729813,0.03666991813021223,0.03741420557517126,0.010586724531177802,0.019374764389655467,0.05881799728369454
21500309,1610612756,92,18,92.10659074783325,1.4669678917039919,0.1956521739130435,0.015945303170695563,0.08149821620577732,0.015926850400100185,0.016212161122448367,0.007006932596780389,0.0031246393102797513,0.029896072879207508
21500310,1610612749,73,12,71.67196160554886,2.4024575853454038,0.1643835616438356,0.03291037788144389,0.20020479877878364,0.03352018741397759,0.03385621664720177,0.010093400418631724,0.015461317317165336,0.05347990327623073
21500310,1610612757,85,29,87.07174909114838,4.037097990154486,0.3411764705882353,0.04749527047240571,0.13921027552256848,0.04636518770202232,0.045731503727003166,0.012658230851167898,0.019583620556558403,0.06896924009246408
21500311,1610612746,86,21,87.0425625294447,1.9076222704558377,0.2441860465116279,0.02218165430762602,0.09083915573599227,0.021915970934455527,0.021091185033500395,0.01186062108859108,-0.002100982538204214,0.04366426367652473
21500311,1610612750,82,18,81.28820422291756,0.591308800151131,0.21951219512195122,0.007211082928672329,0.032850488897285056,0.007274226387503631,0.006130666118595668,0.013561079436123625,-0.021021556133959673,0.030713340212930307
21500312,1610612738,81,29,84.90681676566601,4.193323267935734,0.35802469135802467,0.051769423060934995,0.14459735406674945,0.049387356959911366,0.047681217403711715,0.010209171136762485,0.029296698779499135,0.0678392185262663
21500312,1610612740,90,13,85.3670532554388,0.8085876843984341,0.14444444444444443,0.008984307604427045,0.06219905264603339,0.009471894057054363,0.009240570328567496,0.007915642385967085,-0.00581186090490597,0.02420095473443358
21500313,1610612739,79,21,77.82040101289749,3.05428648635751,0.26582278481012656,0.038661854257690004,0.1454422136360719,0.03924788932726408,0.03890137591257974,0.008798101160672494,0.022938138508023974,0.056129675292964656
21500313,1610612757,79,25,72.36929751932621,0.706245491167259,0.31645569620253167,0.008939816343889354,0.02824981964669036,0.009758910413337317,0.01059947395344583,0.015312455532788607,-0.020747773257098475,0.035983747432507124
21500315,1610612745,82,33,84.81384417414665,4.165079682129276,0.4024390243902439,0.050793654660113124,0.12621453582209927,0.04910848839226291,0.04738599043347747,0.016186949321205398,0.015022989361300058,0.07722551714045417
21500315,1610612751,81,17,84.69356793165207,3.896356849782213,0.20987654320987653,0.04810317098496559,0.22919746175189487,0.046005345446381275,0.04670198988615702,0.010382425304957824,0.026654241001370694,0.06743372764344938
21500316,1610612760,84,23,87.30051878094673,5.4860217592578016,0.27380952380952384,0.06530978284830716,0.23852268518512182,0.06284065473910015,0.062110591499278674,0.012889064844190177,0.038369239318425646,0.08737192067023182
21500316,1610612763,81,14,80.70514860749245,1.7154076018493907,0.1728395061728395,0.021177871627770257,0.12252911441781363,0.021255243704366798,0.021066731365144267,0.008372110117830997,0.004488652092209204,0.036660181853620154
21500317,1610612743,84,21,82.41041061282158,1.4878072387775325,0.25,0.017711990937827767,0.07084796375131107,0.01805363215295103,0.01826667727114007,0.011241566925205997,-0.00464962899077231,0.038877972013068265
21500317,1610612753,88,17,88.62306921184063,2.4267477104937707,0.19318181818181818,0.027576678528338304,0.14274986532316297,0.027382799220065163,0.027263664270340576,0.010610459528702893,0.010361286050354579,0.04840407356518463
21500318,1610612758,77,25,82.85141648352146,2.0197277487106184,0.3246753246753247,0.026230230502735305,0.08078910994842474,0.024377709331165478,0.02358726278501074,0.013313945526598885,0.00013244889118944672,0.04753005133641038
21500318,1610612762,92,37,92.32695478200912,6.9050841057822065,0.40217391304347827,0.07505526201937181,0.18662389475087043,0.07478947098478043,0.07451220991905544,0.012126458643235414,0.054294639556768345,0.09918971109191654
21500320,1610612748,75,19,74.04294383525848,3.1929768693757947,0.25333333333333335,0.0425730249250106,0.1680514141776734,0.04312331066252571,0.04305247895923646,0.008531207069165095,0.02686548184039071,0.05931443255867997
21500320,1610612766,81,25,77.22213324904442,1.689486154603665,0.30864197530864196,0.020857853760539075,0.0675794461841466,0.021878263180777534,0.02226408586045335,0.011907681505203637,-0.0005964576234848589,0.04542048192408008
21500321,1610612745,83,29,79.30249533057213,4.198265635454889,0.3493975903614458,0.05058151368017939,0.14476778053292721,0.052939893227248846,0.05206990836606015,0.017499428301541532,0.015812327053514198,0.08102659352895797
21500321,1610612764,89,23,94.4207418859005,3.9995636426061023,0.25842696629213485,0.04493891733265284,0.17389407141765661,0.042358951674402616,0.04222170740175918,0.00857472488978144,0.025723175851408348,0.05762444571606867
21500322,1610612763,88,18,83.097407348454,1.770429581050799,0.20454545454545456,0.02011851796648635,0.09835719894726662,0.021305473149442818,0.019872276293031704,0.015343938548438917,-0.01356981302786865,0.04746814009251025
21500322,1610612765,87,28,85.86357042193413,3.967531824105588,0.3218390804597701,0.045603814070179174,0.14169756514662815,0.04620739394610673,0.047556232805878215,0.01178718210725471,0.023260339242849593,0.06873430977372688
21500323,1610612759,76,25,80.6207825243473,5.375222346036361,0.32894736842105265,0.07072660981626791,0.21500889384145444,0.06667291209202857,0.06497801159996903,0.012175884649976109,0.04190162311239356,0.09000875163016364
21500323,1610612761,64,11,65.51135820150375,1.859000926678194,0.171875,0.02904688947934678,0.16900008424347218,0.028376772787402266,0.02815134984475285,0.009747064682278268,0.00860644011006708,0.04653865435684516
21500324,1610612746,82,31,82.41780252754688,3.5154445864741666,0.3780487804878049,0.04287127544480691,0.11340143827336022,0.042653947068040106,0.04321278260333191,0.014608125675578877,0.01733058764151791,0.07059350511188921
21500324,1610612749,89,8,81.6345987021923,1.270909596226633,0.0898876404494382,0.014279883103670035,0.15886369952832913,0.015568271498007652,0.015106077453256015,0.005834044441297352,0.004867661418884617,0.02789886876029141
21500325,1610612747,93,24,87.72081699967384,3.145076734505327,0.25806451612903225,0.03381802940328309,0.13104486393772197,0.03585325401742463,0.03530860527988229,0.011089939077168572,0.015402937239712108,0.05471009688323616
21500325,1610612750,93,19,85.86198289692402,2.991060188593103,0.20430107526881722,0.032161937511753794,0.1574242204522686,0.03483567567014874,0.03396512770984742,0.011849796921933185,0.013220678293267032,0.05699619878852982
21500326,1610612753,85,23,81.8661940395832,3.145835144729231,0.27058823529411763,0.0370098252321086,0.13677544107518397,0.03842654689929991,0.03837309259228597,0.012054604514043707,0.014507878407462267,0.0621947554888207
21500326,1610612756,80,24,81.19859706610441,1.380450293760508,0.3,0.017255628672006352,0.05751876224002117,0.017000913114750896,0.01784505776105598,0.012048288233349282,-0.0091281947426178,0.03912407890769636
21500327,1610612752,78,21,73.95143592357635,3.8827868357502853,0.2692307692307692,0.04977931840705494,0.18489461122620407,0.05250454960418719,0.05163387309730956,0.010918366705219134,0.032598462504599746,0.0750893223586798
21500327,1610612762,80,23,81.03663551807404,3.80133808894007,0.2875,0.047516726111750875,0.16527556908435087,0.04690888342831357,0.04669622119818114,0.013130601166947552,0.02240279766143697,0.07407484338531194
21500328,1610612737,76,20,78.67056329548359,2.4010272479906,0.2631578947368421,0.03159246378935,0.12005136239953,0.030520021052505175,0.030453048699552555,0.010524296527604048,0.010951707286782842,0.04997933804605496
21500328,1610612742,88,26,87.17140145599842,3.9133662558648865,0.29545454545454547,0.04447007108937371,0.1505140867640341,0.0448927766503816,0.043935265804152086,0.014543237943924885,0.01250683139141586,0.07349614880609932
21500329,1610612751,74,15,72.30463534593582,1.754960757977869,0.20270270270270271,0.02371568591861985,0.11699738386519126,0.024271760027298358,0.02467082114813971,0.013650906346801326,-0.0013759847949059286,0.05178696021050365
21500329,1610612755,87,32,87.69933658838272,3.6371048971337268,0.367816091954023,0.04180580341533019,0.11365952803542896,0.04147243341422863,0.04291889117706924,0.012460420920756025,0.013381527993164416,0.0681667916728362
21500330,1610612741,87,21,83.46609807014465,2.538074391323087,0.2413793103448276,0.02917326886578261,0.12086068530109939,0.030408446662860616,0.029741611680861046,0.01229288174520506,0.006651538380008412,0.05476704905915198
21500330,1610612746,87,20,84.42311245203018,3.2072721019063892,0.22988505747126436,0.036865196573636655,0.16036360509531947,0.03799045082267944,0.03788981139985092,0.012484307335802445,0.012997176382756334,0.060255547252818474
21500331,1610612737,78,30,80.42169265449047,4.361200322077783,0.38461538461538464,0.055912824642022865,0.14537334406925945,0.054229153579426294,0.053400121064760026,0.01244639738556642,0.030052676232251194,0.07543494134868628
21500331,1610612760,80,16,76.48745170235634,3.2674756040921484,0.2,0.04084344505115185,0.20421722525575928,0.04271910661643193,0.04278408460102285,0.012112262040632968,0.02111375864110833,0.06608478919340796
21500332,1610612752,83,28,81.56486603617668,5.210583941276791,0.3373493975903614,0.06277811977441917,0.18609228361702826,0.06388270090415801,0.06517835456275137,0.016943776921198687,0.033493693697151376,0.10076219269051609
21500332,1610612758,93,16,96.06143912672997,2.2379083418414076,0.17204301075268819,0.02406353055743449,0.13986927136508798,0.023296635592654675,0.023960088637562618,0.007263608870709533,0.010805081585165953,0.039188550403226566
21500333,1610612748,81,19,77.31776647269726,3.2024987063118484,0.2345679012345679,0.039537021065578375,0.16855256349009728,0.041419958858262246,0.0414611837424222,0.011538246016825952,0.01699490953940659,0.0636750115969357
21500333,1610612754,85,30,88.34664838016033,3.2371697443974794,0.35294117647058826,0.03808434993408799,0.10790565814658265,0.036641681419172414,0.03624292126686127,0.014890613953941905,0.006390093742757539,0.062296774651921134
21500336,1610612738,114,33,107.45091015100479,1.70006715585526,0.2894736842105263,0.014912869788204035,0.05151718654106849,0.015821803216613913,0.01563083129447266,0.011828442941669659,-0.010225947781628332,0.03620592812942443
21500336,1610612744,108,31,111.25886952877045,0.7856201793926865,0.28703703703703703,0.007274260920302652,0.025342586432022144,0.007061191460241584,0.007062411298722,0.0075759886644670895,-0.007183633592926976,0.02017488382768495
21500337,1610612749,80,12,75.9499782025814,2.713314594355392,0.15,0.0339164324294424,0.226109549529616,0.03572502137022564,0.0348335830260147,0.012299005772857774,0.011982570784113824,0.05786174069269457
21500337,1610612761,70,21,69.63095885515213,3.3252229294972073,0.3,0.04750318470710296,0.15834394902367654,0.047754949582331764,0.04852589006672103,0.01101989037814882,0.027028298204860655,0.07156352170093794
21500338,1610612763,80,16,71.73047321289778,1.3678679336251967,0.2,0.01709834917031496,0.08549174585157479,0.019069551229159352,0.0184727057070725,0.012352627320088077,-0.0031908594028550934,0.04433370452814791
21500338,1610612766,78,35,80.8423245549202,4.261112206976014,0.44871794871794873,0.05462964367917966,0.12174606305645753,0.052708927290694485,0.052946411357205354,0.011645862561086576,0.03191903911306123,0.07442437464309458
21500339,1610612740,79,30,72.60509700328112,1.8257139790918497,0.379746835443038,0.023110303532808223,0.060857132636394994,0.025145810066328312,0.0245822426474513,0.017413803752727698,-0.005873728276011025,0.053874093716551656
21500339,1610612764,80,29,80.72402620315552,4.417198939759334,0.3625,0.05521498674699168,0.1523172048192874,0.05471975504099256,0.05492048323042227,0.012350758507586214,0.030442367487539507,0.0801956150316195
21500340,1610612743,86,28,92.86837913095951,3.0109628214438082,0.32558139534883723,0.03501119559818382,0.10753438648013601,0.032421830224880537,0.03145875336194224,0.011324874025477018,0.009140838062182454,0.053161636522985965
21500340,1610612750,87,22,82.26819318532944,2.0242693685552093,0.25287356321839083,0.023267464006381716,0.09201224402523679,0.024605735098557985,0.02421275575854021,0.01310186032835534,-0.0012508290018269064,0.04859163480110882
21500342,1610612747,88,26,84.11097264289856,3.9113390952842475,0.29545454545454547,0.04444703517368463,0.15043611904939413,0.04650212656427389,0.04583228428057108,0.011266587414783768,0.023018047958411465,0.06684186791525852
21500342,1610612759,82,13,81.6001293361187,2.6500055983585495,0.15853658536585366,0.032317141443396945,0.2038465844891192,0.032475507329687237,0.03237630530591629,0.009245901747567425,0.01673717099533904,0.048924673955381644
21500343,1610612756,82,34,78.45700722932816,3.1961722135800756,0.4146341463414634,0.03897770992170824,0.09400506510529634,0.040737880865602386,0.04126086670192065,0.012799935820647508,0.015680524912022615,0.06411780282823643
21500343,1610612757,96,31,94.04174968600273,4.233169394179527,0.3229166666666667,0.04409551452270341,0.13655385142514603,0.04501372431195415,0.046068305349452165,0.014738855819579684,0.02155916577930992,0.07535458446205677
21500345,1610612738,96,27,94.84628364443779,4.321306628089477,0.28125,0.045013610709265385,0.1600483936329436,0.04556115919406293,0.04599399288656283,0.009226395403481896,0.028542926083590357,0.06310135594902795
21500345,1610612766,88,31,86.4632984995842,3.1887916161116507,0.3522727272727273,0.03623626836490512,0.102864245681021,0.03688029107664665,0.03652321647850185,0.011438927735025235,0.013487250052034258,0.058431353324376836
21500346,1610612754,82,15,83.13837733864784,2.048682477245033,0.18292682926829268,0.024983932649329674,0.13657883181633554,0.024641838616841508,0.024779310016929637,0.011807863019082461,0.0033765849715693213,0.04830649482635394
21500346,1610612765,90,28,93.70921314507723,4.106723838775118,0.3111111111111111,0.045630264875279096,0.1466687085276828,0.043824120392700734,0.04408432224373591,0.013844158964540021,0.014558652106186383,0.07156056318041387
21500347,1610612737,78,20,84.61371836066246,4.069767907496271,0.2564102564102564,0.052176511634567574,0.20348839537481353,0.04809820424330076,0.04695374914823248,0.01146623961005042,0.025706708236454774,0.07148077234678009
21500347,1610612759,71,16,69.21615239977837,2.5663563814385526,0.22535211267605634,0.036145864527303555,0.16039727383990954,0.03707742040637859,0.03654731705294417,0.010210403527496309,0.017744651741889855,0.05520858777900192
21500349,1610612745,90,32,98.41525791585445,4.491832038798211,0.35555555555555557,0.049909244875535684,0.1403697512124441,0.04564162238581695,0.045503116977484305,0.010053495830893003,0.027293939921887854,0.06421307691730249
21500349,1610612747,88,33,85.95121310651302,5.4076204924682845,0.375,0.06145023286895778,0.16386728765055408,0.06291499906775042,0.06308919938172357,0.013206377601859432,0.0398881292050094,0.08763482354753183
21500350,1610612742,87,28,86.77813145518303,4.287326435948617,0.3218390804597701,0.049279614206305944,0.15311880128387917,0.04940560904060059,0.05021448797096257,0.011712073189876293,0.029243103004422965,0.07243057362399945
21500350,1610612764,84,27,86.88966605067253,6.166996404553413,0.32142857142857145,0.07341662386373111,0.228407274242719,0.07097502712183205,0.06871180665392057,0.011963760954103465,0.04613569278970219,0.09300152155837277
21500351,1610612744,88,22,94.0032409131527,2.685206770561187,0.25,0.03051371330183167,0.12205485320732667,0.028565044614174355,0.028912431612802623,0.007907616019176566,0.01464622013239166,0.04436667860804485
21500351,1610612749,87,14,86.91177071630955,2.5079979242112227,0.16091954022988506,0.028827562347255434,0.1791427088722302,0.02885682691240556,0.027759182188203536,0.009932131519242948,0.007951963916590962,0.048546937468236545
21500352,1610612752,75,20,70.58635479211807,4.533385418829376,0.26666666666666666,0.06044513891772501,0.22666927094146877,0.06422467107389983,0.06422617241929708,0.011958801983862065,0.04163156028724574,0.08831045500703343
21500352,1610612757,89,25,90.37636229395866,2.9216995251251845,0.2808988764044944,0.03282808455196837,0.11686798100500738,0.03232813814326857,0.03185723342576679,0.012113905143518806,0.008595507310679608,0.05437915562995161
21500353,1610612750,73,20,74.24716636538506,2.575232625471901,0.273972602739726,0.035277159253039744,0.12876163127359505,0.034684591366068704,0.03548052145761742,0.012986721528923093,0.01036604071026328,0.06182911779933006
21500353,1610612756,86,30,87.0078357309103,2.613077658794759,0.3488372093023256,0.03038462393947394,0.08710258862649196,0.03003267046977517,0.02877404575903661,0.01420669155080787,-0.004743346808921637,0.05165368266706912
21500355,1610612755,84,26,81.64897717535496,3.970292963873957,0.30952380952380953,0.04726539242707092,0.15270357553361372,0.048626364973894075,0.05041380811499824,0.011032725204189565,0.02948745879297126,0.07002437521564045
21500355,1610612761,78,21,75.61435426771641,2.466686392875753,0.2692307692307692,0.03162418452404812,0.11746125680360728,0.032621932922184675,0.030446235179154294,0.01405773556890091,0.005325166402794075,0.05415645039539394
21500356,1610612760,55,16,57.54789723455906,2.7408870987958647,0.2909090909090909,0.04983431088719754,0.17130544367474154,0.04762792787413765,0.04762185120949036,0.021283386527223672,0.00683256413591122,0.09135499920619876
21500356,1610612762,70,17,68.596455745399,2.494823835392562,0.24285714285714285,0.03564034050560803,0.146754343258386,0.036369573446364226,0.03679759214586827,0.015037648565830428,0.010061262227317671,0.06792080868335765
21500357,1610612754,83,20,74.72556285560131,1.4686954381666049,0.24096385542168675,0.017695125761043432,0.07343477190833024,0.019654524931510955,0.019630683556123504,0.011181260194282732,-0.003433048269618608,0.03893090283686326
21500357,1610612761,78,25,76.63125433027744,5.378936244297522,0.32051282051282054,0.06896072108073746,0.21515744977190088,0.07019245986910949,0.070527795969322,0.014824837613574239,0.04123212523107223,0.09849540217538026
21500360,1610612737,84,28,84.86765952408314,2.4611184457676822,0.3333333333333333,0.029299029116281933,0.0878970873488458,0.028999485311236653,0.02808104116617814,0.014085514144992234,0.001026086437007607,0.05269316569986694
21500360,1610612748,89,16,87.18032029271126,2.799839563991514,0.1797752808988764,0.03145887150552263,0.17498997274946962,0.032115499858121024,0.03099963938630308,0.009897528391583643,0.011552556265950375,0.05036546358941689
21500362,1610612763,78,17,77.31730905175209,3.4957046780363634,0.21794871794871795,0.04481672664149184,0.2056296869433155,0.04521244622852206,0.04545362482412354,0.012042576852251083,0.023765470444690167,0.07455326011778038
21500362,1610612764,86,23,86.51047651469707,3.8928373820283393,0.26744186046511625,0.0452655509538179,0.16925379921862344,0.04499845034799911,0.045718697254145006,0.01209221394181872,0.024438932514230273,0.06842096764035845
21500363,1610612742,77,31,74.21248705685139,3.1020663655419964,0.4025974025974026,0.04028657617587009,0.10006665695296763,0.041799789881258397,0.041916793596589404,0.012253960985902146,0.018866661872668125,0.0627676404600393
21500363,1610612756,80,27,79.4827057570219,3.8260502466972977,0.3375,0.04782562808371622,0.1417055646924925,0.04813688978321281,0.04732451143875563,0.015423316060227331,0.016658504856491924,0.07649536100124157
21500364,1610612759,75,17,72.4521192163229,2.7430268873005286,0.22666666666666666,0.036573691830673716,0.16135452278238405,0.037859857199077564,0.03901229691913957,0.013556436003691264,0.014174362005487549,0.06658031953910917
21500364,1610612762,79,12,75.24608343839645,1.7049332735827916,0.1518987341772152,0.021581433842820148,0.14207777279856595,0.022658099872780897,0.02260199250893599,0.009781070004774892,0.003778372425989835,0.04002985308327173
21500365,1610612743,82,27,86.52689136564732,3.0059235837414566,0.32926829268292684,0.03665760467977386,0.11133050310153543,0.03473976166598839,0.03416620200475785,0.010911677083934427,0.015758275994866656,0.058107506130893036
21500365,1610612745,87,37,88.07072386145592,5.733133090917306,0.42528735632183906,0.06589808150479662,0.15494954299776503,0.06509692255892094,0.06460829955195488,0.012829947997312243,0.03886975637526929,0.08910827490153463
21500366,1610612740,82,24,78.51791954040527,2.654315060245544,0.2926829268292683,0.032369695856652975,0.11059646084356434,0.033805213838856686,0.03276083733056486,0.01259604631935712,0.005855565132478296,0.05604238118762809
21500366,1610612757,81,30,83.82580150663853,6.010548369077255,0.37037037037037035,0.07420430085280562,0.20035161230257517,0.0717028440056282,0.07321050197537671,0.012451089556422129,0.048056252527505415,0.10016234852809414
21500367,1610612738,87,29,84.01080772280693,4.339622710609779,0.3333333333333333,0.04988072081160666,0.14964216243481998,0.051655528952040716,0.05093529554571223,0.009524107478674278,0.03276090105952056,0.07167115978331794
21500367,1610612739,78,25,74.92658841609955,4.040667946676699,0.32051282051282054,0.05180343521380383,0.16162671786706795,0.05392835883888284,0.05316295920211065,0.01417637720754359,0.02527423399179759,0.0789329071266295
21500368,1610612743,73,20,69.4183063134551,1.2732817859957868,0.273972602739726,0.017442216246517626,0.06366408929978934,0.018342161507749016,0.017971694325466782,0.018145033596667155,-0.01949016698316274,0.049862886522865024
21500368,1610612750,76,13,71.21135342121124,2.5683201856624054,0.17105263157894737,0.033793686653452705,0.19756309120480042,0.036066161676087415,0.03539303547362764,0.009941797526439736,0.01716962250401452,0.05576737202992395
21500370,1610612747,87,25,90.02880737185478,4.245278605178695,0.28735632183908044,0.04879630580665166,0.1698111442071478,0.04715466892329258,0.047998436006536194,0.009699294929413805,0.030841504441548026,0.06712844160624966
21500370,1610612749,84,12,83.48747918009758,3.2010144278154833,0.14285714285714285,0.03810731461685099,0.26675120231795696,0.03834125139783316,0.03794396689209365,0.010104656578578682,0.02040896818793319,0.058756453750121604
21500371,1610612742,89,31,88.32953883707523,5.296866876954041,0.34831460674157305,0.059515358168022926,0.17086667345013035,0.059967106663198676,0.06138733769872418,0.017291840760236758,0.02491155533713413,0.09733616432492444
21500371,1610612754,87,31,89.80124786496162,4.259512569486729,0.3563218390804598,0.04895991459180148,0.13740363127376545,0.047432665700725664,0.047147944802172576,0.013195710155382751,0.02192734427908084,0.07331805586042528
21500372,1610612753,74,26,77.01532271504402,5.192964037888456,0.35135135135135137,0.07017518970119535,0.1997293860726329,0.067427673543645,0.06717446997927573,0.012204287648975548,0.043360919955690344,0.09315597655124797
21500372,1610612766,77,29,79.12523101270199,3.535874605240678,0.37662337662337664,0.0459204494187101,0.12192671052554063,0.0446870683344111,0.04334751798000486,0.011437965289512724,0.021052741776998393,0.06556366651267316
21500373,1610612748,75,20,72.3073089569807,2.88935577933111,0.26666666666666666,0.0385247437244148,0.1444677889665555,0.03995938752263806,0.03839934428898414,0.012349588350792704,0.014353466915789988,0.06082510308873736
21500373,1610612751,89,16,82.14298167824745,2.219715339240111,0.1797752808988764,0.02494062178921473,0.13873220870250694,0.02702258055270863,0.026833893971925277,0.0116264827765517,0.005120582368048727,0.04762239233680116
21500374,1610612738,89,23,90.29960143566132,2.5849130374225755,0.25842696629213485,0.02904396671261321,0.11238752336619894,0.02862596286501145,0.028137700380048543,0.010099352822882973,0.006953814897671675,0.046799747482045934
21500374,1610612765,78,24,73.50351545214653,1.8667238992657098,0.3076923076923077,0.023932357682893715,0.07778016246940457,0.02539638938060065,0.02410879700308155,0.015204054588200636,-0.011020798607003363,0.0506660542624026
21500375,1610612750,101,22,98.21213307976723,2.0369576470727195,0.21782178217821782,0.0201678974957695,0.09258898395785088,0.020740386988828727,0.02090413110156026,0.011682909879280359,-0.004081750044776776,0.04333356717213013
21500375,1610612752,85,20,78.011893004179,4.0053395490593955,0.23529411764705882,0.04712164175363995,0.20026697745296979,0.05134267859446552,0.049844380316333654,0.012043265725199996,0.02562630016623477,0.07367210597722539
21500376,1610612737,78,19,79.04613199830055,1.820611076249474,0.24358974358974358,0.023341167644224028,0.09582163559207758,0.02303226015269939,0.022471514338895212,0.012578753975994228,-0.0028406888241902283,0.04340251408489424
21500376,1610612755,75,26,76.89979222416878,3.551869797325792,0.3466666666666667,0.047358263964343894,0.13661037682022276,0.04618828861034917,0.04686416949151159,0.012564878520247172,0.027879289552601945,0.07217083332892547
21500377,1610612741,86,24,88.29073266685009,2.9266332611609083,0.27906976744186046,0.03403061931582452,0.12194305254837118,0.03314768348569556,0.03389403075333384,0.012706050975288114,0.008191352636393812,0.056424987351521017
21500377,1610612763,76,19,69.51841682940722,1.046603107009129,0.25,0.013771093513278014,0.055084374053112055,0.015055048068447987,0.014797557488622784,0.016931970640013515,-0.017120595454002692,0.04853106469233588
21500378,1610612757,92,27,93.39617919921875,3.94368951033948,0.29347826086956524,0.042866190329776954,0.14606257445701779,0.04222538378071539,0.04152940664769092,0.012371635266684595,0.0136847491322883,0.06177719356857643
21500378,1610612760,79,15,76.5668093636632,0.3056329440318256,0.189873417721519,0.0038687714434408305,0.020375529602121707,0.003991715817491957,0.0032675477701994233,0.013009835766142236,-0.02149726393424234,0.028754050860798793
21500380,1610612740,73,16,71.53563848137856,2.854686505979071,0.2191780821917808,0.03910529460245303,0.17841790662369195,0.0399057947420456,0.038703151589291815,0.011984869665214996,0.017753150157437007,0.0627337036674873
21500380,1610612762,67,17,66.97722482681274,2.5431037221585924,0.2537313432835821,0.037956771972516304,0.14959433659756427,0.037969678927940904,0.03880526404208872,0.01640713431429336,0.0065627494117827135,0.07102722998781988
21500381,1610612744,88,32,95.6751841455698,5.9909405303303,0.36363636363636365,0.06807886966284432,0.18721689157282187,0.06261749672950807,0.060181092573624716,0.01764088420505062,0.02552611744518732,0.09048100326026949
21500381,1610612756,91,22,92.79099097847939,2.8703086405296476,0.24175824175824176,0.03154185319263349,0.13046857456952943,0.030933052985664802,0.030677545266962952,0.010070621461317973,0.014979317543511074,0.05245433349435286
21500382,1610612746,75,22,77.03857126832008,3.075885877494762,0.29333333333333333,0.041011811699930165,0.1398129944315801,0.03992656959825568,0.04155862027089129,0.01870432151245556,0.006194848725022593,0.07639251384396288
21500382,1610612749,87,14,82.23132850974798,2.53016799516638,0.16091954022988506,0.02908239074903885,0.18072628536902716,0.030768905732399123,0.029200320322719443,0.014013279186527125,0.004295651094507895,0.0569708018263706
21500383,1610612761,97,34,94.61406145989895,5.70432841382345,0.35051546391752575,0.058807509420860306,0.1677743651124544,0.060290493038829766,0.059976683562886615,0.011415786801467157,0.03802098355420004,0.08341949042990238
21500383,1610612766,85,30,85.34775575995445,2.3263006592378135,0.35294117647058826,0.02736824304985663,0.07754335530792712,0.027256729114010565,0.02776121012609618,0.012892671853651411,0.0005456491406942747,0.05243746048284184
21500384,1610612739,84,29,86.2539703398943,2.5022448660706584,0.34523809523809523,0.02978862935798403,0.08628430572657443,0.029010199254715548,0.02895593549843982,0.012669944116911679,0.0026471957978599185,0.05173157349262964
21500384,1610612760,68,19,67.73973953723907,2.241119365005118,0.27941176470588236,0.0329576377206635,0.11795365078974306,0.033084263097484905,0.033109845953938274,0.014868136981976771,-0.0006411446590275768,0.0575604107022533
21500385,1610612745,87,27,90.38576510548592,4.46944205876568,0.3103448275862069,0.051372897227191724,0.16553489106539557,0.049448517181323384,0.049176598467133875,0.012245029709887535,0.024887863446763116,0.0718815093138312
21500385,1610612747,84,24,83.69710575044155,2.378877636145588,0.2857142857142857,0.028319971858876046,0.09911990150606616,0.028422459950271792,0.028423022862114403,0.010135543886017149,0.00904794120331944,0.04622890223492613
21500386,1610612751,84,19,80.48096051812172,4.217764323125551,0.2261904761904762,0.05021148003720894,0.22198759595397638,0.05240698291834932,0.052867505284729256,0.011044010999020127,0.033282434260919216,0.0762942010508877
21500386,1610612754,86,27,88.11546477675438,3.549231865061284,0.313953488372093,0.04127013796582889,0.13145303203930683,0.04027932978681402,0.039581774263980324,0.01308198213373354,0.013227140039374983,0.062045189642167216
21500387,1610612753,84,15,83.0950797945261,1.275362939761432,0.17857142857142858,0.015182892140017046,0.08502419598409545,0.015348236537170358,0.01525664669535768,0.007439806133765271,0.0011844622640221124,0.031187500036233787
21500387,1610612757,73,28,70.47702381014824,3.8660338889560837,0.3835616438356164,0.05295936834186416,0.1380726388912887,0.054855237635607984,0.054478625979682234,0.01300539200228888,0.029139401629430444,0.07999653475088027
21500388,1610612752,85,20,85.16430920362473,2.112843359570466,0.23529411764705882,0.024856980700829014,0.1056421679785233,0.02480902363123425,0.025019987559283995,0.011024352235747558,0.0009627765986980255,0.04327477380092323
21500388,1610612755,77,25,74.56843397021294,0.09701259200188111,0.3246753246753247,0.0012599037922322222,0.003880503680075245,0.0013009873861724616,-0.0008686515247463688,0.017031448947966744,-0.035574372989451764,0.027781938996709922
21500389,1610612737,88,20,92.55055430531502,4.2749748770996465,0.22727272727272727,0.04857925996704144,0.21374874385498233,0.04619069987411347,0.045898919834646425,0.01203494185933759,0.01925939522872902,0.07061043598494327
21500389,1610612738,77,20,79.07341238856316,3.0898019785215776,0.2597402597402597,0.04012729842235815,0.15449009892607887,0.03907510609683102,0.03937763838702048,0.009490436452062878,0.022755308359059964,0.05752162637618053
21500390,1610612748,74,22,72.74001714587212,1.6724104472739998,0.2972972972972973,0.022600141179378374,0.07601865669427271,0.022991614697040343,0.023876225362788644,0.015364999596778728,-0.004718690030505741,0.05308957608092837
21500390,1610612761,80,23,75.757574275136,3.2953555452079972,0.2875,0.04119194431509997,0.1432763280525216,0.04349869404793692,0.04345745937133131,0.016059071450003966,0.014053924968654617,0.08010773822446221
21500391,1610612741,120,15,115.82252122461796,2.240361193043232,0.125,0.018669676608693602,0.14935741286954882,0.019343053227950675,0.019325168174947227,0.006842310902766366,0.006679243465419928,0.03315741776820247
21500391,1610612765,122,31,116.77196453511715,3.52722311932558,0.2540983606557377,0.028911664912504752,0.11378139094598645,0.030206078431307272,0.02930803305063055,0.010767640971515263,0.0069925395336349295,0.04857143478764918
21500392,1610612750,82,21,79.74562104046345,3.734228809290345,0.25609756097560976,0.045539375723052986,0.17782041949001642,0.046826756887322664,0.04668005806400495,0.012336049267720346,0.021737582956531838,0.06910351790742536
21500392,1610612758,81,23,82.7289275676012,0.013709489592900859,0.2839506172839506,0.00016925295793704764,0.000596064764908733,0.00016571579006265097,0.0001725231987863908,0.015774978116469378,-0.03345276456976952,0.029534436941034692
21500394,1610612742,77,25,79.78831958770752,3.939499771747625,0.3246753246753247,0.0511623346980211,0.157579990869905,0.04937439204264879,0.04727167601004556,0.014520089114837657,0.019964941813360403,0.07370985845779073
21500394,1610612763,79,16,76.73785635828972,3.6148411716405784,0.20253164556962025,0.04575748318532378,0.22592757322753615,0.04710636109983127,0.04639286370358584,0.011330725417860187,0.024382124250506614,0.06805141146719552
21500395,1610612743,79,27,79.33798298239708,3.3312665910609223,0.34177215189873417,0.042167931532416734,0.1233802441133675,0.04198829445664177,0.04159215422927405,0.012382575017426657,0.018617441969308937,0.06338827236841867
21500395,1610612762,73,22,72.23033200204372,4.717588530945433,0.3013698630136986,0.06462450042391003,0.21443584231570148,0.06531312262017501,0.06294863218939209,0.014837943984271552,0.037181964986918135,0.09019365979103881
21500396,1610612740,69,23,67.54025226831436,2.6726635790924105,0.3333333333333333,0.038734254769455224,0.11620276430836567,0.03957141836655911,0.040484735283578835,0.00919021462302456,0.022174910120931514,0.05890000740481605
21500396,1610612756,82,17,81.7009148299694,1.6450460138717102,0.2073170731707317,0.020061536754533052,0.09676741258068884,0.020134976668196095,0.019820709081727905,0.00821721718180423,0.004383981232951214,0.0371675727221402
21500397,1610612744,87,26,94.33961755782366,3.2869665829754933,0.2988505747126437,0.03778122509167234,0.1264217916529036,0.034841847657065286,0.0342680668610805,0.012151523360225768,0.01048381403910872,0.0553271045923514
21500397,1610612749,91,15,85.64786787331104,0.8743426386747698,0.16483516483516483,0.00960816086455791,0.058289509244984654,0.010208574485100826,0.007515626394504641,0.01418306780763227,-0.01823615986683836,0.03125713090493102
21500398,1610612747,86,30,84.7255883961916,4.217848632164729,0.3488372093023256,0.04904475153679917,0.14059495440549094,0.049782464920058556,0.052150753108691765,0.0127198084384543,0.028172852943845913,0.0751721978725426
21500398,1610612760,84,19,84.96511863917112,2.074035448232604,0.2261904761904762,0.024690898193245287,0.10915976043329496,0.0244104343223552,0.023448066801392442,0.013832775512223726,-0.004579327015255331,0.049195700174644426
21500399,1610612764,78,21,79.81955796480179,2.973743356038624,0.2692307692307692,0.038124914821008,0.14160682647802972,0.037255823407966786,0.03623152535770622,0.014093611492325743,0.011361657605915607,0.0683705774243591
21500399,1610612766,93,33,97.58775618672371,6.609827075656543,0.3548387096774194,0.07107340941566176,0.20029779017141042,0.06773213499252251,0.06758344526111766,0.010769056745969905,0.047138524215999296,0.08807862495127239
21500400,1610612741,94,21,90.32737508416176,3.0925057415956165,0.22340425531914893,0.0328989972510172,0.14726217817121984,0.03423663909987643,0.03429311444253827,0.009093436780073957,0.016587418499475773,0.05067796705477222
21500400,1610612752,82,21,82.7073605209589,2.2898061101354,0.25609756097560976,0.02792446475774878,0.10903838619692381,0.027685638807868125,0.027688200581875107,0.010856961806450151,0.0041518306597018466,0.048154962665688486
21500401,1610612745,75,26,73.27414928376675,2.5216209890955508,0.3466666666666667,0.03362161318794068,0.09698542265752118,0.03441351436684908,0.033080451845894136,0.017566599503114292,-0.00016558232065999232,0.0663078684862838
21500401,1610612746,85,35,85.05094028264284,5.2789985443030485,0.4117647058823529,0.062105865227094686,0.15082852983722997,0.06206866763330051,0.06248457440103511,0.018168145310192202,0.03020393994256235,0.09560427171504672
21500402,1610612754,77,26,75.73235674202442,2.2890351337337855,0.33766233766233766,0.029727729009529684,0.08803981283591483,0.030225325504277933,0.030868364779496494,0.013412562380475038,0.0024438504971078484,0.053582355755156706
21500402,1610612763,83,20,80.11815212666988,3.037014888155561,0.24096385542168675,0.03659054082115134,0.15185074440777807,0.03790670163428038,0.04038690073923516,0.01303278070069903,0.015498104666161876,0.06342388167104185
21500403,1610612750,80,11,78.95762568712234,1.9330284124302577,0.1375,0.02416285515537822,0.17572985567547797,0.024481845744577988,0.024765344935203562,0.007942594537209928,0.010171041628984566,0.03998580464703519
21500403,1610612751,78,19,75.83527854084969,2.6239857852063238,0.24358974358974358,0.033640843400081076,0.13810451501085916,0.034601122797918896,0.0354154956120057,0.01434070625812273,0.004909501202224542,0.05941234698021729
21500404,1610612748,75,23,76.15911546349525,3.4718966529122177,0.30666666666666664,0.0462919553721629,0.15095202838748772,0.04558740778149366,0.04539730137744357,0.014957324981661189,0.01507426882899079,0.07405786768812468
21500404,1610612757,80,31,78.91411374509335,4.665839928334317,0.3875,0.058322999104178964,0.15051096543013925,0.05912554430257953,0.060802840767248824,0.01759227156349553,0.025122405759646218,0.09542843796840825
21500405,1610612739,85,27,85.60315558314323,2.8182859537923157,0.3176470588235294,0.03315630533873313,0.10438096125156725,0.03292268765787515,0.03195920056672117,0.012357760830860579,0.006037299796787522,0.05432906240167513
21500405,1610612755,86,26,84.2241423279047,1.603545750555532,0.3023255813953488,0.01864588082041316,0.06167483655982815,0.01903902736477322,0.017983465183453583,0.01748764228294646,-0.01657283139752662,0.04617863866137023
21500406,1610612749,79,14,78.17796418070793,2.578315972236447,0.17721518987341772,0.03263691104096768,0.18416542658831764,0.03298008587530731,0.032549399469200956,0.010068667274616236,0.017119474114822873,0.05297985289511453
21500406,1610612756,74,18,75.35552215576172,3.4594453321518195,0.24324324324324326,0.04674926124529486,0.19219140734176776,0.04590831876927428,0.04602971911367709,0.014511972414592367,0.01701648282512383,0.07106709523983011
21500407,1610612737,78,19,79.34734897315502,0.6620488547968406,0.24358974358974358,0.008487805830728726,0.03484467656825477,0.008343679572972582,0.0069112423431149815,0.01425840060328867,-0.024376597590568372,0.03034211777255843
21500407,1610612753,81,12,78.77355316281319,2.143816527504713,0.14814814814814814,0.02646687070993473,0.1786513772920594,0.027214927363677043,0.02717353458590456,0.008568165007492969,0.009784251519380505,0.04599078579803077
21500408,1610612758,76,19,82.47496601939201,1.5340145169339028,0.25,0.020184401538603985,0.08073760615441594,0.018599759308457503,0.017908765870982567,0.009056154217532107,2.036154307306345e-06,0.03442575194683968
21500408,1610612761,94,28,95.22073182463646,3.560088137357248,0.2978723404255319,0.037873278056992005,0.127146004905616,0.03738774181985594,0.03653828631212438,0.014096867379030228,0.00803951198150815,0.06391991452384244
21500409,1610612740,78,24,79.75324708223343,3.839783716931186,0.3076923076923077,0.049227996370912644,0.1599909882054661,0.048145797913055406,0.048387732743476644,0.009287282455975576,0.030585740301649917,0.06647618953789089
21500409,1610612743,96,33,93.95101962983608,2.243462789007145,0.34375,0.02336940405215776,0.0679837208790044,0.023879068027641576,0.02142047352039957,0.013854483394185758,-0.006175960927326146,0.04711083366384616
21500410,1610612758,91,21,92.3776006475091,1.4499049593504294,0.23076923076923078,0.0159330215313234,0.0690430933024014,0.015695416953758316,0.013836881642136927,0.012649674922622953,-0.009904743448508847,0.038393805555798736
21500410,1610612764,83,23,82.84662240743637,3.4199105304317774,0.27710843373493976,0.04120374133050334,0.14869176219268598,0.04128002362743039,0.04110778240626465,0.011692370626017702,0.0172600482047814,0.06599209589071467
21500411,1610612738,89,22,92.40037812292576,3.6015981039073144,0.24719101123595505,0.04046739442592488,0.16370900472305974,0.03897817494984591,0.036714691061416664,0.011894562224498686,0.010536024010526354,0.060217133142284246
21500411,1610612750,79,15,74.31813171505928,1.6294462220151944,0.189873417721519,0.02062590154449613,0.1086297481343463,0.021925285047027298,0.021393234793049512,0.010916652538038503,-0.0015132122561604153,0.039531953537222254
21500412,1610612752,76,26,72.94490886479616,2.473237987262904,0.34210526315789475,0.032542605095564524,0.09512453797165016,0.033905560041853855,0.03491259036863384,0.020465383251236847,-0.008126356813390702,0.06837212210716886
21500412,1610612753,86,23,84.5266792178154,2.0853066431600746,0.26744186046511625,0.02424775166465203,0.09066550622435107,0.024670395932466276,0.02467782594095592,0.011701911823666929,-0.0016501525685853045,0.04635944783325804
21500414,1610612741,95,26,94.28694899380207,2.8284343844378412,0.2736842105263158,0.02977299352039833,0.1087859378629939,0.02999815366412766,0.029972305386212417,0.012608640547654494,0.004563099466514685,0.05205068323529475
21500414,1610612751,94,22,89.27279207110405,2.3187870951202227,0.23404255319148937,0.024667947820427902,0.10539941341455558,0.02597417467657283,0.026402591805493335,0.012704881687337417,0.001582795165485537,0.05139487881789519
21500415,1610612745,71,28,75.34576813876629,4.414592127252052,0.39436619718309857,0.06217735390495848,0.15766400454471616,0.05859110917976948,0.05804365134553815,0.014302454006027933,0.030953223113228477,0.08696374256774009
21500415,1610612766,83,41,86.29581848531961,3.668267592573675,0.4939759036144578,0.0441959950912491,0.08946994128228476,0.042508057249583994,0.04147833814115775,0.017081676697167245,0.008118746615563738,0.0750731800530918
21500416,1610612754,90,19,84.07144269347191,2.7267305791729957,0.2111111111111111,0.030297006435255507,0.14351213574594715,0.032433493369618656,0.0311838796736464,0.010097638972247974,0.01249483147108001,0.05109845915594106
21500416,1610612759,89,18,87.61678329110146,2.4848862846770934,0.20224719101123595,0.027920070614349365,0.1380492380376163,0.028360848131358682,0.027548120070671627,0.011875633952591273,0.004103012294252467,0.049912780155026065
21500417,1610612756,79,25,79.44509527087212,2.8259407021805893,0.31645569620253167,0.03577140129342518,0.11303762808722358,0.03557099016050519,0.03434251510002287,0.017740809420070752,0.0019763527799286813,0.06759643520499976
21500417,1610612762,79,23,79.85156713426113,4.746539195077452,0.2911392405063291,0.06008277462123357,0.20637126935119357,0.05944202932293988,0.059193154729351743,0.012608772353933009,0.033579714105085735,0.08274084120967183
21500419,1610612755,66,23,66.6995347738266,2.7037392957593918,0.3484848484848485,0.04096574690544533,0.11755388242432138,0.04053610426111037,0.04036593430063379,0.014786806367746113,0.012496945649155157,0.06761618988978652
21500419,1610612763,85,17,84.29074462503195,1.3101283601091809,0.2,0.015413274824813892,0.07706637412406947,0.015542968162605484,0.014467102575548538,0.012924164013328592,-0.011587187266137526,0.036429987939980514
21500420,1610612748,88,16,86.2486278116703,2.093618359855332,0.18181818181818182,0.023791117725628773,0.13085114749095825,0.024274222245331125,0.024524570017201704,0.008737884501481077,0.008126673620964864,0.040915924775491296
21500420,1610612765,78,28,73.99543571472168,4.5156009487538125,0.358974358974359,0.05789231985581811,0.16127146245549331,0.06102539846056229,0.06078049582868364,0.01115024866773729,0.0403269833768467,0.08272115889014442
21500422,1610612743,90,26,92.09454833716154,2.376309691160638,0.28888888888888886,0.02640344101289598,0.09139652658310146,0.025802935505594538,0.025572276214091274,0.013362602834695248,0.0007613231545400912,0.05097119083460863
21500422,1610612747,83,27,80.94070652127266,3.7986586551446746,0.3253012048192771,0.04576697174873102,0.14069106130165462,0.04693137505720091,0.046307039562143826,0.01406069514711189,0.01968707425903207,0.07085096468603633
21500423,1610612738,85,28,85.73309355974197,4.271635700760243,0.32941176470588235,0.05025453765600285,0.1525584178842944,0.049824817038517454,0.048723815692643155,0.010242570850111224,0.02941456116363652,0.06834682395907432
21500423,1610612766,81,26,79.55189600586891,4.334234922131028,0.32098765432098764,0.05350907311272874,0.16670134315888568,0.05448311278226821,0.054554266607872624,0.011033582055471287,0.03505489791348606,0.07503267113338356
21500424,1610612739,83,21,84.81506562232971,3.958187726853764,0.25301204819277107,0.04768900875727426,0.18848512985017923,0.04666845091506562,0.04787819212219702,0.01192506995976231,0.024097602076600323,0.07013223018390546
21500424,1610612752,81,17,73.53159116208553,0.43958872309899355,0.20987654320987653,0.005427021272827081,0.025858160182293737,0.0059782294405952546,0.005400976911799717,0.014972649576139207,-0.024567003518259137,0.03540172246973729
21500425,1610612754,89,31,91.33261999487877,6.3612818189794424,0.34831460674157305,0.07147507661774655,0.20520263932191748,0.06964961499337405,0.06791339600059275,0.013819290380348525,0.04661685497776394,0.0952726263177563
21500425,1610612758,89,21,89.4463624060154,1.6682412363425656,0.23595505617977527,0.01874428355441085,0.07944005887345551,0.018650744328428653,0.01916512132063533,0.01603642577129642,-0.008830691879789413,0.05278602469580811
21500426,1610612745,83,27,84.98231846094131,2.81420692419126,0.3253012048192771,0.03390610752037663,0.10422988608115778,0.03311520531750021,0.03337031166004424,0.011339934755355613,0.00814083350106555,0.05310730541045523
21500426,1610612753,84,17,84.71199588477612,2.0636085131115682,0.20238095238095238,0.024566768013232956,0.12138873606538636,0.024360286775894822,0.024353479805176638,0.01122683059226875,0.0016605131333362686,0.04563600793322184
21500428,1610612742,82,33,78.59160090982914,4.666827764560246,0.4024390243902439,0.05691253371414934,0.1414190231684923,0.05938074438660002,0.058631316866815816,0.013707790461311988,0.03341971951019728,0.08497447693607488
21500428,1610612751,101,17,95.64141339063644,3.446904336027256,0.16831683168316833,0.03412776570324016,0.2027590785898386,0.03603987241331084,0.03664766112125659,0.011224166466066122,0.01664506628869951,0.058926155232654105
21500429,1610612737,90,21,92.92570155858994,2.538251351140131,0.23333333333333334,0.0282027927904459,0.12086911195905385,0.027314847330367,0.027734837816133062,0.00874298311543766,0.011152186449699725,0.0459974151002668
21500429,1610612765,89,20,89.65847045183182,3.5211470231029605,0.2247191011235955,0.03956344969778607,0.17605735115514803,0.039272887495829675,0.03887268995595428,0.01081434768635799,0.019796008128600013,0.06157763763091972
21500430,1610612749,85,11,83.22851526737213,1.4127167642110905,0.12941176470588237,0.01662019722601283,0.12842879674646276,0.016973951291486204,0.01677954123361639,0.006717241488066524,0.00428118962779855,0.028774817126993226
21500430,1610612755,81,19,85.00315061211586,3.3072013775562086,0.2345679012345679,0.0408296466364964,0.1740632303976952,0.038906809379896316,0.03790842666415657,0.013891945130504646,0.013889016075120582,0.06706140075711205
21500431,1610612750,72,11,68.62852567434311,2.205193993283889,0.1527777777777778,0.03062769435116512,0.20047218120762625,0.032132323572678825,0.030419583188261042,0.009901839698529001,0.013650207836559613,0.04937545312451818
21500431,1610612759,82,21,77.89314094185829,2.730203555008334,0.25609756097560976,0.03329516530497968,0.13000969309563495,0.03505062861756002,0.03433490883952625,0.013891213718135101,0.008328835507273593,0.05927214742932908
21500433,1610612743,91,34,94.19450370967388,3.9741219524377254,0.37362637362637363,0.04367166980700797,0.11688593977758016,0.04219059282574232,0.04247339849600296,0.013008456638786902,0.0170499086386417,0.06576360048559896
21500433,1610612756,86,26,89.63932430744171,3.783077148930904,0.3023255813953488,0.04398926917361516,0.14550296726657325,0.0422033206760444,0.0419800782957169,0.009406955192958245,0.02363372605066625,0.058145728578957716
21500434,1610612744,83,20,83.04565328359604,2.000671105485299,0.24096385542168675,0.024104471150425286,0.10003355527426494,0.02409122002632846,0.024468029741065676,0.009501028249701988,0.009331856941613129,0.0443672066535486
21500434,1610612762,80,19,74.61378100514412,2.5158943461400947,0.2375,0.03144867932675118,0.13241549190211024,0.0337188963251526,0.033536750928523304,0.01186384280302104,0.008188599364914785,0.0543196179254839
21500435,1610612747,89,26,86.07236957550049,4.145758687950965,0.29213483146067415,0.04658155829158388,0.1594522572288833,0.04816596439016834,0.04779217354556213,0.015277650486045647,0.0163972642148046,0.07647590370313057
21500435,1610612760,95,13,100.15403497219086,2.358626812693212,0.1368421052631579,0.024827650659928546,0.18143283174563168,0.023549992901914705,0.024282926744833424,0.010965392761517877,0.0026684553698370053,0.04368530716012205
21500436,1610612740,90,18,83.88443937897682,3.3096009967032725,0.2,0.036773344407814136,0.1838667220390707,0.03945428998757459,0.03969533578582877,0.009252488463156528,0.02077900141901224,0.05839749735770746
21500436,1610612748,88,27,85.7238695397973,4.178908889907547,0.3068181818181818,0.047487601021676665,0.15477440332990913,0.04874848641739729,0.04922233052082751,0.015090924118820931,0.021462099299082348,0.07539016482531914
21500438,1610612739,95,27,98.42378516495228,2.404656194028461,0.28421052631578947,0.025312170463457483,0.08906134051957262,0.02443165734784944,0.023541798738336367,0.01087839767911863,0.0022818571216271155,0.04600713088684596
21500438,1610612744,78,17,79.3431606888771,2.044953954241172,0.21794871794871795,0.02621735838770733,0.12029140907301011,0.025773537838502673,0.025510003401951104,0.010736269530662942,0.007241050979357307,0.046854041876356
21500440,1610612746,85,25,84.16837373375893,3.9599486470447784,0.29411764705882354,0.04658763114170328,0.15839794588179112,0.04704794059073628,0.0460635998737194,0.010514901549288786,0.026749489792799834,0.06548741029851207
21500440,1610612747,77,22,71.7893397808075,2.604833879860145,0.2857142857142857,0.03382901142675513,0.11840153999364295,0.036284410579807753,0.03554146560401557,0.014839854922441257,0.005306463481678264,0.06567951278336745
21500441,1610612749,80,16,77.29606223106384,3.652215251474608,0.2,0.045652690643432595,0.228263453217163,0.047249693529754624,0.0477810336510712,0.011947372834315576,0.027968420316538564,0.07230480546859046
21500441,1610612761,80,29,79.95987550914288,5.62873933883502,0.3625,0.07035924173543776,0.19409445995982827,0.07039454855318542,0.07146020067617698,0.014813606104431633,0.043999578297361876,0.10292741210051261
21500442,1610612737,87,25,97.06850831210613,3.621810771384497,0.28735632183908044,0.041630008866488474,0.14487243085537987,0.037311903050361334,0.0372752795288968,0.011010233311328955,0.01649473037160523,0.056333305705928455
21500442,1610612752,80,19,74.16095171123743,0.7093518197613333,0.2375,0.008866897747016666,0.03733430630322807,0.009565031238047703,0.009721132403189912,0.018572201171119577,-0.029574736632719072,0.04117548121795059
21500443,1610612763,90,17,85.6536312699318,1.3921314052839007,0.18888888888888888,0.015468126725376674,0.08189008266375886,0.016253034280551283,0.016101610309230695,0.010513709779914214,-0.0033231242676134845,0.038034252374866274
21500443,1610612766,69,31,67.80449625849724,2.893888269399236,0.4492753623188406,0.0419404097014382,0.09335123449674955,0.042679887457117927,0.04474304430701747,0.013448782595451984,0.019175334424538913,0.0706528227768499
21500445,1610612740,73,22,76.29761405289173,3.641146186301208,0.3013698630136986,0.04987871488083846,0.16550664483187308,0.04772293644434358,0.047067221752129365,0.011979591162426613,0.026681422371862006,0.07040468906021391
21500445,1610612745,84,34,83.22442382574081,2.0961498648703007,0.40476190476190477,0.02495416505797977,0.061651466613832376,0.025186715251514596,0.025316391708786395,0.014571200171281717,-0.002317835385063213,0.053112314348312935
21500446,1610612738,84,24,84.9261699616909,4.074162393669277,0.2857142857142857,0.04850193325796758,0.16975676640288653,0.04797299107574354,0.048010687226854164,0.009633324292213426,0.028873341042905197,0.06827694351947011
21500446,1610612765,91,26,88.85505958646536,1.9949197845966107,0.2857142857142857,0.02192219543512759,0.07672768402294657,0.02245139211971765,0.021997471199132475,0.013618872036793251,-0.005829047559626981,0.045766795790389496
21500447,1610612751,89,16,84.85565289855003,3.8925519897863103,0.1797752808988764,0.043736539211082136,0.2432844993616444,0.04587263024703949,0.044986936123041076,0.011928019410388246,0.022452420369383042,0.06840771661095119
21500447,1610612764,84,25,87.31276479363441,5.728133282249985,0.2976190476190476,0.06819206288392839,0.2291253312899994,0.06560476347059391,0.06539832729047818,0.013378940598232652,0.04050045796466314,0.08921761313634302
21500448,1610612750,75,13,74.55752319097519,2.5109734762164457,0.17333333333333334,0.03347964634955261,0.1931518058628035,0.033678338130743946,0.03308357249156412,0.01200451229105113,0.011032909156403922,0.05616408198544068
21500448,1610612754,80,26,78.78952665627003,2.7502554206806655,0.325,0.03437819275850832,0.10577905464156406,0.03490635795642011,0.034991946739494,0.012776162431511567,0.01380045945528978,0.06468674151976077
21500449,1610612741,76,21,74.69995315372944,2.165808782657592,0.27631578947368424,0.028497483982336733,0.10313375155512342,0.02899344231448775,0.029502396850926132,0.01334332976128361,0.0021584149584024212,0.058603175680002104
21500449,1610612742,85,26,89.2118793129921,4.613437083774402,0.3058823529411765,0.05427573039734591,0.177439887837477,0.051713259706014716,0.052319264704752844,0.01089589122170734,0.03216504075789629,0.07735944630270121
21500450,1610612743,84,15,83.07614001631737,1.6515625952364776,0.17857142857142858,0.019661459467100923,0.11010417301576518,0.019880107512362594,0.019488445520268363,0.00928656006896174,0.000156918499784815,0.03702373097809642
21500450,1610612759,81,10,79.50006991624832,2.1431647896756356,0.12345679012345678,0.026458824563896737,0.21431647896756356,0.026958023960650793,0.027326198352590803,0.009060184222030298,0.011420803249592238,0.04749322078170304
21500451,1610612755,79,23,77.07699337601662,3.750457873821491,0.2911392405063291,0.047474150301537864,0.1630633858183257,0.048658590709747235,0.04927861662593688,0.015278438438008853,0.0194164496460168,0.0794986669972443
21500451,1610612756,88,24,89.78632462769747,1.9816750700285586,0.2727272727272727,0.022519034886688164,0.08256979458452328,0.022071012242071968,0.02266325687068836,0.01192794726194276,-0.0031043380849491084,0.043593879702934116
21500453,1610612739,77,32,75.90905429422855,5.366716902137009,0.4155844155844156,0.06969762210567544,0.16770990319178153,0.07069929868096178,0.07199774337933751,0.013240990349468719,0.04514770578595466,0.09710409282082637
21500453,1610612757,89,22,91.79269270598888,4.022231965003573,0.24719101123595505,0.04519361758430981,0.18282872568198058,0.04381865098877471,0.043919749373974096,0.011219102803892293,0.023141130183062863,0.06666929388737317
21500454,1610612738,85,19,87.32760280370712,1.6934556179834552,0.2235294117647059,0.019923007270393592,0.0891292430517608,0.019391985622117257,0.019685205161871083,0.011880484664965486,-0.004569672242924425,0.04294361318222037
21500454,1610612752,89,19,86.76788356900215,2.2482685203890345,0.21348314606741572,0.025261444049314994,0.11832992212573866,0.02591129837344827,0.025825113730710426,0.012243598737778253,-0.0002888035195968965,0.04836178732821791
21500455,1610612747,82,30,82.24590311944485,4.039579200886702,0.36585365853658536,0.04926316098642319,0.13465264002955674,0.049115871401157384,0.04904973053513881,0.013271299316680522,0.021564955733807234,0.07222824956800945
21500455,1610612763,79,15,79.66730719804764,2.998233085638291,0.189873417721519,0.0379523175397252,0.1998822057092194,0.03763442233819806,0.03653954529952642,0.009561872771174528,0.019882615716938036,0.0574992541785185
21500457,1610612757,91,33,95.05377328395844,5.354021918559633,0.3626373626373626,0.05883540569845751,0.162243088441201,0.0563262428579802,0.05569603686942022,0.016344902295167576,0.02390310219433229,0.08604220265414712
21500457,1610612758,76,20,77.63231620192528,2.3538611351065657,0.2631578947368421,0.030971857040875864,0.11769305675532829,0.030320635146117023,0.029937207460275207,0.010972482837130784,0.010194540035175472,0.05278250238208944
21500459,1610612737,73,21,73.80177557468414,2.000769940425797,0.2876712328767123,0.027407807403093107,0.09527475906789509,0.027110051551552522,0.02603877575811608,0.012879294116415705,0.003617481297857296,0.05169541786606006
21500459,1610612754,85,20,79.54868586361408,0.884534179927003,0.23529411764705882,0.010406284469729446,0.04422670899635015,0.011119406566232073,0.011500761966544638,0.011007124129533537,-0.010981019617180966,0.029398848395093477
21500460,1610612740,78,20,76.1702673137188,2.9774956478250334,0.2564102564102564,0.038173021125961965,0.14887478239125168,0.03908999866787609,0.03780713360834295,0.009898661952648657,0.01731276901147925,0.056210175658308645
21500460,1610612753,81,17,79.7513761818409,2.095546080658283,0.20987654320987653,0.02587093926738621,0.12326741650931075,0.02627598645922089,0.02667506031506821,0.009581273527173995,0.011015769991675651,0.04607220673301777
21500461,1610612746,78,22,78.67367450147867,3.3821589142320154,0.28205128205128205,0.04336101172092328,0.15373449610145526,0.04298971588226056,0.04306711167921866,0.01417505879313817,0.015831437514110806,0.06960157411124
21500461,1610612764,87,24,86.21714496612549,5.292728628443891,0.27586206896551724,0.0608359612464815,0.22053035951849545,0.06138835414375402,0.05881423625665496,0.013298003416184688,0.03284666880658026,0.0863516042635068
21500462,1610612748,78,23,80.75374692678452,3.4489838640205805,0.2948717948717949,0.0442177418464177,0.14995582017480785,0.04270989267095688,0.042597477605325035,0.012580638235873952,0.01867172875853354,0.07010038616184937
21500462,1610612751,82,27,83.3248150497675,4.815808889630522,0.32926829268292684,0.05872937670281124,0.17836329220853783,0.05779561450876523,0.05980536210494179,0.013611102198269965,0.03512233724771715,0.088329004597506
21500463,1610612741,85,19,83.96685919165611,2.7078519056753954,0.2235294117647059,0.031857081243239944,0.1425185213513366,0.03224905554100418,0.032484282247912936,0.010534682134912432,0.012423189741738677,0.05300345931699357
21500463,1610612761,88,21,88.83346009254456,4.390600290623886,0.23863636363636365,0.04989318512072598,0.20907620431542315,0.0494250734582427,0.049924386724283246,0.010531153686371286,0.031421343835246085,0.06828582510719788
21500464,1610612742,83,18,84.6175145059824,3.884795246007393,0.21686746987951808,0.046804762000089074,0.21582195811152183,0.04591006092163982,0.0458453751649168,0.01146714056614231,0.026587203717544097,0.06950452258506049
21500464,1610612749,76,9,72.94685769081116,2.2483662296370737,0.11842105263157894,0.02958376617943518,0.24981846995967485,0.03082197507625187,0.031513149151182265,0.010698433381715217,0.011250896934658285,0.052416405939787386
21500465,1610612750,81,10,77.95003825426102,0.16191037912736994,0.12345679012345678,0.001998893569473703,0.016191037912736995,0.0020771045499585676,0.0018282949297333294,0.008916628126570821,-0.016266973180869115,0.017074402524935774
21500465,1610612759,69,17,67.2079935669899,3.4641825589376705,0.2463768115942029,0.050205544332430005,0.20377544464339237,0.05154420441795706,0.05171492971907937,0.011887497430771133,0.029525227476005566,0.0779240702929344
21500466,1610612739,67,36,68.62294401228428,3.979668043950283,0.5373134328358209,0.05939803050672064,0.11054633455417454,0.057993257229504436,0.05702230393766862,0.01639801931830369,0.020747841256481388,0.0849074271887289
21500466,1610612756,77,21,75.78281855583191,1.3539628850223582,0.2727272727272727,0.01758393357171894,0.06447442309630277,0.017866356923962195,0.01773070745391697,0.014272587490021962,-0.011716130206516871,0.046415820005502574
21500468,1610612744,89,40,90.75208993256092,3.3082049468268906,0.449438202247191,0.03717084209917854,0.08270512367067226,0.036453209499475565,0.036241884643728586,0.014112947805777331,0.008284803010537167,0.06207665521513117
21500468,1610612758,95,29,93.56781014055014,1.3751545272058756,0.30526315789473685,0.014475310812693428,0.047419121627788816,0.01469687625627048,0.013701350142156172,0.013539175047214575,-0.014199270090023242,0.03911273682000706
21500469,1610612752,79,15,75.47310394048691,2.946472521426838,0.189873417721519,0.037297120524390354,0.19643150142845586,0.03904003370194276,0.038235397169613675,0.011168342638920256,0.01919511984245462,0.06237435485677705
21500469,1610612765,90,24,87.29232618957758,1.7202297857878448,0.26666666666666666,0.01911366428653161,0.07167624107449354,0.01970654077944866,0.020171577076836006,0.01772702124038839,-0.02098057407715854,0.05048098692346901
21500470,1610612737,97,41,107.81453281641006,7.9286865587021245,0.422680412371134,0.08173903668765077,0.19338259899273474,0.07354005393877037,0.0725782843560968,0.011443397579253159,0.05213137562166023,0.09702149511381272
21500470,1610612745,72,18,76.492356300354,2.7213273158670352,0.25,0.03779621272037549,0.15118485088150196,0.035576460805854936,0.03708145591139925,0.011162389501125148,0.017123350976614025,0.06026341114190931
21500471,1610612748,79,28,73.88366167247295,3.5547039563538565,0.35443037974683544,0.044996252612074135,0.12695371272692343,0.04811217901072495,0.048970101187479374,0.013090848458176364,0.025352239349626365,0.0753703958049551
21500471,1610612763,87,15,81.6115670800209,1.2841478621461127,0.1724137931034483,0.01476032025455302,0.08560985747640751,0.01573487568112733,0.01630291910618591,0.010080724544070819,-0.0024632107066041506,0.03656504062179209
21500472,1610612749,100,18,99.16040354967117,4.06661004268688,0.18,0.040666100426868794,0.22592278014927109,0.04101042247826113,0.041215692863852446,0.011993999573630391,0.01782806719547765,0.06407160950570148
21500472,1610612760,86,22,85.0024997368455,1.131339338894481,0.2558139534883721,0.013155108591796291,0.051424515404294595,0.013309483161047398,0.012343949475474262,0.012252138560395736,-0.012355380164991797,0.03420316345972538
21500473,1610612739,85,21,81.38424325734377,1.6431906316352223,0.24705882352941178,0.019331654489826145,0.07824717293501059,0.020190525412140486,0.018003122981849452,0.017086128695228332,-0.01735656549884243,0.04605285478651178
21500473,1610612743,89,29,91.9745285063982,3.4767147095350968,0.3258426966292135,0.03906421021949547,0.11988671412189988,0.037800842972445785,0.03763781302540911,0.010007685846718068,0.0183205186608827,0.060011707861607276
21500474,1610612746,71,28,72.75455023348331,4.36806218283829,0.39436619718309857,0.06152200257518719,0.15600222081565324,0.06003833669262391,0.05975518633265389,0.017550068617299654,0.02972036995693481,0.09599221973057889
21500474,1610612766,88,29,90.31983542442322,2.219484463003625,0.32954545454545453,0.02522141435231392,0.07653394700012499,0.024573610575949503,0.024611364943185717,0.011972205466519024,-0.00296779512492545,0.04553160826426881
21500475,1610612751,80,16,78.8247807174921,2.503256299731631,0.2,0.03129070374664539,0.15645351873322694,0.03175722503692459,0.032837971672101715,0.015810020331343072,0.007569314504598782,0.06368062395139654
21500475,1610612753,81,27,82.10454280674458,3.6921302173929473,0.3333333333333333,0.0455818545357154,0.1367455636071462,0.04496864718050233,0.044553506205921634,0.013094887553857045,0.019639859641907252,0.06812062434008818
21500476,1610612738,88,25,87.77355916798115,1.5440238888578754,0.2840909090909091,0.017545726009748585,0.06176095555431502,0.0175909909942574,0.01750114648975097,0.011023232611470653,-0.0031254608565842086,0.040381318776598445
21500476,1610612747,94,21,92.03367005288601,1.4380653385173867,0.22340425531914893,0.015298567431036029,0.06847930183416127,0.01562542640852006,0.015098630973941112,0.011732783974693408,-0.007489248629786058,0.03705900453714391
21500477,1610612761,82,24,78.6481675952673,2.3027230994954806,0.2926829268292683,0.02808198901823757,0.09594679581231169,0.0292787889394393,0.029865256243321956,0.012767999705019835,0.0037696522494820033,0.05177260753382943
21500477,1610612764,87,20,83.40617099404335,0.6071320616386098,0.22988505747126436,0.006978529444121952,0.03035660308193049,0.00727922232135521,0.008799717410843885,0.012618860978674208,-0.016657182327591977,0.032100414467887764
21500480,1610612742,79,26,82.99520879983902,3.651120287387036,0.3291139240506329,0.046216712498570074,0.14042770336103985,0.04399194050095718,0.043404915645437664,0.013893089624545687,0.01822889053521035,0.06774674449397924
21500480,1610612744,78,17,81.88197103142738,0.6456418980440254,0.21794871794871795,0.00827746023133366,0.037978935179060314,0.007885031221295583,0.008205398100963051,0.008783860483332108,-0.009871954176647595,0.023737484536988197
21500481,1610612756,79,14,76.52059465646744,2.6745192924746855,0.17721518987341772,0.033854674588287156,0.19103709231962038,0.03495162713360642,0.034840318854751674,0.00936278963675007,0.018800005542500515,0.05229846149505136
21500481,1610612759,75,15,78.55982685089111,2.159175547353552,0.2,0.028789007298047363,0.1439450364902368,0.02748447436692715,0.028729822895221163,0.012512583849074757,0.003945961850916088,0.052804147312344354
21500482,1610612743,87,28,88.64803430438042,4.2174420803263155,0.3218390804597701,0.04847634575087719,0.15062293144022557,0.047575133655478205,0.04713640552711259,0.0099442126727544,0.027709268479721057,0.06662793934746492
21500482,1610612757,87,33,88.0698523670435,4.570678882683809,0.3793103448275862,0.05253653888142309,0.13850542068738814,0.05189833705675878,0.05204106953340298,0.012857742877128103,0.02635310238146741,0.07415030778621133
21500483,1610612755,94,27,97.23856879025698,4.413661088851322,0.2872340425531915,0.046953841370758746,0.16346892921671563,0.04539002521079432,0.04501862433273272,0.013003210850490558,0.020205695086796743,0.07151072979465764
21500483,1610612758,74,21,69.69641430675983,0.8529264667510967,0.28378378378378377,0.01152603333447428,0.04061554603576651,0.012237738128062805,0.0126723590674584,0.013584019766563635,-0.011366899356471971,0.037861867483114126
21500484,1610612749,75,15,75.50414508581161,3.6531900514030173,0.2,0.048709200685373565,0.24354600342686783,0.04838396683057746,0.04809386913914402,0.011165576006512874,0.025698708707370198,0.06738195850187777
21500484,1610612754,80,30,77.91233451664448,3.165431732355712,0.375,0.0395678966544464,0.10551439107852373,0.040628120720467925,0.04249542877012282,0.016177712271108705,0.009399286051344838,0.07234624764030956
21500485,1610612744,82,23,91.03836672008038,3.361938390896684,0.2804878048780488,0.04099924866947175,0.14617123438681234,0.036928808281828936,0.036367903881717574,0.011720995093967802,0.013239483904637576,0.06094327979528891
21500485,1610612745,77,30,81.46986144781113,3.431418720181546,0.38961038961038963,0.04456387948287722,0.11438062400605152,0.042118872662864196,0.04266534864745975,0.009910026118459364,0.022971139136136586,0.061348293232199445
21500486,1610612750,85,14,81.71183775365353,1.2745358827622213,0.16470588235294117,0.014994539797202604,0.09103827734015867,0.01559793437279819,0.014908983315355529,0.008896225507856346,-0.00422084691080858,0.033393688665746164
21500486,1610612765,86,36,92.31410340964794,5.295662568799288,0.4186046511627907,0.06157747173022428,0.14710173802220244,0.05736569357446445,0.057208461131251546,0.01072124933234662,0.03498920517422597,0.07736823309536243
21500487,1610612740,80,23,75.54844611138105,1.8147146968963366,0.2875,0.022683933711204207,0.07890063899549289,0.02402054298007537,0.02335172200855067,0.014569906606528498,-0.006062618530239598,0.049462323583004134
21500487,1610612746,86,35,86.86681924760342,3.089900661046615,0.4069767441860465,0.03592907745403041,0.08828287602990328,0.035570551423544414,0.03610420447127415,0.01335466009728484,0.009120338450721487,0.05875852744516298
21500489,1610612757,78,30,74.59827344119549,5.3185347236200275,0.38461538461538464,0.06818634261051318,0.17728449078733424,0.07129568123064585,0.07247152856272673,0.012398201728504225,0.04968542754984495,0.09466257519627655
21500489,1610612762,86,30,83.32485245168209,3.8641838597526386,0.3488372093023256,0.04493237046223998,0.12880612865842128,0.04637492592013143,0.04581719398199109,0.01307233288525794,0.021749603537002955,0.07069620977637775
21500490,1610612753,85,20,81.8896948248148,2.171344485545469,0.23529411764705882,0.0255452292417114,0.10856722427727346,0.026515479025664812,0.026136230393243042,0.011519717579293284,0.002588727888058468,0.04866474303087904
21500490,1610612764,92,27,98.20635625720024,6.183220256172672,0.29347826086956524,0.06720891582796383,0.2290081576360249,0.06296150770505075,0.0614841164102916,0.010587298152885085,0.04299165991578466,0.08386670816081394
21500491,1610612742,88,28,87.63129350543022,3.8480067065701538,0.3181818181818182,0.0437273489382972,0.13742881094893405,0.04391133067471731,0.044365761260898626,0.01483093411940094,0.012704317631069047,0.06989761799543602
21500491,1610612748,82,19,82.37107488512993,3.6508283308428284,0.23170731707317074,0.04452229671759547,0.1921488595180436,0.0443217274502496,0.04344529583612559,0.011428938414733122,0.023464875165124903,0.06834365559127135
21500492,1610612761,90,31,89.99367789924145,5.86007067767869,0.34444444444444444,0.06511189641865212,0.18903453798963518,0.06511647056185138,0.06404151858884582,0.01356757788166628,0.03866995379628374,0.08912645508022227
21500492,1610612766,85,33,81.03154517710209,2.4704532742755623,0.38823529411764707,0.029064156167947792,0.0748622204325928,0.030487549865625213,0.03212482405874448,0.015835761900384885,0.002523780573287636,0.06201565446571544
21500493,1610612741,83,15,78.39858224242926,1.5593506364326342,0.18072289156626506,0.018787357065453425,0.10395670909550894,0.01989003616941321,0.01955566341728405,0.012773311376407382,-0.003247625880286798,0.042886657866908894
21500493,1610612752,83,21,81.03759977221489,3.2801383750514774,0.25301204819277107,0.03951973945845153,0.1561970654786418,0.04047674640255237,0.039204328067795134,0.01142815547482942,0.01915390249827814,0.06379565819874358
21500494,1610612747,86,20,83.37699124962091,1.458360527074276,0.23255813953488372,0.016957680547375304,0.0729180263537138,0.01749116279223984,0.01911150991069898,0.014582696556701982,-0.009322163288463867,0.043153212366828925
21500494,1610612755,84,26,88.84889130294323,5.302931258551977,0.30952380952380953,0.06313013403038067,0.20395889455969143,0.059684833212728126,0.05830004915878034,0.015037615438093736,0.03081050699267649,0.08796703669688073
21500496,1610612756,83,31,87.01162119209766,3.481431894382543,0.37349397590361444,0.041944962582922206,0.11230425465750138,0.04001111399472148,0.04076534610381474,0.013811857981703314,0.014739336407134356,0.07214513605978279
21500496,1610612758,87,23,90.51875254511833,2.5995230227624484,0.26436781609195403,0.029879574974281016,0.11302274012010645,0.02871806061917101,0.028956052974001403,0.00939352058669425,0.01150369952670553,0.04716891435371601
21500497,1610612760,79,23,75.84522414207458,4.216482644514155,0.2911392405063291,0.05337319803182475,0.18332533237018064,0.055593251812609414,0.05616244504780038,0.013261150801509388,0.03637247789168239,0.08580787572441465
21500497,1610612766,85,20,80.59204451739788,1.7827907455594914,0.23529411764705882,0.020974008771288133,0.08913953727797456,0.02212117531246685,0.021564655097424355,0.012944647717430445,-0.005225352861301637,0.04834137218669375
21500498,1610612754,71,17,66.00109487771988,2.1161563328089565,0.23943661971830985,0.029805018771957133,0.1244797842828798,0.03206244285385804,0.030712841391911293,0.008978191155424808,0.015507864317676536,0.04877343801877022
21500498,1610612765,92,22,88.68743422627449,2.1477792814784014,0.2391304347826087,0.02334542697259132,0.09762633097629098,0.024217402388692643,0.023229633052523933,0.011288713211510527,0.0025386115783674365,0.04423900991464194
21500499,1610612739,78,36,79.82850608229637,3.1890046222608994,0.46153846153846156,0.040884674644370504,0.08858346172946943,0.03994819368125602,0.03929231742507341,0.013621554133212819,0.014770021251036873,0.06631216470893304
21500499,1610612753,71,26,71.5420099645853,3.879216425179469,0.36619718309859156,0.05463685105886576,0.1492006317376719,0.05422291639694995,0.05344420727933058,0.013753506585141588,0.029278257091154333,0.07864861648146397
21500500,1610612749,73,14,75.41230496764183,2.124651955980144,0.1917808219178082,0.029104821314796494,0.15176085399858172,0.028173810055160054,0.027963759817185588,0.01175629408370026,0.006929026226551921,0.05017954253708852
21500500,1610612750,82,17,83.62871681153774,3.5022066160035394,0.2073170731707317,0.04270983678053097,0.20601215388256114,0.04187803842424091,0.042177249559610545,0.01106169817009188,0.021261674042010358,0.061496821497987755
21500501,1610612740,81,18,79.82813418656588,1.614279351929039,0.2222222222222222,0.019929374715173323,0.08968218621827995,0.020221935140765233,0.020465735595732108,0.012704540946987548,-0.0051043617958192004,0.04393737409590294
21500501,1610612742,81,23,81.33638921380043,4.076664679246501,0.2839506172839506,0.05032919357094445,0.17724629040202178,0.05012104322126472,0.051357287608012996,0.012031050456309339,0.026433274289783766,0.07472216787834789
21500502,1610612745,75,20,78.79395405948162,2.02717675793907,0.26666666666666666,0.027029023439187602,0.1013588378969535,0.02572756732589854,0.02549304984111801,0.011415228094238249,0.005304574213296352,0.04995771561260296
21500502,1610612759,82,22,89.12602169811726,3.206482959977489,0.2682926829268293,0.039103450731432794,0.14574922545352223,0.03597695598753763,0.03593327363664322,0.012544111502414208,0.010663181542126487,0.06032441882462736
21500503,1610612762,75,23,72.42816135287285,3.900402457577663,0.30666666666666664,0.052005366101035504,0.16958271554685492,0.05385201535870487,0.05363723873010654,0.01632769164026521,0.024604254896632094,0.0874868667753608
21500503,1610612763,81,18,79.05535120517015,0.5979028079761673,0.2222222222222222,0.007381516147853918,0.03321682266534263,0.007563090908602086,0.007395008362109863,0.014194450855150118,-0.02016535890656993,0.0315599350986346
21500505,1610612746,81,26,83.04706229269505,3.2600484458334287,0.32098765432098764,0.04024751167695591,0.1253864786859011,0.03925543367619143,0.03876201534626149,0.013446072368488927,0.013450722643606474,0.06539435858928379
21500505,1610612755,89,20,87.39699363708496,1.230636495113398,0.2247191011235955,0.01382737634958874,0.061531824755669894,0.01408099345182973,0.012283088395640447,0.013208786276872166,-0.01511850668153535,0.03705914225170512
21500506,1610612737,65,23,70.62255865335464,4.549671697341041,0.35384615384615387,0.06999494918986217,0.19781181292787134,0.06442235716313752,0.06649301504242508,0.01478921813658746,0.037722060621931515,0.09348653784992936
21500506,1610612752,65,19,58.17224334925413,2.8646026111839302,0.2923076923076923,0.044070809402829696,0.15076855848336476,0.04924346124981717,0.0490433995448412,0.022423011806265526,0.006905268274026913,0.09121432157891607
21500507,1610612741,82,22,78.73926047980785,2.102909564656873,0.2682926829268293,0.0256452385933765,0.09558679839349424,0.0267072557177007,0.02702699908701797,0.012871601852879553,-0.00016879830011779214,0.05042210267200502
21500507,1610612761,92,29,92.31552663445473,2.285901542305437,0.31521739130434784,0.024846755894624314,0.07882419111398059,0.024761831791926047,0.025365056649485424,0.013998998461878622,-0.0017298015778529669,0.05370114639594458
21500508,1610612748,86,24,83.5086804330349,2.7786215266826932,0.27906976744186046,0.03230955263584527,0.11577589694511221,0.03327344549421845,0.0338476661608891,0.012599873240603677,0.008594324811699016,0.055968040345791004
21500508,1610612764,91,28,89.59955912828445,5.107937339026235,0.3076923076923077,0.05613117954973885,0.18242633353665125,0.05700850973734067,0.05705883189743309,0.014921253720835671,0.0311680049702304,0.08297224954925923
21500509,1610612743,80,21,80.22618547081947,3.1555750808643404,0.2625,0.03944468851080425,0.15026548004115906,0.03933348023896901,0.03952785651688407,0.008992686182293931,0.023248397790955937,0.05658927185172374
21500509,1610612757,78,20,76.58711516857147,2.452982914269701,0.2564102564102564,0.0314484989008936,0.12264914571348504,0.03202866316182013,0.03122839554913491,0.014594642722286515,0.0004074626744744826,0.05910619706139941
21500510,1610612747,84,23,85.93384997546673,2.8274463127599128,0.27380952380952384,0.03366007515190372,0.12293244838086577,0.03290259092973399,0.03312138146545724,0.01268903925627931,0.007387840915196319,0.056547853561297774
21500510,1610612756,88,27,90.33488914370537,4.381637667581656,0.3068181818181818,0.04979133713160973,0.1622828765770984,0.048504378641693095,0.04821056770598726,0.00985853467856893,0.030952382159346994,0.0665345455657099
21500511,1610612739,72,31,72.09882168471813,3.5599049221850443,0.4305555555555556,0.04944312391923673,0.11483564265113046,0.04937535508904984,0.049413332443574556,0.01470382994847411,0.022548174314654966,0.07656374781158234
21500511,1610612761,67,15,70.1103413850069,1.5905470614563417,0.22388059701492538,0.023739508379945398,0.10603647076375612,0.022686340274995154,0.02257131203141084,0.01069985614326072,0.0025399488173923255,0.04140477700826207
21500512,1610612750,73,7,69.91155087947845,1.1329845913730061,0.0958904109589041,0.015520336868123371,0.16185494162471517,0.016205971361244364,0.016596342229303243,0.009306927568474411,0.0007991212330269112,0.037173532386829355
21500512,1610612755,87,19,87.26044026017189,2.351508227292491,0.21839080459770116,0.027028830198764266,0.1237635909101311,0.02694815910029032,0.027273719144063017,0.013508312930818452,0.0011770299361559117,0.05328422765775887
21500513,1610612738,92,16,95.19063910841942,3.334743783802601,0.17391304347826086,0.03624721504133262,0.20842148648766257,0.0350322659353555,0.036288518985016935,0.010742749006849876,0.0175888256352257,0.05709480563199189
21500513,1610612751,83,24,82.20652630925179,3.190296293099358,0.2891566265060241,0.038437304736136844,0.13292901221247325,0.03880830922228509,0.03776492906619456,0.013773154311441934,0.0099357838466193,0.06280254877949812
21500515,1610612748,88,24,91.94241571426392,4.659613653654323,0.2727272727272727,0.05295015515516276,0.19415056890226345,0.05067969573624583,0.050611966254671514,0.010544014781469695,0.03179782306284063,0.07461176620114346
21500515,1610612754,94,25,89.54497973620892,1.9662083955950715,0.26595744680851063,0.02091711059143693,0.07864833582380286,0.021957773639430557,0.02208547536341683,0.011333311414585306,-0.0006762304873467908,0.04380087928884065
21500516,1610612749,77,11,75.03748685121536,1.7554852069536422,0.14285714285714285,0.022798509181216134,0.15958956426851292,0.023394776139483795,0.024457033579720254,0.008184914816962036,0.009728864143434712,0.04151390124907606
21500516,1610612759,90,20,89.18988937139511,2.330307141802492,0.2222222222222222,0.025892301575583244,0.11651535709012459,0.02612748102084613,0.0250973688811505,0.012672888948288736,0.0018219574351554916,0.04932359313349364
21500517,1610612758,89,16,91.91332459449768,1.8909777832561225,0.1797752808988764,0.021246941384900252,0.11818611145350766,0.020573489117042824,0.019901133096490716,0.010134129088668235,-0.003849892044064246,0.0385903556908671
21500517,1610612760,89,30,87.70742294937372,3.802232305543538,0.33707865168539325,0.042721711298242,0.12674107685145128,0.04335131711415411,0.04344457348737359,0.01602135838147563,0.014805374643120657,0.07364341668863857
21500518,1610612745,68,22,68.3050113171339,2.796992053689263,0.3235294117647059,0.04113223608366563,0.12713600244042106,0.04094856292026782,0.04089769399344939,0.015008780412801266,0.00859446821564282,0.06865052657538522
21500518,1610612762,75,28,74.1205100864172,5.26668757291772,0.37333333333333335,0.07022250097223626,0.1880959847470614,0.07105573837494213,0.07058772804460343,0.01351295965786362,0.045105360961092245,0.09585806709906419
21500519,1610612757,72,26,76.26431518793106,3.709598552329888,0.3611111111111111,0.05152220211569289,0.1426768673973034,0.04864134088385465,0.04735878214458198,0.012594610836644088,0.02289005175198115,0.07442904860494344
21500519,1610612763,91,15,86.61308278143406,1.5968956620459944,0.16483516483516483,0.01754830397852741,0.1064597108030663,0.018437118397872067,0.01799141280348418,0.008112563530212493,0.0012939000460753434,0.032560527149870545
21500520,1610612744,87,33,86.46119050681591,3.6833834245638712,0.3793103448275862,0.042337740512228404,0.11161767953223853,0.04260158115997145,0.041478759857725464,0.0110010605594262,0.02081356209687638,0.06578247576740757
21500520,1610612766,86,21,87.94321820139885,2.816819918917595,0.2441860465116279,0.032753719987413894,0.13413428185321882,0.032029984534643625,0.02986861968273107,0.012213179655503047,0.006632252711335043,0.05437298278860841
21500523,1610612742,99,21,94.822418987751,4.1826667266738795,0.21212121212121213,0.042249158855291714,0.1991746060320895,0.044110525457214805,0.043610929533979305,0.008919249944847142,0.028207800239651182,0.05971530680578407
21500523,1610612758,98,25,99.069436006248,2.4220352915648014,0.25510204081632654,0.02471464583229389,0.09688141166259205,0.024447855859521105,0.025968042144083003,0.012666413692226335,0.0023275910438246444,0.0491634893869184
21500524,1610612744,86,29,90.2958173751831,5.259452831525692,0.3372093023255814,0.06115642827355456,0.18136044246640318,0.05824691535458872,0.059370856986500964,0.011040554282376144,0.0377043307025992,0.07982704245192256
21500524,1610612747,92,25,95.32125969231129,3.2758996410869794,0.2717391304347826,0.03560760479442369,0.13103598564347918,0.03436693610283055,0.03490320092628109,0.011351966117046771,0.010653392061651482,0.05366004221518576
21500525,1610612748,80,17,82.24360717833042,2.3274660149706303,0.2125,0.02909332518713288,0.13690976558650766,0.028299658719053267,0.028014682653841362,0.011063073547206516,0.008756080272545751,0.050362797908349376
21500525,1610612752,68,8,63.60800537467003,0.9157674498018147,0.11764705882352941,0.013467168379438451,0.11447093122522684,0.014397047107634843,0.013608345463317895,0.0103498564739861,-0.0031360642266026043,0.03471936625765702
21500526,1610612753,79,28,80.27009570598602,4.305859922235443,0.35443037974683544,0.05450455597766383,0.15378071150840866,0.053642142623162956,0.05400762903393057,0.01474368807350542,0.023354238585985735,0.07757999319225928
21500526,1610612754,76,21,72.2509605139494,1.5929436692002112,0.27631578947368424,0.02095978512105541,0.0758544604381053,0.022047370136936296,0.022068995576044213,0.011856386501302872,-0.003030120439242715,0.041327618646190965
21500527,1610612739,89,28,89.67644587159157,1.8990998102524967,0.3146067415730337,0.021338200115196593,0.06782499322330346,0.021177242159795596,0.02305366849294666,0.015605471363428998,-0.004947803854052206,0.05074336662549806
21500527,1610612764,76,24,79.6148809492588,5.050260802702999,0.3157894736842105,0.06645080003556578,0.2104275334459583,0.06343362876999964,0.06467505935907743,0.012681569828225369,0.04043154420965251,0.08819555599785217
21500528,1610612738,92,27,89.32229346781969,1.063854957211242,0.29347826086956524,0.01156364083925263,0.03940203545226822,0.011910296029227227,0.011971545162788342,0.014052345587451163,-0.019143819480589255,0.03952811863977996
21500528,1610612765,74,24,74.48531138896942,4.253517646901268,0.32432432432432434,0.05747996820136849,0.1772299019542195,0.05710545566076769,0.05699714786637686,0.01104752793864394,0.036416989218872015,0.07760328612339475
21500529,1610612751,77,13,74.00183394551277,1.7310706872691977,0.16883116883116883,0.022481437497002568,0.13315928363609214,0.023392267393586186,0.023320341495274923,0.013127187680580287,-0.0005788694911821856,0.05238049844287181
21500529,1610612761,77,24,77.41885228455067,4.015024425883482,0.3116883116883117,0.05214317436212314,0.16729268441181175,0.051861068814691026,0.050947383169181196,0.01317860317117441,0.025704288862231382,0.07681913598489802
21500530,1610612743,81,23,81.73325210809708,2.3910545489177952,0.2839506172839506,0.02951919196194809,0.10395889343120848,0.029254366946704673,0.028624527640713042,0.011768499171943683,0.005856272343632512,0.05421215805610015
21500530,1610612750,74,10,63.83115611970425,0.599300137747106,0.13513513513513514,0.008098650510096027,0.0599300137747106,0.009388834139604533,0.009172189715616362,0.01110856010876694,-0.01340394749540331,0.028851027236353296
21500531,1610612740,92,27,95.66412767767906,4.646543766705377,0.29347826086956524,0.05050591050766714,0.17209421358168062,0.04857143298646873,0.04656859772321772,0.010584591603809578,0.023923557845487775,0.06428304127309022
21500531,1610612742,87,28,88.19839506596327,0.5715692467682488,0.3218390804597701,0.006569761457106308,0.020413187384580315,0.006480494870011798,0.006196828306680527,0.014028291605028666,-0.019099941111732105,0.03116352713507593
21500532,1610612759,83,19,82.21198277175426,2.271269144165372,0.2289156626506024,0.02736468848392014,0.11954048127186168,0.027626984140147953,0.028014909166440026,0.010621322542013955,0.008389218688410409,0.047641278941314036
21500532,1610612762,75,15,71.08019998669624,2.5474028323690425,0.2,0.0339653710982539,0.1698268554912695,0.03583843085480666,0.0350888452383858,0.009402932266145005,0.01901331150589835,0.05518425685884208
21500533,1610612756,84,33,85.59090973436832,5.144396178263099,0.39285714285714285,0.06124281164598927,0.15589079328069996,0.060104468970230016,0.06029481076027553,0.01632105321480247,0.029004475857796013,0.0899434091119185
21500533,1610612766,86,22,87.52996656298637,3.919439507587967,0.2558139534883721,0.045574877995208915,0.17815634125399848,0.04477825893795523,0.045721022645263,0.011220696189199846,0.025172381819429233,0.06773801263799285
21500535,1610612746,83,23,79.88516743481159,3.200591343698506,0.27710843373493976,0.038561341490343445,0.1391561453781959,0.04006490123852182,0.04006860298652297,0.014167308589608177,0.013226741502698638,0.06912702272696773
21500535,1610612757,86,27,84.68346850574017,2.5918009872798136,0.313953488372093,0.030137220782323414,0.09599262915851162,0.030605749067825812,0.029499709026227762,0.015866669993154295,0.0009326487959666719,0.05828498679808291
21500537,1610612738,93,21,93.6383840739727,3.632867971248533,0.22580645161290322,0.039063096465037986,0.1729937129165968,0.03879678197328384,0.03901920484542667,0.008820334548365305,0.02301034395267825,0.05811638305874917
21500537,1610612741,92,23,87.8426108956337,2.514859759299188,0.25,0.027335432166295522,0.10934172866518209,0.02862915541396085,0.026953769419234108,0.015825566984868984,-0.0073200927103205474,0.05650304140786706
21500538,1610612745,75,21,76.53028121590614,1.839798436345255,0.28,0.024530645817936736,0.08760944934977405,0.024040136885879745,0.02239200746095358,0.011820862698748063,-0.003081101551668309,0.04294160895480664
21500538,1610612762,77,24,80.86211876571178,3.182381767204089,0.3116883116883117,0.041329633340312845,0.13259924030017037,0.039355656465355,0.03983048326215841,0.012982799097624752,0.012812741109763758,0.06305543050148386
21500539,1610612747,76,26,77.69792732596397,4.958626450048656,0.34210526315789475,0.06524508486906126,0.1907164019249483,0.06381928863103216,0.06407980939663345,0.011144139841143747,0.04426406663293043,0.0847590233229228
21500539,1610612758,85,20,96.2620517462492,2.5791679622110193,0.23529411764705882,0.030343152496600228,0.12895839811055096,0.0267931954017541,0.027117375310545873,0.010992553427392407,0.007590881385563455,0.05136150070455947
21500540,1610612761,75,12,66.38078889250755,0.01245757118346913,0.16,0.00016610094911292172,0.0010381309319557608,0.00018766832077940588,0.00042155753475745417,0.011953606783333537,-0.02317468974809434,0.025732350653481537
21500540,1610612764,84,24,83.10128226876259,3.186879839839728,0.2857142857142857,0.03793904571237771,0.13278665999332198,0.038349346157293435,0.03814964745351951,0.009918686959575955,0.01894388857781861,0.05521155589533218
21500541,1610612751,71,20,70.19579896330833,3.9804847553459823,0.28169014084507044,0.05606316556825327,0.1990242377672991,0.05670545551346456,0.05488774868126473,0.01862938058776824,0.021990800146196105,0.08794184066448833
21500541,1610612753,82,27,84.63463711738586,2.4031170756426237,0.32926829268292684,0.0293063058005198,0.08900433613491199,0.02839401405253936,0.028484723681167085,0.01388007004018435,0.0005941162701915725,0.05582556161334544
21500542,1610612743,87,22,85.46125670522451,1.5553945484665441,0.25287356321839083,0.01787809825823614,0.07069975220302473,0.018199996213856963,0.017255570690294496,0.015038627901404613,-0.010899010663449601,0.047051387313339896
21500542,1610612763,82,18,74.17200528085232,1.819234557631969,0.21951219512195122,0.022185787288194744,0.10106858653510939,0.02452723976847379,0.024547142284719693,0.016068668537195203,-0.010631216076832829,0.049971231600270005
21500543,1610612739,79,31,77.94241142272949,0.8962755011191172,0.3924050632911392,0.011345259507836927,0.028912112939326363,0.011499201586900688,0.010191376025763232,0.012454555872360265,-0.013387798719799865,0.03607105655134259
21500543,1610612750,76,20,72.32880520820618,0.23306632628849333,0.2631578947368421,0.0030666621880064914,0.011653316314424667,0.0032223168296170116,0.004740552682649249,0.013026075702824024,-0.01987461025837982,0.029782738120260662
21500544,1610612740,82,30,83.82997669279575,5.325640203110442,0.36585365853658536,0.06494683174524929,0.1775213401036814,0.06352906696642469,0.06383835168875156,0.012174652897014318,0.0398920477611603,0.08827032322096935
21500544,1610612754,81,16,79.14301881194115,2.826522232377579,0.19753086419753085,0.03489533620219234,0.1766576395235987,0.03571410687648816,0.03522024042458602,0.010197540864558352,0.01795582682334627,0.055977550550936485
21500546,1610612752,80,18,76.57285724580288,2.996428361119169,0.225,0.03745535451398961,0.16646824228439827,0.03913172981779271,0.038789233338276226,0.01254536081423851,0.018157315219830994,0.06328234600887062
21500546,1610612759,88,13,85.71037213504314,1.2485003395101595,0.14772727272727273,0.014187503858069994,0.09603848765462765,0.014566502377834193,0.014460309125032775,0.011030737537801833,-0.01023192484223902,0.03463511065738528
21500547,1610612748,71,17,71.93323826789856,3.15926044130373,0.23943661971830985,0.04449662593385535,0.18583884948845472,0.043919341286121474,0.045248549312639434,0.009769296238363366,0.027176149762381082,0.06347768822580598
21500547,1610612756,92,22,91.09908305108547,2.5592747328896137,0.2391304347826087,0.027818203618365366,0.11633066967680063,0.02809330947331768,0.028524351356810397,0.0098792811083474,0.009297628378903936,0.047423268029681026
21500548,1610612744,87,28,84.92290031909943,3.38543041291504,0.3218390804597701,0.03891299325189701,0.12090822903267999,0.03986475261907236,0.040113781158423546,0.009111308608740407,0.02278639730836961,0.058211874687623344
21500548,1610612757,96,28,99.39176359772682,3.9103271215722595,0.2916666666666667,0.04073257418304437,0.13965454005615213,0.03934256702998771,0.040246758457813725,0.010245448650273716,0.01990094372022699,0.06031830582455791
21500549,1610612747,84,28,80.42447826266289,2.153964217950564,0.3333333333333333,0.025642431166078145,0.07692729349823443,0.02678244564939308,0.02598978116433021,0.014869574376569607,-0.0027828715403641013,0.05094102128385891
21500549,1610612760,89,15,88.17125660181046,0.3105753138377605,0.16853932584269662,0.0034896102678400056,0.020705020922517366,0.003522409975853552,0.0037957077888969505,0.007867047790111268,-0.013878873850472699,0.01706547633824202
21500550,1610612746,91,29,85.87802697718143,4.3037402191996765,0.31868131868131866,0.04729384856263381,0.14840483514481642,0.050114567959778804,0.04921969004100268,0.01419258973103755,0.024256774311131383,0.07402697815060014
21500550,1610612766,84,25,82.90630234777927,3.2706417985917637,0.2976190476190476,0.03893621188799719,0.13082567194367056,0.03944985732051975,0.0371462548555215,0.012617670231717908,0.012588145468626015,0.060694494865422575
21500551,1610612737,94,23,102.29170723259449,3.7292766681486396,0.24468085106382978,0.03967315604413446,0.16214246383254954,0.036457272725626516,0.03663285602604514,0.008692224968431021,0.021864977851739405,0.05394793267819021
21500551,1610612741,79,14,76.29981132596731,0.9421120532272799,0.17721518987341772,0.011925469028193416,0.06729371808766285,0.012347501741549503,0.012545672632062441,0.01383769034933234,-0.01658525148538954,0.0354049025606302
21500552,1610612753,72,13,71.17625089362264,0.38788068596085845,0.18055555555555555,0.005387231749456368,0.029836975843142956,0.005449580177249999,0.005697945341021851,0.013512578736101833,-0.024391401694306356,0.02979203197526799
21500552,1610612764,75,23,71.11279979348183,3.8822114203032774,0.30666666666666664,0.05176281893737703,0.1687918008827512,0.05459230168939459,0.055516574039204986,0.015746841972809976,0.02561256839155558,0.08583117730152519
21500553,1610612751,82,11,79.731386333704,1.8827380940793605,0.13414634146341464,0.022960220659504395,0.17115800855266913,0.02361351257833944,0.02322354515695424,0.007714081491138507,0.00912050849292725,0.0389602330509934
21500553,1610612765,91,27,97.87125048786402,2.2470954155456737,0.2967032967032967,0.024693356214787625,0.08322575613132124,0.02295970884549301,0.021368566132567563,0.013236353905657278,-0.007004403689122505,0.043335102733453944
21500554,1610612755,78,13,73.93344467878342,2.4465991826809677,0.16666666666666666,0.03136665618821753,0.18819993712930522,0.033091913859967424,0.03338147735483677,0.01064810715151427,0.012982378686935369,0.0552002166029923
21500554,1610612761,74,20,74.54217475652695,2.79644831455382,0.2702702702702703,0.03778984208856514,0.139822415727691,0.03751498160186106,0.03758865851067871,0.012035681911412324,0.013885908961521368,0.06198082035619222
21500556,1610612744,87,31,97.6527049690485,3.55883501829868,0.3563218390804598,0.04090614963561701,0.11480112962253806,0.03644379353778956,0.036863013193738164,0.011020462330613406,0.013946512467599167,0.058303101737060284
21500556,1610612758,92,23,96.4965506196022,3.6752116123006373,0.25,0.03994795230761562,0.1597918092304625,0.03808645582357281,0.037929477849167795,0.010319867207858064,0.018516976677388584,0.05951268786758931
21500557,1610612742,77,19,77.67998753488064,1.4670359820024186,0.24675324675324675,0.019052415350680762,0.07721242010539045,0.018885636166505248,0.018016390139655964,0.014412491439602744,-0.010380038342428908,0.043040027021382675
21500557,1610612750,79,19,74.85135540366173,3.4845258582182295,0.24050632911392406,0.044107922255926954,0.18339609780095945,0.04655260869261115,0.0465465549771989,0.010783060471819428,0.027948093328343637,0.0686647002667079
21500558,1610612740,100,27,100.75663655996323,5.07853137133298,0.27,0.050785313713329804,0.18809375449381407,0.05040393908256949,0.05138078255254417,0.01137678778857865,0.03036324638337648,0.07575109075012908
21500558,1610612746,88,31,90.83361555635929,6.007284083261678,0.3522727272727273,0.06826459185524635,0.19378335752457027,0.06613503212953528,0.0647072620010121,0.0121241629000204,0.04204962594402226,0.09023582744562646
21500559,1610612739,87,30,91.41228766739368,3.102885747544361,0.3448275862068966,0.03566535342005013,0.10342952491814537,0.033943858388429164,0.03550924151907836,0.01187399024158428,0.010625867006909845,0.05624935262439938
21500559,1610612755,76,18,77.51997634768486,2.437666328299735,0.23684210526315788,0.032074556951312304,0.13542590712776306,0.03144565366437365,0.030879536525806182,0.008439259564999505,0.014802253771183093,0.047097483752728535
21500560,1610612738,88,21,89.28305879235268,2.717084961226872,0.23863636363636365,0.030875965468487185,0.12938499815366059,0.030432256667483233,0.0305683746250095,0.012552790607043094,0.0035794519082714854,0.055891744619525244
21500560,1610612763,84,14,79.08483076095581,1.5940156977486348,0.16666666666666666,0.018976377354150413,0.11385826412490249,0.020155770486084173,0.02083005269142557,0.012016044364385314,-0.0009617928047337877,0.04495284725692417
21500561,1610612745,88,36,89.8358248770237,5.3904650475175595,0.4090909090909091,0.06125528463088136,0.1497351402088211,0.060003512573036086,0.06169013796826421,0.011569112730923132,0.03947264044526079,0.08666195290533088
21500561,1610612754,90,28,92.49006362259388,3.250538725727964,0.3111111111111111,0.036117096952532936,0.11609066877599872,0.035144734454846976,0.03356408487249868,0.013375597539809967,0.007246013767278094,0.060377507393588464
21500562,1610612749,80,12,76.75690698623657,1.588781989855159,0.15,0.019859774873189486,0.1323984991545966,0.020698879778207405,0.020346218674636374,0.011305324244707014,-0.0004203985796007425,0.04168128793261532
21500562,1610612752,84,21,83.63689391314983,2.6666095903898155,0.25,0.03174535226654542,0.1269814090661817,0.03188317338947181,0.032828340071532354,0.012951783101976071,0.005875716853442563,0.05576008378210695
21500563,1610612743,77,26,75.75914719700813,1.765716854439722,0.33766233766233766,0.02293138771999639,0.06791218670922007,0.023306979021926653,0.025047854993627765,0.011198433560704456,0.0038249028011911783,0.046458713423598995
21500563,1610612766,83,34,80.95160266757011,3.847764354985199,0.40963855421686746,0.04635860668656867,0.11316953985250586,0.04753166371252889,0.04786351265724002,0.01686135606575764,0.014553777719481471,0.08111028260662347
21500565,1610612747,89,16,84.53577190637589,1.7228223797188293,0.1797752808988764,0.019357554828301454,0.10767639873242683,0.02037980302145783,0.020933700953902394,0.008836665897601275,0.004118393730982393,0.036858133681910946
21500565,1610612762,69,15,68.3768850415945,1.1878709051999568,0.21739130434782608,0.017215520365216765,0.07919139367999711,0.01737240449718293,0.017608061050035505,0.010383688886833027,-0.0033943846933911317,0.0361029275104215
21500566,1610612751,73,12,71.25507624447346,1.8400988217461767,0.1643835616438356,0.02520683317460516,0.15334156847884806,0.025824108522919373,0.02450926321905194,0.012617883790716503,-0.0018945092481584525,0.04821387621002499
21500566,1610612759,81,11,80.98065062612295,0.9766871438171009,0.13580246913580246,0.012057865973050627,0.08878974034700916,0.012060747058286027,0.011888680946183455,0.009371768147943087,-0.006259883099879605,0.028213880404089512
21500567,1610612741,81,18,81.80029774457216,1.7906543786818068,0.2222222222222222,0.022106844181256875,0.09948079881565593,0.02189056064653047,0.02038980217393651,0.013917436337151425,-0.008686208462073793,0.04642856543154967
21500567,1610612764,99,23,105.1246979534626,4.540413561620812,0.23232323232323232,0.04586276324869507,0.1974092852878614,0.043190740615785615,0.041710102198056695,0.009478914311774863,0.023032640081673845,0.05902363664506875
21500568,1610612744,86,21,84.69109171628952,3.3418424024366957,0.2441860465116279,0.03885863258647321,0.15913535249698552,0.03945919617651976,0.03933221419328918,0.013347595306600407,0.015692094431066513,0.06692041605896315
21500568,1610612748,91,18,90.3604432567954,2.6886444730743895,0.1978021978021978,0.029545543660158127,0.14936913739302163,0.029754662285503945,0.02992614587598772,0.011422053329755192,0.007229904287818603,0.05139124329050293
21500569,1610612754,78,22,82.09475648403168,4.467031925199468,0.28205128205128205,0.05726964006665984,0.2030469056908849,0.054413121087317606,0.055675215525754586,0.014555021675687263,0.026667483335361623,0.08485832949531005
21500569,1610612756,87,25,88.22023153305054,2.989327322412165,0.28735632183908044,0.034360084165657064,0.1195730928964866,0.033884827442243255,0.033570594553164516,0.008577170196462364,0.017872712299000584,0.05076874349841888
21500571,1610612738,86,26,80.01696991920471,3.240933617507692,0.3023255813953488,0.03768527462218247,0.12465129298106509,0.040503078544215684,0.04007473637148506,0.011729242384433817,0.016199780317764974,0.0607837428519475
21500571,1610612752,81,18,77.93016740679741,1.9617832053470046,0.2222222222222222,0.02421954574502475,0.10898795585261137,0.025173604402855283,0.02625282661622121,0.01177358437512933,3.4455095641055705e-05,0.04698980053559937
21500572,1610612745,77,36,75.35867005586624,1.7817941631643925,0.4675324675324675,0.023140183937199903,0.04949428231012201,0.0236441827044384,0.024917551878298506,0.017472004382974773,-0.010150549093008023,0.05789788659721379
21500572,1610612763,72,17,70.52668176591396,1.7436362983555722,0.2361111111111111,0.024217170810494057,0.10256684107973954,0.0247230729519205,0.022225457605912612,0.013943862541116148,-0.006769192410446231,0.05206483024592676
21500573,1610612741,82,24,80.20568703114986,1.933093422742871,0.2926829268292683,0.023574310033449647,0.08054555928095296,0.024101700194801727,0.025606412594935395,0.012719243123550304,-0.00213827683319264,0.050428031814043685
21500573,1610612749,89,15,87.74476043879986,2.637645266460049,0.16853932584269662,0.02963646366809044,0.17584301776400327,0.0300604304264954,0.028277955550970874,0.012092480798919697,0.005321873557277736,0.05176346490135081
21500574,1610612750,80,16,79.38952271640301,1.2317157124763263,0.2,0.015396446405954079,0.07698223202977039,0.015514839620289546,0.01414813911005129,0.011718961036693402,-0.007574583382191616,0.04008866439836312
21500574,1610612760,84,20,84.80367603898048,1.4872797082531992,0.23809523809523808,0.017705710812538085,0.07436398541265996,0.01753791554471722,0.017158774847087246,0.011213008975725127,-0.00802088730389547,0.035477943929306095
21500575,1610612739,97,41,100.29334546625614,5.782645454630657,0.422680412371134,0.059614901594130486,0.14104013303977211,0.057657319413841245,0.05747107169485151,0.012856686160832832,0.035996652670766655,0.08428836110708669
21500575,1610612742,78,29,75.13656567037106,1.684581566291969,0.3717948717948718,0.021597199567845757,0.05808901952730928,0.022420263040532577,0.020446026116389154,0.016797265435575786,-0.017290050324525887,0.05282503519997061
21500576,1610612740,91,22,87.89662639796734,2.3054337844160133,0.24175824175824176,0.02533443719138476,0.10479244474618242,0.026228922302179825,0.02608792678110933,0.014348033391404232,-0.0034744099023159268,0.053469748550192646
21500576,1610612747,87,25,87.14772310853004,3.51114090394753,0.28735632183908044,0.040357941424684254,0.1404456361579012,0.040289531139842925,0.039156612470453316,0.011983595364238896,0.017730676443958083,0.06172715456445091
21500578,1610612749,72,8,73.82509000599384,0.2354442640027804,0.1111111111111111,0.0032700592222608387,0.02943053300034755,0.003189217432497065,0.0025718495634168646,0.014426305291869198,-0.03032739438478911,0.026737861789295533
21500578,1610612764,84,28,89.26007330417633,5.393163638521885,0.3333333333333333,0.06420432903002243,0.1926129870900673,0.06042078433145929,0.05896661914525716,0.01214780799842339,0.0355263699034563,0.08122250112668307
21500579,1610612751,83,16,81.2988823056221,3.547092539668126,0.1927710843373494,0.042736054694796695,0.22169328372925787,0.043630274354003414,0.045150348630506994,0.011868815829512743,0.022868485865861207,0.06716452177340647
21500579,1610612752,90,20,90.68348013609648,1.9729309421126002,0.2222222222222222,0.021921454912362224,0.09864654710563,0.02175623320974949,0.01854785996371328,0.015098404929969812,-0.01250193390205912,0.048740166389028984
21500581,1610612745,74,29,78.8292521238327,4.2791724298174545,0.3918918918918919,0.05782665445699263,0.14755766999370531,0.0542840673294136,0.053525979383812816,0.013244055534262654,0.027939065623082758,0.07936242793828802
21500581,1610612750,78,17,76.91038703918457,0.6591527752556077,0.21794871794871795,0.008450676605841125,0.03877369266209457,0.00857039992426225,0.00910130101027015,0.016293737979500858,-0.023349597758330683,0.0422670720176671
21500582,1610612742,82,31,83.55055548250675,1.9716876531580625,0.3780487804878049,0.02404497137997637,0.06360282752122783,0.0235987378153444,0.024401341396864895,0.012321497131168492,-0.0028262074798481546,0.048389251496917786
21500582,1610612760,82,34,85.13530388474464,6.137885233724675,0.4146341463414634,0.07485225894786189,0.18052603628601985,0.07209565190527874,0.07161460200622535,0.0128802682774563,0.047186954345889785,0.09604686943915874
21500583,1610612743,88,23,84.70626474916935,1.584341451128782,0.26136363636363635,0.018003880126463433,0.0688844109186427,0.018703946583175462,0.01859439448269158,0.008677419815548586,0.0019497352926373165,0.03411631337800694
21500583,1610612744,88,22,89.11249294877052,2.646796511171511,0.25,0.030077233081494445,0.12030893232597778,0.029701744655411175,0.02973457084534376,0.009387339408500112,0.013875072113392777,0.0506143454134726
21500584,1610612757,88,24,88.84308023750782,3.322474194080006,0.2727272727272727,0.03775538856909098,0.1384364247533336,0.03739710718266297,0.03788948538451702,0.011677139404663191,0.015038354534562863,0.058754233935874145
21500584,1610612762,76,21,73.57821311056614,3.023338716723049,0.27631578947368424,0.039780772588461175,0.1439685103201452,0.041090135094472485,0.04210785184629989,0.01357586132313395,0.01989060771713828,0.07292843250209796
21500585,1610612740,99,32,97.58765993267298,3.706365403165506,0.32323232323232326,0.03743803437540915,0.11582391884892206,0.03797985734797388,0.03827367142874918,0.011618478586396093,0.017064453298127724,0.05926240771715411
21500585,1610612758,84,22,88.19191813468933,0.8391710406496314,0.2619047619047619,0.009990131436305135,0.038144138211346885,0.009515282787794958,0.009396240052741785,0.008936709391625277,-0.012837298782138455,0.02386163641963056
21500586,1610612746,94,22,92.14090220630169,4.919573465870662,0.23404255319148937,0.052335887934794274,0.22361697572139372,0.053391852565713244,0.053266052821368495,0.013051910244451787,0.02716047336972535,0.07981924837782228
21500586,1610612748,70,20,67.26391166448593,2.7331367710286156,0.2857142857142857,0.03904481101469451,0.1366568385514308,0.04063303342603044,0.03854881421709275,0.01452747846322783,0.011131448817481664,0.06540335922178868
21500591,1610612758,74,14,76.62341779470444,2.389011360481204,0.1891891891891892,0.03228393730380005,0.1706436686058003,0.031178606087267385,0.03050292862586212,0.010433635791805482,0.013242964203017762,0.05400390678410117
21500591,1610612762,83,34,83.69480880349874,4.400891961808382,0.40963855421686746,0.05302279472058292,0.12943799887671711,0.05258261563319813,0.05143488150968926,0.016923424849922486,0.01062296748890875,0.08041105004159049
21500592,1610612744,86,32,88.21347224712372,4.501949301977293,0.37209302325581395,0.05234824769741038,0.1406859156867904,0.05103471371544478,0.049876102622280157,0.00987859860797969,0.031643088323449024,0.06899085682804841
21500592,1610612747,90,20,88.94109578430653,1.9644946168666952,0.2222222222222222,0.021827717965185504,0.09822473084333476,0.02208759178806212,0.02254118179287488,0.010118587671637523,0.0017770213378903775,0.039897256721511856
21500593,1610612754,77,13,80.25412684679031,1.8251788689766566,0.16883116883116883,0.023703621675021515,0.1403983745366659,0.022742492388721974,0.02235707378139871,0.011639466353497616,0.002292350517105267,0.048533921915919036
21500593,1610612764,97,28,98.48441724479198,5.711834791325806,0.28865979381443296,0.05888489475593615,0.20399409969020738,0.05799734568290658,0.05863317021689026,0.011784501851392619,0.03629805244921789,0.08035903993234225
21500595,1610612738,96,34,101.90351264178753,5.341399060761125,0.3541666666666667,0.055639573549595055,0.15709997237532722,0.05241624083693048,0.0520210276935012,0.010194345049983485,0.03412687987882764,0.0728359351638548
21500595,1610612756,89,23,91.4026631116867,2.5422898378791814,0.25842696629213485,0.02856505435819305,0.11053434077735572,0.02781417686673645,0.027663925430759625,0.012482604797239994,0.004155903339828276,0.05112105315291344
21500597,1610612741,86,22,83.39862774312496,2.8599343552426864,0.2558139534883721,0.033255050642356815,0.12999701614739484,0.03429234308328829,0.03441513804830376,0.012305018877163523,0.012799644500741258,0.0573596899196071
21500597,1610612742,77,20,77.99839296936989,3.275331507277064,0.2597402597402597,0.04253677282178005,0.1637665753638532,0.041992294745909604,0.04327931403216105,0.011493056696421155,0.018991044788525487,0.06653782945150861
21500599,1610612737,95,29,94.15526993572712,-0.35859899884947577,0.30526315789473685,-0.0037747263036786924,-0.01236548271894744,-0.003808591904566414,-0.003564032935823081,0.009111314991674096,-0.02339994695985597,0.01096221425995525
21500599,1610612749,95,9,94.97874407470226,0.8945230953254794,0.09473684210526316,0.009416032582373467,0.09939145503616437,0.009418139858976477,0.009249843802344369,0.0055413947899320476,-7.406782789208365e-06,0.02068715416873947
21500600,1610612743,77,17,72.0415186136961,1.688103543708867,0.22077922077922077,0.0219234226455697,0.09930020845346277,0.023432370335790435,0.022557335285733445,0.012028036176594458,-0.0021220129662976807,0.043864657166934155
21500600,1610612748,79,11,75.91975492238998,1.3219558268488085,0.13924050632911392,0.016733618061377322,0.12017780244080077,0.017412540757016353,0.0182293150223881,0.01420221268673969,-0.01371120197643939,0.0420141742789381
21500601,1610612739,87,38,90.05231696367264,5.042747112659406,0.4367816091954023,0.057962610490338,0.13270387138577383,0.05599797187554501,0.05566568395496892,0.0134568888548237,0.030047696819167205,0.08340172616997668
21500601,1610612745,70,25,74.81460273265839,4.5537937314628,0.35714285714285715,0.0650541961637543,0.18215174925851202,0.06086771252044568,0.06079085656071861,0.012881810664723872,0.03843520685187583,0.08732768324776895
21500615,1610612752,97,22,95.96734850108624,2.3046916134610247,0.2268041237113402,0.023759707355268295,0.10475870970277384,0.024015372410074853,0.02407183720216631,0.012780097241041224,-2.9265643358733433e-05,0.04934284787355522
21500615,1610612755,102,27,101.31999585032463,1.9606131227788544,0.2647058823529412,0.019221697282145633,0.07261530084366127,0.019350702754421526,0.01888926938704389,0.009963639623136069,-0.0017986427015306997,0.037068497221331174
21500616,1610612762,104,43,103.44719061255455,6.898343647174881,0.41346153846153844,0.06633022737668155,0.16042659644592747,0.0666846881614365,0.06734847854064933,0.012852361518882287,0.04335937176732811,0.09420132506417628
21500616,1610612766,88,28,86.17007178068161,1.4868024869382468,0.3181818181818182,0.01689548280611644,0.0531000888192231,0.017254279313152106,0.01849087365356353,0.013807161019003178,-0.009566623406427353,0.04287323129098887
21500617,1610612757,84,31,85.08765809237957,4.099030604786251,0.36904761904761907,0.048797983390312515,0.13222679370278229,0.048174208771099784,0.04966504152826696,0.01523253144922297,0.01609549275567769,0.07827007830818795
21500617,1610612764,77,19,77.87110018730164,3.9705846694714997,0.24675324675324675,0.05156603466846103,0.20897814049849997,0.05098919444981694,0.05236238246222065,0.01492498092676691,0.026495215445585734,0.07856643052754667
21500618,1610612740,74,18,74.07783634215593,0.9963222464514022,0.24324324324324326,0.013463814141235165,0.05535123591396679,0.013449667210169568,0.013284260138649624,0.015036998654399948,-0.015447419723115254,0.0431077053677597
21500618,1610612763,75,19,74.78425973653793,1.551364937772573,0.25333333333333335,0.020684865836967638,0.08165078619855647,0.020744538265645363,0.01913524348761814,0.011498746803584523,-0.0034495627396822198,0.03834042328058766
21500619,1610612741,81,15,78.42229697108269,2.6259848690514564,0.18518518518518517,0.03241956628458588,0.17506565793676376,0.03348518177196159,0.03172082156251196,0.012396980635341275,0.01028121132829129,0.05376862246572784
21500619,1610612765,93,26,91.88085140287876,2.6994149556871374,0.27956989247311825,0.02902596726545309,0.10382365214181298,0.02937951612845591,0.03026318349957825,0.014824767506621504,-0.004152749587903559,0.05405904408340548
21500620,1610612737,77,22,80.93196077644825,2.4549259823000225,0.2857142857142857,0.031882155614286006,0.11158754465000102,0.030333207780311466,0.03126246165397042,0.015181638504735535,-0.0018884533390092393,0.05862156942278915
21500620,1610612753,84,21,79.65544310212135,2.4501105990050354,0.25,0.029167983321488518,0.11667193328595407,0.03075885970358484,0.03145812870232721,0.009990713146521245,0.013446577650164035,0.053353198197960736
21500621,1610612751,76,13,75.1672665476799,2.211719941710248,0.17105263157894737,0.029101578180398,0.1701323032084806,0.029423977261529333,0.029809884036513617,0.00953310782952397,0.013610580918717934,0.049492990723876876
21500621,1610612761,84,21,83.94854030013084,2.5280546432996935,0.25,0.030095888610710636,0.12038355444284254,0.030114337119638436,0.02902924705739427,0.01325866909260926,0.0006370417942240654,0.054485218938172195
21500622,1610612739,70,20,69.0433304309845,2.4872070094153633,0.2857142857142857,0.03553152870593376,0.12436035047076817,0.036023856234767934,0.03458165442702829,0.012099803648875206,0.012896749041386445,0.05591911234703847
21500622,1610612744,77,39,82.51727938652039,3.0963006274306193,0.5064935064935064,0.04021169646013791,0.07939232378027229,0.037523057600180834,0.03494947603619927,0.01552854240594277,0.0071880493893723045,0.06490031524510294
21500623,1610612738,89,22,90.19851510226727,3.082825382435972,0.24719101123595505,0.03463848744310081,0.14012842647436236,0.03417822764532939,0.0330168087226266,0.012207086274522926,0.00820959969278639,0.05581432234252545
21500623,1610612742,92,32,93.77878226339817,4.373148724516101,0.34782608695652173,0.04753422526647936,0.13666089764112815,0.04663260301496727,0.04639730807435506,0.01095718597489622,0.025673430178785532,0.0683851102294671
21500624,1610612745,88,28,96.43886156380177,2.9587561008840644,0.3181818181818182,0.0336222284191371,0.10566986074585945,0.030680122648758336,0.031067914939225366,0.013378682678643382,0.007405097356293238,0.0560436827495627
21500624,1610612746,91,35,95.66339072585106,5.768237747491105,0.38461538461538464,0.06338722799440774,0.16480679278546012,0.060297232867498156,0.05953996421663609,0.01252718959041534,0.0354142296095773,0.08419854655256907
21500626,1610612740,82,25,85.63924805819988,3.372131671576219,0.3048780487804878,0.0411235569704417,0.13488526686304877,0.039376007473635684,0.0408459955906887,0.013877302687015997,0.014269764846021181,0.0675275654729302
21500626,1610612750,74,14,76.62000922858715,2.8643542385418024,0.1891891891891892,0.038707489710024356,0.20459673132441444,0.03738389315506769,0.03820636256285932,0.013400896496084452,0.013322670432845895,0.06349845411062455
21500627,1610612743,79,20,80.78752656280994,1.686356888618429,0.25316455696202533,0.0213462897293472,0.08431784443092145,0.020873975975825125,0.020584373126674462,0.01100889167185552,-0.004059257334885672,0.037677446217542224
21500627,1610612760,96,26,102.89095635712147,4.350668104129286,0.2708333333333333,0.0453194594180134,0.16733338862035715,0.04228426149552609,0.04153670423129334,0.010221261789329677,0.02422964092328437,0.06347083153259354
21500628,1610612754,83,19,81.45998671650887,2.8884422410262096,0.2289156626506024,0.03480050892802662,0.1520232758434847,0.035458417776059264,0.03493631218225704,0.01475030488566561,0.004148356340299978,0.06065642539843085
21500628,1610612756,81,34,80.56999108940363,3.1470090573686287,0.41975308641975306,0.03885196367121764,0.09255908992260672,0.03905931991324889,0.03862166404828009,0.020391745924723693,-0.0035274802469777975,0.0792112192475262
21500629,1610612753,84,21,86.91710171103477,3.117684231562854,0.25,0.03711528847098636,0.14846115388394543,0.035869629453682536,0.035582219378858235,0.009682711778712182,0.01660768634091353,0.05358422562054756
21500629,1610612755,74,20,71.88072864711285,2.0859160516374886,0.2702702702702703,0.028188054751857955,0.10429580258187443,0.029019127809318212,0.02892171756991802,0.012378381903705049,0.0061187019275360625,0.05327356199750326
21500630,1610612748,68,17,65.39496248960495,1.825816237225936,0.25,0.02685023878273435,0.1074009551309374,0.027919830025380992,0.026699323806579876,0.012318816640067193,0.0027801165430604013,0.04723472500064263
21500630,1610612764,86,17,84.93854340910912,2.549458451317353,0.19767441860465115,0.029644865712992473,0.1499681441951384,0.030015330484745983,0.028477973924865646,0.009921823636708205,0.00835035662886431,0.04634423412209784
21500631,1610612739,70,19,74.16449691355228,2.895912938645445,0.2714285714285714,0.04137018483779207,0.1524164704550234,0.03904715947875953,0.03889785511700468,0.011519631451212103,0.013476233011787268,0.061204971573271164
21500631,1610612751,80,17,78.16173249483109,2.803082110720241,0.2125,0.03503852638400301,0.16488718298354357,0.03586258929080943,0.03536831395036111,0.011229175675069845,0.014252907288615946,0.0572070280775158
21500632,1610612752,90,15,84.37129428982735,2.7590848863700734,0.16666666666666666,0.030656498737445262,0.18393899242467157,0.03270170156323816,0.031883230505205286,0.008869170649909565,0.015473680813648966,0.05019537193381114
21500632,1610612762,85,27,81.59617967158556,3.070162942299442,0.3176470588235294,0.036119564027052256,0.11370973860368304,0.0376263074405746,0.03703207946825884,0.012666869549774369,0.013078576853658931,0.060132940235462985
21500633,1610612738,85,24,89.60862991213799,4.230887513365943,0.2823529411764706,0.04977514721606992,0.17628697972358096,0.04721517913525029,0.04710380361850353,0.009238854190191654,0.028560964380236618,0.06598436237682034
21500633,1610612761,81,26,82.57780481874943,4.169438558456234,0.32098765432098764,0.05147455010439795,0.1603630214790859,0.05049103167137661,0.0512460779352026,0.012753204708573829,0.025710764023164308,0.07658218818152966
21500635,1610612745,95,23,96.07100369036198,1.6051816422855945,0.24210526315789474,0.01689664886616415,0.06979050618633019,0.016708284296259823,0.016229435843651753,0.009255047437316708,0.00012842821515382044,0.03372864098096336
21500635,1610612765,81,33,85.8800533413887,5.102866242808906,0.4074074074074074,0.06299834867665316,0.15463231038814867,0.05941852670403094,0.06034460534966813,0.012151231828253803,0.03877264511721035,0.08497697759762383
21500636,1610612760,83,20,83.74863369762897,2.3159893717456064,0.24096385542168675,0.02790348640657357,0.11579946858728032,0.027654055588624785,0.02772355232458032,0.01103118877860083,0.00598626022172558,0.04770286760856314
21500636,1610612766,81,27,81.33001148700714,4.152395108649177,0.3333333333333333,0.051264137143817,0.153792411431451,0.051056123474328315,0.05091111199638588,0.011720655797460601,0.029743123312364138,0.07066551977094868
21500637,1610612742,96,25,101.32434695959091,3.5760187279983664,0.2604166666666667,0.03725019508331632,0.14304074911993467,0.03529278831103166,0.03566973068258849,0.011782752406761422,0.012928679467198001,0.05743490436626184
21500637,1610612750,88,25,88.75409391522408,3.836122896512928,0.2840909090909091,0.04359230564219236,0.15344491586051712,0.04322192619280308,0.04240011693855792,0.009555932438680035,0.025991846430769544,0.06109474745880179
21500638,1610612747,90,26,91.7996967881918,3.7708145174331786,0.28888888888888886,0.041897939082590874,0.14503132759358378,0.04107654653951122,0.04113629882329894,0.013245992108943935,0.018078494226599715,0.0680675116942676
21500638,1610612758,89,21,87.90669744461775,1.7570766980085533,0.23595505617977527,0.019742434809084868,0.08367031895278824,0.019987973033744468,0.01971711866637218,0.01143787379288942,-0.004287002427466961,0.04259680056128941
21500639,1610612737,87,23,89.2761016190052,4.087239719198608,0.26436781609195403,0.04697976688734032,0.17770607474776554,0.04578201383211508,0.04536090264787127,0.009424839714812464,0.02615140839092567,0.06603750188626435
21500639,1610612757,94,26,92.48944217711687,3.5708702945432105,0.2765957446808511,0.03798798185684266,0.13734116517473888,0.03860840989509927,0.03793522230053678,0.012016237438544549,0.015811064615185066,0.06007798807043933
21500642,1610612743,78,27,81.38969604671001,2.964302913151654,0.34615384615384615,0.03800388350194428,0.10978899678339459,0.03642110804112628,0.036129923243390316,0.010500301986180237,0.01825982963895744,0.05655005957985685
21500642,1610612763,71,24,69.5799340903759,3.947988334049421,0.3380281690140845,0.05560546949365382,0.1644995139187259,0.0567403287407755,0.05581712400253524,0.014638520000192024,0.02829930366408091,0.08425034183653814
21500645,1610612753,90,24,87.12607851624489,1.6388018492047638,0.26666666666666666,0.018208909435608486,0.06828341038353182,0.018809544479833382,0.020765812593800944,0.01260996175142962,-0.004577480568154268,0.04201164088245814
21500645,1610612766,101,26,102.56965644657612,2.6641770078361544,0.25742574257425743,0.02637799017659559,0.10246834645523671,0.025974319307814034,0.02456969185200672,0.01208053745077021,0.0013887506958221677,0.047172524076168974
21500646,1610612738,96,20,90.64786241948605,1.5299561316791808,0.20833333333333334,0.0159370430383248,0.07649780658395904,0.016878016655253143,0.016597614464236052,0.0077256654564628584,0.0018156293163780577,0.032252478402860746
21500646,1610612741,89,14,80.67352518439293,-0.4841073694561524,0.15730337078651685,-0.005439408645574746,-0.0345790978182966,-0.006000820818845383,-0.005722425855749343,0.007856088640089949,-0.022634684656206966,0.007677542899951373
21500647,1610612751,74,16,71.93421011418104,2.629706518883785,0.21621621621621623,0.03553657457951061,0.16435665743023656,0.03655710564847597,0.03673161354148078,0.014014151377389204,0.00833343003284047,0.06108991727089368
21500647,1610612762,73,15,76.15129446983337,3.57678771152971,0.2054794520547945,0.04899709193876315,0.23845251410198068,0.046969493249344844,0.0483098827668508,0.01151798915494736,0.02787212097625334,0.07096596602046644
21500648,1610612746,76,21,70.96819964051247,2.7143992450547136,0.27631578947368424,0.0357157795401936,0.1292571069073673,0.03824810631810348,0.03833616267075131,0.011297180452649883,0.017296499289597346,0.05894642624593147
21500648,1610612752,85,18,86.3582069426775,2.905338242444684,0.21176470588235294,0.03418044991111393,0.16140768013581577,0.033642873622575065,0.032554057315288765,0.010258631363799906,0.012309671684449457,0.0528389531076293
21500649,1610612748,80,15,80.07366551458836,1.1601587692613575,0.1875,0.01450198461576697,0.07734391795075717,0.01448864319880538,0.015429063008853362,0.010017608978960715,-0.004313963696760204,0.03293032627379082
21500649,1610612761,72,24,69.14130288362503,1.8963918222262528,0.3333333333333333,0.026338775308697954,0.07901632592609387,0.027427771001338502,0.026325213832332012,0.014261867489464444,-0.001224360278623463,0.055730617864883175
21500650,1610612745,94,42,97.86758121848106,3.9838217876726914,0.44680851063829785,0.042381082847581825,0.09485289970649265,0.04070624550104235,0.038455932276479254,0.016994662133827953,0.0054061852680636876,0.06913343537009706
21500650,1610612749,85,14,88.33415669202805,3.0239981339213298,0.16470588235294117,0.03557644863436858,0.21599986670866642,0.03423362204570906,0.03508135426404525,0.009579115574598033,0.01694623870909211,0.052598954224383154
21500651,1610612742,87,31,87.78951980918646,3.3113127858552076,0.3563218390804598,0.03806106650408285,0.10681654147920025,0.037718770908560156,0.036476842217068504,0.018536485161609585,-0.001065961648686237,0.06945976919958048
21500651,1610612760,88,26,91.60951116681099,4.043427327620195,0.29545454545454547,0.045948037813865854,0.15551643567769982,0.044137636759763434,0.043932279021811044,0.010457036390781512,0.02432519792165383,0.06461257726413053
21500653,1610612747,84,16,80.24080835282803,0.4239808938036361,0.19047619047619047,0.00504739159290043,0.026498805862727258,0.005283856213653078,0.004562722289260838,0.011016647128902655,-0.019259328631435615,0.02807505163878855
21500653,1610612759,84,23,85.26928909122944,3.853940951533551,0.27380952380952384,0.045880249423018465,0.16756265006667614,0.04519729192781504,0.04486229771176259,0.01041922041983325,0.02368304370659948,0.06637387675098266
21500657,1610612740,92,35,94.84278844296932,5.130674285621875,0.3804347826086957,0.055768198756759514,0.14659069387491072,0.05409661999454015,0.05354454362303926,0.015360246156546156,0.020111855733243755,0.08198915021461847
21500657,1610612749,70,13,70.52962943911552,1.7320816495899196,0.18571428571428572,0.02474402356557028,0.13323704996845537,0.02455821281586533,0.023952566227659594,0.010889767642253105,0.0010405433009468186,0.04514110623234015
21500658,1610612750,66,17,69.38397810608149,1.5516285144012307,0.25757575757575757,0.023509522945473194,0.09127226555301357,0.022362922345399952,0.022172424817628097,0.01446100473010112,-0.0059082860309808,0.05176060851400274
21500658,1610612763,78,18,77.67462514340878,2.1890429438585386,0.23076923076923078,0.02806465312639152,0.12161349688102992,0.02818221445957366,0.028386933533467856,0.013477635646926864,0.005588142892137632,0.05688999032309066
21500660,1610612737,84,30,88.70994652807713,4.73766491619739,0.35714285714285715,0.05640077281187369,0.1579221638732463,0.05340624249725927,0.05424505211740408,0.013375735829533782,0.028143390548832792,0.07997648735782421
21500660,1610612756,85,25,79.81095570325851,-0.7432895756225968,0.29411764705882354,-0.008744583242618786,-0.029731583024903873,-0.00931312711485611,-0.006919753918884417,0.021509262355676663,-0.05328942534112196,0.030132895268919303
21500661,1610612743,77,21,77.60944539308548,1.556408543261261,0.2727272727272727,0.02021309796443196,0.07411469253625053,0.02005437012696302,0.0204241973320345,0.009873305026006685,-0.0010454235926463037,0.03910496348668436
21500661,1610612765,81,29,81.14473440498114,3.7263994831826315,0.35802469135802467,0.046004931891143595,0.12849653390284937,0.045922874854512845,0.04680035406331637,0.011616944797055192,0.023325640150833094,0.06713298636306102
21500662,1610612747,69,18,69.75376644730568,2.6714369080358185,0.2608695652173913,0.03871647692805534,0.14841316155754547,0.03829810265591767,0.039307002089662806,0.013739416366041606,0.012160246225805863,0.06997497884914373
21500662,1610612757,93,30,95.27459808439016,4.244278745413976,0.3225806451612903,0.045637405864666414,0.14147595818046588,0.04454785253100282,0.04645300787007892,0.014012959395778393,0.021697933434401958,0.07089527199283932
21500663,1610612754,86,18,80.7629656791687,2.9018097077122986,0.20930232558139536,0.033741973345491845,0.16121165042846103,0.03592995481666378,0.03542862242643809,0.008788351735845221,0.019252429263840642,0.05398124319623002
21500663,1610612758,83,13,86.31147781014442,1.212622047842126,0.1566265060240964,0.014609904190868987,0.09327861906477891,0.014049371863490479,0.013360719921128496,0.005501393390197803,0.0033392126225212974,0.025393950033991468
