player_id,n_shots,n_3pa,ep_obs_total,dep_total,3pa_rate,dep_per_shot,dep_per_3pa,dep_share,dep_share_boot_mean,dep_share_se,dep_share_ci_lower,dep_share_ci_upper,qualified,dep_share_n_clusters,dep_share_clustered_ci_lower,dep_share_clustered_ci_upper
708,85,2,74.43166461586952,0.5484088041696205,0.023529411764705882,0.006451868284348476,0.27420440208481023,0.007367950280299046,0.007176348640310179,0.005147307491846045,0.0,0.01897359818226154,False,,,
977,512,212,473.467411339283,35.728349042733505,0.4140625,0.06978193172408888,0.1685299483147807,0.07546105220139608,0.07587482824031203,0.005824300138758573,0.06382054151188243,0.08715786289565379,True,32.0,0.06392017869144674,0.0871998962772876
1495,220,2,201.80304449796677,-0.19559456777135203,0.00909090909090909,-0.0008890662171425093,-0.09779728388567602,-0.0009692349699576645,-0.0010041183737711417,0.002322312060557583,-0.006176524900292505,0.003268812274165526,False,,,
1713,93,48,94.86814846843481,4.19216238905986,0.5161290322580645,0.04507701493612752,0.08733671643874708,0.0441893560350733,0.044222647540536786,0.013540450021039098,0.015487295067697587,0.06912351356104215,True,23.0,0.020483981200016425,0.06986682960405578
1717,487,144,454.9679226875305,33.17436548963233,0.29568788501026694,0.06811984700129842,0.23037753812244674,0.07291583392004605,0.07242674671577991,0.005768624116271187,0.0615983330346708,0.08390745845491834,True,34.0,0.06261780525696584,0.0840853504757292
1718,178,111,175.51956515014172,22.872970845494702,0.6235955056179775,0.1284998362106444,0.2060628004098622,0.1303157902990978,0.13060769625804214,0.011224783388473533,0.10829478648206463,0.15275338017985307,True,31.0,0.10898785969967076,0.1485847853321455
1889,37,2,35.966693341732025,0.02111804655620042,0.05405405405405406,0.0005707580150324438,0.01055902327810021,0.0005871556318939453,0.0004481861860574352,0.005975089001137414,-0.0113946186349769,0.01339861330992833,False,,,
1891,153,97,156.39924673736095,22.96711224051458,0.6339869281045751,0.15011184470924563,0.2367743529949957,0.14684925100108012,0.14674485258449363,0.012916495356770703,0.12157827844457984,0.17103454216524805,True,33.0,0.12115535610655753,0.17315876689196558
1897,82,40,85.0201038941741,3.52535326104789,0.4878048780487805,0.04299211293960841,0.08813383152619725,0.04146493710988585,0.04038816393167752,0.014517502411019425,0.009797586177585877,0.06880462252568072,True,17.0,0.013839133745635529,0.06357788035220241
1938,238,89,234.290493786335,10.325622966225517,0.3739495798319328,0.0433849704463257,0.1160182355755676,0.04407188187345806,0.044226822512537074,0.009114236238932425,0.025356986224250064,0.0609869181003137,True,31.0,0.02640406383626054,0.05971684160878668
2034,34,33,39.677961617708206,-9.063650339841843,0.9705882352941176,-0.2665779511718189,-0.2746560709042983,-0.22843034194066944,-0.22914750913936136,0.022013306885746514,-0.2707470189968758,-0.18723971393046565,False,,,
2037,363,124,332.63117488473654,10.884864806785986,0.3415977961432507,0.029985853462220345,0.08778116779666117,0.03272352572051556,0.033034219786594425,0.008587568288483087,0.016501187834176218,0.04919074921809548,True,33.0,0.017566181413777297,0.04910875909010365
2199,115,2,137.18114656209946,-0.10865657413955243,0.017391304347826087,-0.0009448397751265429,-0.054328287069776215,-0.0007920663798386139,-0.0007887897524091677,0.0012183373827143835,-0.0035230429882232316,0.0011122564607087132,False,,,
2200,388,17,365.1925935894251,2.65730247291111,0.04381443298969072,0.006848717713688428,0.15631191017124177,0.007276441306744118,0.007295267028319643,0.0032666834320018577,0.0011624812045837258,0.01402702456800642,True,28.0,0.0010280061004228085,0.013597894342068026
2207,351,122,326.1993165612221,27.340173791069134,0.3475783475783476,0.07789223302298899,0.22409978517269782,0.08381431965979563,0.08371918673934116,0.00843134708149023,0.06704373362763139,0.09988824818236695,True,33.0,0.06667203489969244,0.1003404904274264
2210,137,66,144.83002658188343,4.290869846100539,0.48175182481751827,0.03132021785474846,0.0650131794863718,0.02962693543161496,0.02897188696800805,0.012318038278686485,0.005177659512981256,0.05240223018469544,True,29.0,-0.0026568236495022415,0.05421447566849896
2216,403,12,358.93101577460766,-1.057948329526445,0.02977667493796526,-0.002625181959122692,-0.08816236079387041,-0.002947497661196235,-0.0029172802393893876,0.002093741524492168,-0.00721998972519699,0.0007264841395608402,True,33.0,-0.007115903978186396,0.00033002351500364296
2225,316,33,301.2183242738247,4.299094383476483,0.10443037974683544,0.013604729061634438,0.13027558737807524,0.014272353429495743,0.014019787085558264,0.004535247560281971,0.005438859479542542,0.022961581368831353,True,33.0,0.004721263452014414,0.02439168775325791
2365,8,4,8.317286401987076,0.017961174249649048,0.5,0.002245146781206131,0.004490293562412262,0.002159499310419076,0.0024505884984183297,0.007632706736939044,-0.011375551168279749,0.018033509084350717,False,,,
2400,60,25,60.303128123283386,5.383805172783986,0.4166666666666667,0.08973008621306643,0.21535220691135945,0.08927903643368822,0.08902144993129099,0.01582337247000984,0.059725189734952236,0.11939551036457047,True,10.0,0.05630199561161474,0.12098158579654437
2403,105,0,105.60731530189514,0.0,0.0,0.0,,0.0,0.0,0.0,0.0,0.0,False,,,
2405,37,0,42.82842594385147,0.0,0.0,0.0,,0.0,0.0,0.0,0.0,0.0,False,,,
2406,26,8,22.392574936151505,2.1538530091444654,0.3076923076923077,0.08284050035171021,0.2692316261430582,0.09618603556249333,0.09504689431856332,0.0292060257043965,0.03876864773511473,0.1533281212185679,False,,,
2419,123,18,114.91058945655823,4.496683898142405,0.14634146341463414,0.03655840567595451,0.2498157721190225,0.0391320235968537,0.038984979597962016,0.010701519125779867,0.01912735093176502,0.06013809231182939,True,35.0,0.022136202112137546,0.059712462479998056
2440,283,142,301.7581638991833,6.233720379729651,0.5017667844522968,0.02202728049374435,0.04389943929387078,0.02065800076186944,0.020606284244229785,0.007438776729399345,0.005683439233037934,0.0350875187803633,True,35.0,0.005439300205592621,0.0347521228509512
2446,50,22,48.05296544730663,3.5124156858239868,0.44,0.07024831371647973,0.15965525844654485,0.07309467070613136,0.07149239967257237,0.021512902576495525,0.030001802860082853,0.1133600405559329,True,19.0,0.04431705994955285,0.10160004403542064
2449,311,54,301.3451018631458,11.451341846109832,0.17363344051446947,0.03682103487495123,0.21206188603907097,0.03800075652568726,0.03791189980283801,0.005456359519528998,0.027379097795201746,0.04875738144993505,True,35.0,0.02793949385787606,0.050067072237912943
2544,576,133,580.8796712607145,0.871009405021223,0.2309027777777778,0.0015121691059396232,0.006548942894896414,0.0014994661512784985,0.001445716079244819,0.003818635490538654,-0.00627879306164063,0.008648371143023784,True,31.0,-0.00575656887163514,0.008067747557199974
2546,661,157,622.2886079400778,18.458453298620274,0.23751891074130105,0.027925042811830975,0.11756976623325015,0.029662206672434695,0.029427321939696917,0.004754784999553383,0.020340709900213083,0.03884400425159357,True,38.0,0.02046345477013774,0.03957535960763254
2547,454,134,452.24236845970154,27.933151828683926,0.29515418502202645,0.061526766142475604,0.20845635693047707,0.06176588877292021,0.06171048017137672,0.004969799333786872,0.052054828093596725,0.07102539830618365,True,32.0,0.05126470804331054,0.07166482028925163
2548,489,27,455.47524609416723,-0.9284543217970164,0.05521472392638037,-0.001898679594676925,-0.0343871971035932,-0.0020384298153605105,-0.0018781072804674942,0.003038150125111909,-0.008078146376992295,0.0037337548947498048,True,30.0,-0.009045351703083224,0.004346085014435029
2549,23,0,19.564093947410583,0.0,0.0,0.0,,0.0,0.0,0.0,0.0,0.0,False,,,
2550,71,35,72.20884828269482,6.563007195790604,0.49295774647887325,0.09243672106747329,0.18751449130830297,0.09088923797948815,0.09068214897827837,0.019715328108097806,0.04991261641439554,0.12717472545906122,True,18.0,0.04339275734254042,0.13807382431951035
2555,53,4,51.20609390735626,0.4147028728407256,0.07547169811320754,0.007824582506428784,0.1036757182101814,0.008098701564525105,0.007856118035920784,0.008048290994969799,-0.0033508495857311007,0.025926408500406936,False,,,
2561,180,3,174.27524584531784,-0.08222275164167758,0.016666666666666666,-0.00045679306467598656,-0.027407583880559194,-0.000471798224945018,-0.0006191635660780155,0.002710877159552771,-0.0064213241027502,0.003853503028466442,False,,,
2564,194,38,198.17171296477318,3.2657803595066066,0.1958762886597938,0.016833919378900036,0.08594158840806859,0.01647954852207958,0.016821922566228525,0.00679391695144988,0.004030348093403713,0.029996623773163426,True,36.0,0.0018413484122340468,0.028278643787341507
2570,15,0,14.018795609474182,0.0,0.0,0.0,,0.0,0.0,0.0,0.0,0.0,False,,,
2571,147,45,148.74191541969776,9.433770060539244,0.30612244897959184,0.06417530653428057,0.20963933467864987,0.0634237500163988,0.06362810483918305,0.009769496120654428,0.043512863780911855,0.08260903795224017,True,26.0,0.04210644403192294,0.08535541281807893
2581,91,57,92.11840341985226,8.320939758244675,0.6263736263736264,0.09143889844224917,0.14598139926745043,0.09032874484721524,0.08989113545055569,0.017331494000670383,0.053304202508919124,0.12208416279050555,True,20.0,0.06275206521312628,0.11570868145604925
2585,252,2,266.1643445491791,0.3303339357376105,0.007936507936507936,0.001310848951339724,0.16516696786880525,0.001241090110311807,0.0011803803659614905,0.0011634600117784988,0.0,0.003674135977540151,False,,,
2588,18,10,18.36251673102379,3.0169580429792404,0.5555555555555556,0.16760878016551337,0.30169580429792403,0.16429981179442782,0.1635133823939271,0.03621820418910187,0.08654409579381328,0.23173728203388375,False,,,
2590,175,62,160.62997962534428,10.421460048155447,0.35428571428571426,0.059551200275173986,0.1680880652928298,0.0648786737846983,0.06501373394835519,0.010547385802562419,0.043980883079553,0.08605741633966771,True,20.0,0.03809097028805799,0.09203280063358216
2592,68,45,69.06803877651691,9.319498364692148,0.6617647058823529,0.13705144653959042,0.2070999636598255,0.13493214125924727,0.1343705276505833,0.016679302842788683,0.10029758429209244,0.167872764406411,True,18.0,0.10498552696706008,0.1719016669525262
2594,277,159,281.2689574062824,35.38430074210895,0.5740072202166066,0.1277411579137507,0.22254277196294936,0.12580236748628346,0.12566325178008966,0.008313472702046323,0.10896995880895391,0.14195733490399184,True,35.0,0.10689253584883324,0.14414883922416039
2617,30,4,27.431086733937263,0.6435974939511369,0.13333333333333333,0.021453249798371227,0.16089937348778421,0.02346234038022596,0.022829964845772717,0.02160921465137484,-0.01571678810959331,0.06753906669714477,False,,,
2730,264,1,307.7449871599674,0.16943080740283145,0.003787878787878788,0.0006417833613743616,0.16943080740283145,0.0005505558643421881,0.0005836905331661619,0.0005572569844446777,0.0,0.001693203702786535,False,,,
2733,177,12,166.96128329634666,2.140577244216744,0.06779661016949153,0.012093656746987255,0.178381437018062,0.012820800139738641,0.012929697878139138,0.005789917093078605,0.0012349566541315809,0.024472490490422574,True,34.0,0.004978744695571175,0.020750818002113067
2734,168,54,178.04033478349447,0.6784996237409714,0.32142857142857145,0.004038688236553401,0.012564807847055026,0.003810932082137788,0.003936096355920224,0.008377049603275727,-0.013762381395574176,0.01855707321361224,True,31.0,-0.010231913887309095,0.017876249242648665
2736,230,96,236.996293887496,15.673531484025624,0.41739130434782606,0.06814578906098097,0.16326595295860025,0.06613407841502354,0.06598552489270637,0.00790943850393911,0.05065187315022041,0.0815048784439671,True,27.0,0.04765660186713258,0.08479235895490947
2738,208,82,225.22858522087336,-0.9149321900710322,0.3942307692307692,-0.004398712452264578,-0.011157709635012588,-0.0040622383218976935,-0.0044033766445223405,0.009418882296433818,-0.024579621900308154,0.011881682229814314,True,36.0,-0.019406562879018516,0.010504354652946383
2743,128,51,136.21680709719658,8.899314946555473,0.3984375,0.06952589801996463,0.1744963715010877,0.06533198902691521,0.06556376629728082,0.008183018065647259,0.04980917548386903,0.08119559428753577,True,22.0,0.04792443165501631,0.08516053608650295
2744,192,0,180.93263828754425,0.0,0.0,0.0,,0.0,0.0,0.0,0.0,0.0,False,,,
2746,143,49,151.10619444400072,1.831544760218328,0.34265734265734266,0.012808005316212083,0.03737846449425159,0.012120911170832843,0.012000937783274686,0.008892822558382031,-0.008184612599173899,0.027962629129751015,True,25.0,0.00023085429198076876,0.022672111867705604
2747,331,183,325.1451959758997,25.924211544160887,0.552870090634441,0.07832088079806915,0.1416623581648136,0.07973118429860619,0.07994777487275198,0.008197384852198022,0.06381489552548768,0.09588743015500426,True,31.0,0.06283260986494181,0.09607780561653681
2749,254,123,241.8608900308609,19.647301818123303,0.484251968503937,0.07735158196111537,0.1597341611229537,0.08123389364694868,0.08126991790250787,0.008497224051104002,0.06405251718874946,0.0978647411339757,True,31.0,0.07114461025099476,0.0930636629538361
2754,213,24,227.11780628561974,2.1193761688376265,0.11267605633802817,0.009950122858392613,0.08830734036823444,0.009331616060839954,0.009205314500631502,0.0031882146461138247,0.003062684981748515,0.015458920189914079,True,32.0,0.003284830428122772,0.015885739353754785
2755,257,75,243.10814856737852,10.544633612773579,0.2918287937743191,0.04102970277343805,0.14059511483698106,0.04337424999907433,0.04338008714785465,0.00726086256911969,0.029298457144997597,0.057769862835145985,True,29.0,0.030734099291981076,0.055896188634754804
2756,83,39,80.23402033746243,9.102501661940053,0.46987951807228917,0.10966869472216932,0.23339747851128342,0.11344940243122734,0.11266809348897333,0.016988326702919034,0.08049083156276697,0.14391252159624132,True,22.0,0.08244546609566061,0.1432244721438768
2757,104,22,94.41902895271778,4.166464531203595,0.21153846153846154,0.040062158953880725,0.18938475141834524,0.044127381709147165,0.04422582969046809,0.012383494343006033,0.0191054383393125,0.06757025858507323,True,25.0,0.020191278788318744,0.06700843625423636
2760,47,3,45.71966253221035,-0.11787977408279093,0.06382978723404255,-0.0025080802996338496,-0.03929325802759698,-0.002578316801873646,-0.002485794779975512,0.011439484054572346,-0.029141037005346034,0.015383587717033815,False,,,
2772,383,195,401.33255437016487,27.098840765179443,0.5091383812010444,0.07075415343388888,0.1389684141804074,0.06752215954100028,0.06781894540755724,0.006521031164744264,0.05438800792972363,0.08021008914648299,True,36.0,0.055472175835304276,0.07969259645892879
101106,127,0,136.8084518611431,0.0,0.0,0.0,,0.0,0.0,0.0,0.0,0.0,False,,,
101107,293,162,309.88477715849876,28.492498756137522,0.552901023890785,0.09724402305848984,0.1758796219514662,0.0919454612046473,0.09209681251472926,0.006872794878221757,0.07879250736079059,0.10602272599600536,True,37.0,0.0811325756470001,0.10233972878026065
101108,422,114,390.65516506135464,8.7566402384213,0.27014218009478674,0.020750332318533887,0.07681263367036227,0.02241526804604265,0.022269519057836192,0.00619670903454066,0.009588617100791882,0.0341646759604691,True,29.0,0.012127346833436903,0.03305499426063043
101109,277,102,264.3080002143979,11.579887642647542,0.36823104693140796,0.041804648529413506,0.11352831022203472,0.04381209661930142,0.043738434505189376,0.008265688910819188,0.02679938585190615,0.06071365112952449,True,36.0,0.02567886358764528,0.06161875259439029
101111,178,72,183.59238240122795,10.162732412230286,0.4044943820224719,0.05709400231590048,0.14114906128097618,0.055354869735392206,0.05521277517177987,0.008203106448770977,0.039360136228404514,0.07101048073050895,True,29.0,0.04391956790256358,0.06629882094499866
101112,128,84,136.81091478466988,10.715676532550281,0.65625,0.08371622291054907,0.12756757776845573,0.07832471955483927,0.078075049569787,0.010500216199951477,0.05686740810063858,0.09695547222659788,True,29.0,0.04917525141930573,0.10110733234516248
101114,370,127,356.9743415862322,18.94084956929272,0.34324324324324323,0.05119148532241276,0.14914054778970645,0.05305941453698932,0.05293111775199644,0.0071097022805149835,0.03863248200135798,0.0674901363808969,True,29.0,0.03919317675151504,0.07081563233659328
101123,281,119,276.1681381762028,16.715774714762777,0.4234875444839858,0.059486742757162904,0.14046869508204013,0.060527527994911776,0.060655704137514505,0.008911256203242408,0.04269668207009144,0.07657102499285524,True,29.0,0.04503769247230483,0.07593379428013604
101126,1,1,0.9920607805252076,0.02921495129008722,1.0,0.02921495129008722,0.02921495129008722,0.029448751390636078,0.029448751390636078,0.0,0.029448751390636078,0.029448751390636078,False,,,
101127,274,76,245.8730056732893,12.613949420325683,0.2773722627737226,0.04603631175301345,0.16597301868849584,0.05130270151367013,0.0517165311349894,0.0084923333244983,0.035450433384866274,0.06934685498517894,True,24.0,0.037992076233800146,0.06557068048855137
101133,187,0,194.22391790151596,0.0,0.0,0.0,,0.0,0.0,0.0,0.0,0.0,False,,,
101135,156,2,151.24078427255154,-0.6207809999778675,0.01282051282051282,-0.00397936538447351,-0.31039049998893375,-0.004104587284202097,-0.0039889414779334335,0.0033160590446235398,-0.011290407329434805,0.0,False,,,
101138,145,0,151.17065361142159,0.0,0.0,0.0,,0.0,0.0,0.0,0.0,0.0,False,,,
101139,362,217,374.44558895379305,21.997693028583612,0.5994475138121547,0.06076710781376688,0.10137185727457886,0.058747368583097793,0.05880665981585378,0.005767436473180792,0.047543667906170005,0.06965007061286117,True,34.0,0.048340656154235544,0.06946218917254876
101141,300,122,312.09896570444107,22.02713314000141,0.4066666666666667,0.07342377713333803,0.18055027163935583,0.07057739871160353,0.07087795168566062,0.005695156576728635,0.060366631534454686,0.08244860291964652,True,30.0,0.05896628709624431,0.08309110481442604
101145,464,118,441.21544352918863,9.220317378252556,0.2543103448275862,0.019871373660027062,0.07813828286654709,0.02089753999656312,0.020800100158147237,0.005755247575821964,0.009973522411924686,0.03183265884289214,True,37.0,0.011224940154624104,0.030744186603039663
101150,400,189,396.3803040459752,21.337266667582707,0.4725,0.05334316666895677,0.11289559083377093,0.05383028987511914,0.05355244847120144,0.006652227124647057,0.040845117125340245,0.066644501790227,True,38.0,0.04373908428810263,0.06483689863936354
101161,205,31,216.5012389421463,4.006876012032058,0.15121951219512195,0.01954573664405882,0.12925406490425995,0.01850740453777625,0.018513522005031008,0.003323190404115971,0.012321928985650168,0.02535058789760761,True,32.0,0.012595706134419179,0.02425606652849241
101162,316,1,324.52186357975006,-0.25730323942880773,0.0031645569620253164,-0.0008142507576861004,-0.25730323942880773,-0.0007928687349152252,-0.0007828324977436265,0.0007879083795504959,-0.0024348953502510247,0.0,False,,,
101179,106,64,105.8536750599742,4.274268571464788,0.6037735849056604,0.04032328841004516,0.06678544642913731,0.04037902858869177,0.04006411368283851,0.01674952087384749,0.005317054867627939,0.0721795325121049,True,27.0,0.004845303190100869,0.06556080527846228
101181,240,108,231.34842362999916,20.5959517820315,0.45,0.08581646575846458,0.1907032572410324,0.08902568454484512,0.08869427669041724,0.009145672651813453,0.07095675326407154,0.10632781638913341,True,41.0,0.07476878084689052,0.10332506894721127
101236,2,0,2.8234654664993286,0.0,0.0,0.0,,0.0,0.0,0.0,0.0,0.0,False,,,
200745,157,13,142.5331105440855,2.5161372034086122,0.08280254777070063,0.016026351614067593,0.1935490156468163,0.017653001424047157,0.01750117906010239,0.006129052475594783,0.006579758412586005,0.030456418349919266,True,26.0,0.00898988578659389,0.027747510046677422
200746,426,14,399.1079823076725,1.8140744626232725,0.03286384976525822,0.004258390757331625,0.12957674733023375,0.004545322426612861,0.004592460802906252,0.0015833672173477724,0.0018566369032583857,0.007656678152855518,True,32.0,0.001849427867343874,0.007642411966119041
200751,240,120,238.63112330436707,18.62903690338134,0.5,0.07762098709742225,0.1552419741948445,0.0780662498898794,0.07822720896727224,0.008815477596370747,0.06210665161111006,0.09590986286463235,True,38.0,0.05832365160162858,0.09499168029825646
200752,517,96,514.6067046076059,13.344767976083272,0.18568665377176016,0.02581193032124424,0.13900799975086742,0.025931974567371455,0.02589943794997275,0.003616295395582014,0.018989348059665234,0.033479565135881205,True,33.0,0.019487630099232243,0.032405988568584995
200755,321,134,312.42607921361923,28.139183248428093,0.4174454828660436,0.08766100700444888,0.20999390483901562,0.09006669135705575,0.08971928330602824,0.007156385657053271,0.07606183455472085,0.10348982782505518,True,29.0,0.07415403038666929,0.10633180157327685
200757,185,59,198.96374121308327,3.9542845530169393,0.31891891891891894,0.02137451109738886,0.06702177208503286,0.01987439786218152,0.020114753367940226,0.008029435977786988,0.0038900490809165252,0.035345918996868925,True,33.0,0.007561044254507453,0.032014014187146896
200765,373,73,364.2217392772436,9.146604219973081,0.19571045576407506,0.024521727131295124,0.12529594821880932,0.025112735549842443,0.0252612853912407,0.005189687732202811,0.01592105041253633,0.03594810951682535,True,35.0,0.01450327296117332,0.034049045847034505
200768,579,279,579.6565642803907,14.806683672666535,0.48186528497409326,0.02557285608405274,0.05307055079808794,0.025543890270695296,0.025893483330329363,0.005387494123848159,0.01546095652418644,0.03645409716366878,True,36.0,0.01362383090127847,0.03673081008318197
200779,9,8,9.3297837972641,2.4542360305786133,0.8888888888888888,0.2726928922865126,0.30677950382232666,0.2630539017740478,0.262608096752328,0.03323049124863606,0.1885086062190394,0.3230534716712198,False,,,
200782,233,84,235.6747322678566,20.92916525650344,0.3605150214592275,0.08982474359014352,0.24915672924408855,0.08880529980921481,0.0892786208625363,0.010354460039296262,0.06883487766424871,0.10932826652522526,True,38.0,0.06883909031430661,0.11353914055717639
200794,467,95,489.8228417932987,8.719516689178091,0.20342612419700215,0.01867134194684816,0.09178438620187464,0.017801368056366913,0.017769738935543705,0.0033337905934029935,0.01108784333561727,0.02424121212739394,True,36.0,0.011229931450842265,0.023470300911890566
200797,12,0,14.324020028114319,0.0,0.0,0.0,,0.0,0.0,0.0,0.0,0.0,False,,,
200811,34,0,36.01837319135666,0.0,0.0,0.0,,0.0,0.0,0.0,0.0,0.0,False,,,
200826,281,111,269.85617631673813,15.053385317676211,0.39501779359430605,0.05357076625507549,0.13561608394302893,0.05578299345651296,0.05560449948708773,0.008266730679466242,0.0392718193531358,0.07184396723009748,True,32.0,0.03915198796605159,0.06957238919739811
201142,473,162,459.9199226424098,11.85650413991265,0.34249471458773784,0.025066604946961203,0.07318829715995463,0.025779496725848828,0.02593444042170111,0.004389885192900235,0.01749214037740715,0.03410418518402533,True,28.0,0.018810117990879907,0.033157334018164814
201143,487,110,509.14067110419273,21.583989251987997,0.22587268993839835,0.044320306472254614,0.19621808410898178,0.04239297796653718,0.04253855312721076,0.004709504960430849,0.0338513493699351,0.05181565726543182,True,37.0,0.03176917947321762,0.053706382437686856
201144,438,132,418.73412611335516,19.7473829436828,0.3013698630136986,0.04508534918649042,0.1496013859369909,0.04715971713835668,0.047045883207410426,0.0062273087851130145,0.03479355132185901,0.058348370172395275,True,35.0,0.03743087025959676,0.05733316395356475
201145,354,78,337.0112232789397,11.914991645385397,0.22033898305084745,0.03365816848978926,0.15275630314596664,0.035354880853696424,0.03505738782064921,0.006635225491562482,0.02176144050021129,0.04770783739941286,True,38.0,0.021585814873014482,0.0503804435156353
201147,241,94,249.12460408359766,10.65334343844328,0.3900414937759336,0.04420474455785593,0.11333344083450297,0.04276311236953691,0.042587031568696504,0.009623326660886236,0.02397744991493508,0.060211424188742285,True,37.0,0.025208790998436408,0.0629576959847609
201148,25,1,25.298123121261597,0.08161396781603503,0.04,0.003264558712641401,0.08161396781603503,0.003226087857381137,0.003325768784857338,0.0032061231313629973,0.0,0.010334288669402945,False,,,
201149,89,3,89.61948082596064,-0.36795263460209204,0.033707865168539325,-0.0041342992651920455,-0.12265087820069735,-0.004105721559764994,-0.004348582112822297,0.007545077551995473,-0.02058343709589254,0.00678368710678059,False,,,
201150,170,51,175.5993001908064,7.9310681245156704,0.3,0.04665334190891571,0.1555111396963857,0.0451657160130921,0.04484562227698649,0.007988512156036862,0.028274066258223873,0.05998509582793542,True,32.0,0.028656679078920208,0.05906188930513182
201152,439,20,430.03370352834463,1.3364697172170898,0.04555808656036447,0.0030443501531141,0.06682348586085449,0.003107825517515512,0.003126905859650333,0.0030586453293756414,-0.003346208796789361,0.008856543275493388,True,33.0,-0.002458145363443272,0.008560587058473791
201155,253,43,240.62976203113794,8.294263273548514,0.16996047430830039,0.0327836493025633,0.1928898435708957,0.034468983402290945,0.03436483190775143,0.0066549406578160645,0.021234406039731406,0.047738657524644734,True,29.0,0.021508170371042627,0.04697668063109535
201156,230,137,215.6060647442937,20.884176690491937,0.5956521739130435,0.09080076821953016,0.15243924591599955,0.09686265882761846,0.09694374701119221,0.011517965943924936,0.07394364564051109,0.11900071868006674,True,31.0,0.07492949055152738,0.1147090233918384
201158,354,153,332.9526398777962,18.884969315422122,0.4322033898305085,0.053347370947520116,0.12343117199622303,0.056719686386488735,0.0567489984330338,0.008955526005239668,0.039473874622341025,0.07453591884950911,True,36.0,0.03561498157567975,0.0772710993822345
201160,130,5,116.60045808553696,0.40562843322753883,0.038461538461538464,0.003120218717134914,0.08112568664550776,0.00347878936230228,0.0035469972402176397,0.006850605939093437,-0.0103740987947216,0.016628634190773463,False,,,
201162,216,105,224.92074012756348,26.477760173179007,0.4861111111111111,0.12258222302397688,0.2521691445064667,0.11772040301024345,0.11813095542303603,0.008377283340216398,0.10183165903472537,0.13476449560673234,True,33.0,0.10423145897479288,0.13095295826182124
201166,145,61,133.70876397937536,6.585800841095901,0.4206896551724138,0.045419316145488976,0.10796394821468691,0.0492548180470187,0.04915061922316088,0.01238240647451849,0.02439412634881459,0.07422349815732254,True,22.0,0.027865743620021508,0.06682308042619799
201167,409,119,388.5435116812587,23.49381995298739,0.29095354523227385,0.0574421025745413,0.19742705842846547,0.060466380847096796,0.060312627241004606,0.006818108262497701,0.04699976146429381,0.07390652633560686,True,35.0,0.048031731054188224,0.07307754078019192
201168,111,2,117.32786276936531,0.17246113539835717,0.018018018018018018,0.0015537039225077222,0.08623056769917858,0.0014699077553076108,0.001501484141294378,0.0026065768055392913,-0.002684474532438971,0.007341595839710726,False,,,
201171,45,2,43.27621454000473,0.26619178541871014,0.044444444444444446,0.00591537300930467,0.13309589270935507,0.006150995142438839,0.005926635710435015,0.006302459352987296,-0.00026493228835203735,0.01937804742659834,False,,,
201177,37,8,38.39419746398926,1.3402876432599695,0.21621621621621623,0.036223990358377554,0.1675359554074962,0.0349085990016344,0.03408207621960412,0.011900431161230601,0.013440871511605511,0.057332890030126475,False,,,
201188,518,5,458.02440102398396,0.8729194755036,0.009652509652509652,0.0016851727326324326,0.17458389510072,0.0019058361815485253,0.0018480164762131907,0.001562175342966117,-0.0006860325511023549,0.005248175319639009,False,,,
201196,233,49,240.77764004468918,4.871131971478462,0.21030042918454936,0.02090614580033675,0.09941085656078494,0.020230831943424493,0.02009343772565832,0.005346913814850735,0.009818179260403103,0.03061443937238341,True,34.0,0.010974580744222502,0.029579922245651785
201202,1,0,1.519006609916687,0.0,0.0,0.0,,0.0,0.0,0.0,0.0,0.0,False,,,
201228,34,13,33.882136434316635,1.5708358841282974,0.38235294117647056,0.04620105541553816,0.12083352954833057,0.04636177199668311,0.04536944335310013,0.02543496086886986,-0.0040514135475244436,0.09275283985333861,False,,,
201229,134,110,148.81319443881512,12.069585353136038,0.8208955223880597,0.09007153248608983,0.10972350321032762,0.08110561297102237,0.0813017824963122,0.008085697752498852,0.06538674052620061,0.09685036469627227,True,29.0,0.06540711286608612,0.09426825876292336
201564,223,90,216.0242746025324,22.53342671087362,0.40358744394618834,0.10104675655100279,0.2503714078985958,0.10430969738161763,0.10402654314689738,0.009529359212334575,0.08567336417115959,0.12268170314678165,True,24.0,0.0851613574272611,0.1215547981230778
201565,407,67,388.32249104976654,7.842077124995333,0.16461916461916462,0.019268002764116297,0.11704592723873632,0.020194753859853844,0.02030566712891116,0.004047730840358295,0.012458119189372754,0.028506885057131844,True,25.0,0.012169055232107392,0.028951801851618483
201566,592,137,583.0837074443698,1.9508793869025216,0.23141891891891891,0.003295404369767773,0.014239995524835925,0.0033457964302469364,0.0032524035109472538,0.003973903400151442,-0.00407639537999283,0.010977478047766926,True,33.0,-0.0036978955071353403,0.009931542860115985
201567,405,163,417.6978504434228,28.931253666781696,0.4024691358024691,0.07143519423896715,0.1774923537839368,0.0692635924175062,0.06928617739200342,0.005492615096241726,0.058430375425885694,0.0804407702108074,True,32.0,0.058381086615725525,0.07997280250470512
201568,432,164,428.859062038362,9.767859631621125,0.37962962962962965,0.02261078618430816,0.05956011970500686,0.022776386221605306,0.022560602841825598,0.0058813168890358555,0.010561180850166552,0.03338311307269104,True,33.0,0.012149674472333241,0.032509819870481266
201569,431,236,453.3812322765589,27.938690664600088,0.5475638051044084,0.06482294817772642,0.11838428247711902,0.06162295365494466,0.06143526334392355,0.005346448344747381,0.05143901253425137,0.07136775522683167,True,35.0,0.04779432163895618,0.07517556790680056
201571,93,47,93.03206939995289,8.639274810967237,0.5053763440860215,0.09289542807491652,0.18381435768015397,0.0928634057770579,0.09321818734645197,0.014865711631580753,0.06562836022444003,0.12239269097030399,True,22.0,0.06313431176281041,0.12148794697165488
201572,520,7,492.0420874878764,-0.17178899887767618,0.013461538461538462,-0.0003303634593801465,-0.02454128555395374,-0.00034913476559443493,-0.0003675961483169238,0.0015350499918704427,-0.00364887426931465,0.002379184405060637,False,,,
201573,153,70,147.44594065845013,13.976599016282927,0.45751633986928103,0.09135032036786227,0.19966570023261324,0.09479134490829354,0.0945237002067865,0.011668606815781005,0.07123865630052105,0.1165784441109202,True,18.0,0.07244596667640607,0.11749210271256204
201574,28,0,26.37390846014023,0.0,0.0,0.0,,0.0,0.0,0.0,0.0,0.0,False,,,
201575,128,70,141.5435126721859,16.578374006624884,0.546875,0.1295185469267569,0.23683391438035548,0.11712563644665452,0.11709607696942421,0.01173551726390503,0.09453786407781284,0.13963868160333245,True,28.0,0.10268610310023858,0.13241055852113273
201577,290,2,282.4822299480438,0.3051845116747751,0.006896551724137931,0.0010523603850854314,0.15259225583738756,0.001080367114529317,0.0010862748032069592,0.0008048006665851323,0.0,0.002979400359965701,False,,,
201578,163,8,152.51903331279755,0.5910314882955242,0.049079754601226995,0.0036259600508927866,0.07387893603694053,0.0038751326667760357,0.0038239662261016195,0.0027288389704318017,-0.0009340701803132784,0.009693197451282555,False,,,
201579,221,1,219.56430971622467,0.17606298666108722,0.004524886877828055,0.0007966650980139693,0.17606298666108722,0.0008018743432784653,0.0007985305978794833,0.0007953464770932649,0.0,0.002457233685781063,False,,,
201580,88,1,99.15825086832047,0.46114611831204644,0.011363636363636364,0.005240296799000527,0.46114611831204644,0.004650607632484727,0.004495920668676761,0.004477597221026926,0.0,0.014119761901067365,False,,,
201581,90,1,94.02879777550697,0.43059479286161695,0.011111111111111112,0.004784386587351299,0.43059479286161695,0.004579392729126014,0.004671158913842579,0.004779864119969866,0.0,0.01760743418257679,False,,,
201582,115,0,108.84905087947845,0.0,0.0,0.0,,0.0,0.0,0.0,0.0,0.0,False,,,
201583,465,176,449.4738024920225,32.34837681658334,0.37849462365591396,0.0695664017560932,0.18379759554876898,0.07196943767853406,0.07182156117558638,0.006515140878904495,0.05944029351613559,0.08462131547977599,True,35.0,0.06082638432812252,0.08271014807676565
201584,314,91,312.0481451898813,21.47825009131911,0.2898089171974522,0.06840207035451946,0.23602472627823198,0.06882992391526505,0.06918810327188077,0.0075668853213076885,0.0544671743112283,0.0843548129720643,True,36.0,0.05387196494919397,0.08398319049933314
201585,211,4,215.47413331270218,0.7471311944694341,0.018957345971563982,0.003540906134926228,0.18678279861735853,0.003467382293099544,0.0034062111329030663,0.0026622338857223084,-9.689296461128303e-05,0.009161834357905694,False,,,
201586,366,55,362.5952731370926,13.475914529282177,0.15027322404371585,0.03681943860459611,0.24501662780513048,0.037165168791891856,0.037268887244625924,0.004642825672452454,0.02896758536337686,0.046693043178340714,True,33.0,0.026738147505794015,0.04896860069265243
201587,380,151,366.85891257971525,20.971141302266762,0.3973684210526316,0.055187213953333585,0.13888173047858782,0.05716405021974194,0.05680370883508002,0.007132050467937998,0.043514784112187066,0.07036710150393555,True,31.0,0.04698152043032802,0.06749790579583426
201588,335,131,336.7769260481,18.673125439268706,0.39104477611940297,0.055740672953040915,0.14254294228449393,0.055446570103207506,0.05543072606090275,0.007468904099558047,0.040206183711936336,0.06972513044008048,True,32.0,0.037252098418529375,0.07352060842388775
201589,236,33,220.49392449855804,5.500742690316562,0.13983050847457626,0.0233082317386295,0.16668917243383521,0.02494736624977862,0.024978439185936886,0.006404462508470552,0.013157625195728806,0.03748082232377548,True,35.0,0.011706543585122716,0.038809421647660054
201593,32,1,29.313718497753143,0.05007627894801481,0.03125,0.0015648837171254627,0.05007627894801481,0.0017082881843138763,0.001759482062327911,0.001734219942885584,0.0,0.005371672343566059,False,,,
201596,230,83,224.27673626691103,10.887963357983402,0.36086956521739133,0.04733897112166697,0.13118028142148677,0.048547002864468614,0.048011534689028704,0.00874938143271568,0.03029002266517676,0.06433929588327791,True,33.0,0.03182062342601594,0.06392924053485581
201599,194,2,244.27694237232208,0.014800199617942322,0.010309278350515464,7.628968875228001e-05,0.007400099808971161,6.0587788082692435e-05,7.412433434631192e-05,0.00018681523901559871,-0.00028727617388967636,0.00047828222014123945,False,,,
201600,64,1,72.66646695137024,0.19564859829251757,0.015625,0.003057009348320587,0.19564859829251757,0.0026924193028876617,0.0026205226174723976,0.002628769409243873,0.0,0.008330511802957692,False,,,
201601,78,18,83.8676406443119,2.5921932220459,0.23076923076923078,0.0332332464364859,0.14401073455810554,0.030908145288593,0.03110498619715365,0.009188766878563988,0.01368176268665636,0.04903891941480712,True,24.0,0.01080361909019468,0.05318881518775086
201603,31,10,32.049663960933685,1.8744571067038045,0.3225806451612903,0.060466358280767886,0.18744571067038046,0.058486014361605713,0.05770922930762306,0.01652197056289633,0.02613383243883934,0.09023533824215257,False,,,
201609,277,73,280.0485190153122,8.176051588327281,0.26353790613718414,0.02951643172681329,0.11200070668941481,0.029195125248565375,0.029279298980624927,0.00474140398657936,0.020083158526302963,0.038639464927604096,True,27.0,0.018423290139431076,0.04006194331913367
201619,5,0,3.1654322743415833,0.0,0.0,0.0,,0.0,0.0,0.0,0.0,0.0,False,,,
201627,154,78,151.6551414206624,22.855919413268566,0.5064935064935064,0.14841506112512057,0.2930246078624175,0.15070982229260932,0.15114068121306634,0.012795324025257907,0.12678800568804718,0.17742848342131837,True,26.0,0.12244283893401382,0.1815227173856036
201933,421,17,402.21021834015846,2.7070778103010484,0.040380047505938245,0.006430113563660448,0.15923987119417932,0.00673050481281311,0.006787508632700858,0.003579998504080561,0.0007186447076895406,0.014309966303334518,True,23.0,-0.0011138755238713153,0.01693374013345697
201935,697,283,686.831039622426,13.684180910028703,0.406025824964132,0.01963297117651177,0.04835399614851132,0.01992364951582758,0.019935592929009198,0.004035991496612701,0.011956292158507298,0.02783825708611659,True,37.0,0.010471652884617766,0.028175873408224708
201936,237,69,232.80835147202015,5.203018270965142,0.2911392405063291,0.02195366359057022,0.07540606189804554,0.022348933094826978,0.022389595693758552,0.008101782669799619,0.005911940085208772,0.038178975102598406,True,19.0,0.008666580707164582,0.03565744618177625
201937,248,83,240.89679910242558,17.3273317847288,0.3346774193548387,0.06986827332551934,0.20876303355094938,0.07192844342178863,0.07203380494571916,0.007531284386302121,0.05738277139674392,0.08689540541338385,True,32.0,0.056452232059955254,0.0883849781705842
201939,684,334,697.0471485853195,25.124362904684908,0.48830409356725146,0.03673152471445162,0.07522264342720032,0.03604399351704636,0.03558658435321176,0.004999767542210918,0.025889323178214296,0.045687842327954135,True,35.0,0.02632941257941319,0.04543519810497577
201941,268,2,245.68261422216892,0.018322033205427246,0.007462686567164179,6.836579554263898e-05,0.009161016602713623,7.457602673040092e-05,3.767566970253222e-05,0.0013610937453213097,-0.002701628293690819,0.002955802995066638,False,,,
201942,648,78,586.5634163916111,5.383005466900375,0.12037037037037036,0.008307107202006751,0.06901289060128686,0.009177192638462275,0.009241180148925023,0.004366734617311307,0.0005346026004389961,0.017532529362528426,True,36.0,0.0012817402529980099,0.017109646391463878
201943,42,23,38.96971829235554,1.9252166551978975,0.5476190476190477,0.04583849179042613,0.08370507196512599,0.049402888693079315,0.04834510808927766,0.03004524173986545,-0.0165678897262451,0.10377937901262121,False,,,
201945,183,50,176.0328305065632,12.691909647077546,0.273224043715847,0.06935469752501391,0.2538381929415509,0.07209967374014555,0.07163360110789199,0.010921950526886246,0.050524252738244915,0.09232650389546929,True,30.0,0.04775489588048843,0.09797015312993115
201946,41,3,41.90529823303223,0.2562501626579381,0.07317073170731707,0.006250003967266783,0.08541672088597936,0.006114982435704195,0.006088904529648169,0.003735190587606176,0.0,0.013914423101386474,False,,,
201949,117,23,125.39851914346218,0.6135057378956615,0.19658119658119658,0.005243638785433004,0.026674162517202674,0.004892448029579841,0.004840454447120583,0.009139208477220655,-0.015177813642316771,0.020712889571832413,True,25.0,-0.01420851454976626,0.019689407900646577
201950,353,100,347.35442392528057,9.846130193398869,0.28328611898017,0.02789272009461436,0.09846130193398869,0.028346062451523206,0.02803683070643676,0.005628659527024154,0.016709743947458878,0.03885103360091863,True,32.0,0.018339401574479986,0.0373946879197397
201951,189,60,183.5039914995432,12.32521452772063,0.31746031746031744,0.06521277527894513,0.20542024212867718,0.06716592062658927,0.06746081713981601,0.011329205175240907,0.04550606439058109,0.0892041457416633,True,28.0,0.049827214377738564,0.08188711449409687
201952,423,103,430.0636563003063,8.649505086429427,0.24349881796690306,0.02044800256839108,0.08397577753814978,0.02011215074725966,0.020366785922289077,0.004842823679849472,0.010596430419771163,0.02973577803806271,True,35.0,0.010761082614271172,0.028402896603037533
201954,338,97,340.0122079998255,5.3819758123505705,0.2869822485207101,0.015923005361983936,0.055484286725263614,0.015828772278533403,0.015368978475662012,0.007778551492829875,-0.00033878560591276563,0.029721457038576822,True,32.0,0.002991250274448775,0.02939950011771541
201956,296,126,321.64809723198414,0.8306577670223464,0.42567567567567566,0.0028062762399403596,0.006592521960494813,0.002582504837338572,0.002674194385390949,0.0055680589452194,-0.008993737792448669,0.013072286698242062,True,32.0,-0.008894367917425625,0.011786006515316283
201959,186,5,180.88516207039356,-0.7113743901088092,0.026881720430107527,-0.0038245934952086517,-0.14227487802176184,-0.003932740430262431,-0.00401710557069838,0.004605392045565996,-0.014558006445438792,0.004191273045598064,False,,,
201960,212,81,216.4258144646883,13.929322820469615,0.38207547169811323,0.06570435292674347,0.17196694840085944,0.06436072727702408,0.06377200092401548,0.008574189946365711,0.04677967929867625,0.08044251524252112,True,20.0,0.049350834405839344,0.07918283715749296
201961,219,86,216.78219966590405,14.427232227715331,0.3926940639269406,0.06587777272929375,0.16775851427575966,0.0665517383343743,0.06690208789158734,0.009292016673176157,0.04894098292212183,0.08470526148326704,True,32.0,0.050151976814746056,0.08132370924760496
201962,80,41,82.00705955922604,2.595675233464979,0.5125,0.03244594041831224,0.06330915203573119,0.031651851040828564,0.030754924108939947,0.02054336070650858,-0.011172899329889126,0.06681508354811425,True,17.0,-0.015711232170479945,0.07209893988785976
201967,134,52,142.1039980724454,10.693891822746615,0.3880597014925373,0.07980516285631802,0.20565176582205028,0.07525398277179232,0.0748662300049676,0.010635239688928124,0.054178394453618245,0.09543631258715173,True,32.0,0.056647880772251025,0.09712712864984775
201971,53,0,50.66338986158371,0.0,0.0,0.0,,0.0,0.0,0.0,0.0,0.0,False,,,
201973,113,40,117.75445446372032,9.032300554317974,0.35398230088495575,0.07993186331254844,0.22580751385794934,0.07670453398517327,0.07601202504085743,0.011145429771800091,0.05437534648536262,0.09728784364879811,True,34.0,0.05188246840318644,0.09681782644100649
201975,4,0,2.423024892807007,0.0,0.0,0.0,,0.0,0.0,0.0,0.0,0.0,False,,,
201976,207,109,215.6663836762309,16.67534401632693,0.5265700483091788,0.08055721747017841,0.1529848074892379,0.07732008916772484,0.07685351424990412,0.009994509684037296,0.0565740898341475,0.09700484985454423,True,28.0,0.055537135416769016,0.09540174322985627
201977,319,144,317.54963544011116,20.782582231930334,0.45141065830721006,0.0651491606016625,0.14432348772173842,0.0654467204886773,0.0655634603797518,0.007948825456152189,0.05036408728526961,0.08178445836227453,True,32.0,0.05081873021173678,0.07773679842361679
201978,139,54,144.13154642283916,4.755395263258154,0.38848920863309355,0.03421147671408744,0.08806287524552137,0.03299343815619126,0.03376698129448701,0.007975042356628818,0.017752000595640527,0.04871316221345626,True,31.0,0.01820501782667763,0.04893185234627413
201980,263,145,267.1848878636956,24.9137344396973,0.5513307984790875,0.09472902828782244,0.17181885820480897,0.09324529781192956,0.09278334248985023,0.00907530079164323,0.07452905030894603,0.10977901009330877,True,36.0,0.07628946673744412,0.10953930730742688
201988,257,121,259.99593594670296,18.38322277805384,0.4708171206225681,0.07153004972005386,0.15192746097565157,0.0707058081931798,0.07063428774437003,0.008252553857174362,0.05497171284176319,0.08643241843595512,True,36.0,0.05507487434439486,0.08832029249347961
202066,228,104,245.74941954016685,14.519439388667386,0.45614035087719296,0.06368175170468152,0.1396099941218018,0.05908229372763274,0.058841613332992836,0.007359432414499718,0.0442300450394768,0.07323513198595076,True,30.0,0.047801774016208456,0.07207098812272072
202083,384,199,388.9287530630827,33.2901398725606,0.5182291666666666,0.08669307258479324,0.16728713503799297,0.08559444271059351,0.08544979961669237,0.0075229050339908725,0.0710593664287169,0.1003067384686062,True,34.0,0.07289745983258152,0.09812074461587765
202087,113,32,131.97171595692635,1.682047695289426,0.2831858407079646,0.0148853778344197,0.052563990477794566,0.012745516591133982,0.012747631612925752,0.006643422321309036,-0.001640926629849395,0.024570706760133752,True,33.0,-0.00217038404083488,0.025141454148854565
202322,599,162,583.1385491639376,12.776311496063817,0.2704507512520868,0.021329401495932918,0.07886612034607295,0.021909564226857546,0.022029745277526033,0.004511645824063447,0.013575369787009172,0.030787568111993662,True,34.0,0.01284737716572018,0.030416116833772388
202323,317,46,299.83466114103794,8.985532523466206,0.14511041009463724,0.02834552846519308,0.19533766355361318,0.029968291488619923,0.02983290457108223,0.005579055503855017,0.01896274186069437,0.04134535759633934,True,36.0,0.01950992074318093,0.040652608227179615
202324,295,3,286.472776055336,0.21999073896097843,0.010169491525423728,0.0007457313185117913,0.07333024632032614,0.0007679289529364713,0.0007622937098502689,0.0004656206291876367,0.0,0.0018460274581177628,False,,,
202325,181,100,191.28215478360653,18.31334161960785,0.5524861878453039,0.10117868298125884,0.1831334161960785,0.09573993789606432,0.09559053346853054,0.00846554457725027,0.0790377583493248,0.11219788923901529,True,31.0,0.07875250207504422,0.11214923791099497
202326,571,92,589.5892980322242,6.886538536429773,0.16112084063047286,0.012060487804605557,0.07485367974380189,0.011680229881061016,0.011698470359120814,0.002756916830652741,0.006417117492108438,0.01706014295428931,True,28.0,0.005996109756944039,0.016783182994558807
202328,401,4,393.9182272553444,1.460827704565952,0.00997506234413965,0.0036429618567729474,0.365206926141488,0.0037084542006202187,0.003749891056849846,0.0028637423982647934,9.044089500517157e-05,0.01052984374460259,False,,,
202329,334,147,349.03463446348906,22.50341545886055,0.44011976047904194,0.06737549538581003,0.15308445890381328,0.06447330217945615,0.06410469261771806,0.006532460300652708,0.05183355388615134,0.07644419354709182,True,37.0,0.05154687631624683,0.0764328410868998
202330,506,171,500.7904962748289,26.408573755977752,0.33794466403162055,0.05219085722525248,0.15443610383612721,0.05273377580529201,0.05269033403264453,0.005263848587919418,0.042693268189228015,0.06350497231428931,True,35.0,0.042605711383983724,0.06373371156484459
202331,651,245,631.9574920460582,27.587083491015054,0.3763440860215054,0.042376472336428654,0.11260034077965328,0.04365338466310082,0.043813953970007605,0.005176072837080464,0.03370325271671545,0.05364309562917655,True,37.0,0.03278749991150341,0.05441710263599685
202332,65,0,67.91386657953262,0.0,0.0,0.0,,0.0,0.0,0.0,0.0,0.0,False,,,
202334,146,1,150.04956299066544,-0.6946915901940443,0.00684931506849315,-0.004758161576671536,-0.6946915901940443,-0.004629747507077118,-0.004549118909471805,0.004546603936204349,-0.014419082440672757,0.0,False,,,
202335,219,125,227.78584390878677,33.68438702092525,0.5707762557077626,0.15380998639691895,0.269475096167402,0.14787743804840492,0.1475747491144774,0.0100125318650958,0.12664519992231718,0.16606081509611728,True,36.0,0.12956282351950785,0.16385882496603285
202337,60,42,63.5524160861969,8.586320002873746,0.7,0.1431053333812291,0.204436190544613,0.13510611447451532,0.13445423855089544,0.015759009287723575,0.1038583130358551,0.1645740685517192,True,16.0,0.09884804968984125,0.17753554509817296
202338,108,0,94.63347274065018,0.0,0.0,0.0,,0.0,0.0,0.0,0.0,0.0,False,,,
202339,418,110,401.34859001636505,7.164877587131095,0.2631578947368421,0.01714085547160549,0.06513525079210086,0.017852006373907894,0.01761936435729131,0.006156688903832391,0.005575862189900172,0.02859505416290343,True,27.0,0.006144542318561508,0.030411454963270423
202340,422,167,430.3363360911608,24.755400812333708,0.3957345971563981,0.058662087233018266,0.14823593300798626,0.0575257042832879,0.05760377206813422,0.005514388270335209,0.046693705394343,0.06886022207204219,True,31.0,0.043903133990102906,0.07049250745495422
202341,44,20,44.25882752239704,3.613417218128843,0.45454545454545453,0.08212311859383735,0.18067086090644216,0.08164285907258353,0.08081210803997663,0.02237285039282566,0.03541573148591571,0.12087351822096476,False,,,
202343,6,3,5.673530578613281,1.0079336166381836,0.5,0.16798893610636392,0.33597787221272785,0.17765544799170568,0.1710569521373935,0.06682995018457363,0.042664491141011285,0.2864601561238429,False,,,
202344,179,19,187.1629961654544,-0.9247791206464175,0.10614525139664804,-0.005166363802493953,-0.04867258529717987,-0.004941036100046728,-0.004902476329375567,0.007719360703768693,-0.02080306130530701,0.009031550066873853,True,34.0,-0.01965274298507621,0.007472976290700634
202349,72,29,71.09981718659401,4.390813100476598,0.4027777777777778,0.060983515284397195,0.1514073482922965,0.06175561730283174,0.061910958463539154,0.011421875631463607,0.038559268881147635,0.0833280609986159,True,9.0,0.03413277843381665,0.08207318169217931
202353,21,1,18.448281466960907,-0.16577717959880833,0.047619047619047616,-0.007894151409467063,-0.16577717959880833,-0.008986049995805804,-0.008694451566744357,0.00887415858764926,-0.028817547528307928,0.0,False,,,
202355,241,5,241.90869745612144,0.7487391233444216,0.02074688796680498,0.003106801341678098,0.1497478246688843,0.0030951310606772684,0.0030138014540670834,0.0022270640271052954,-0.00047052248071455656,0.00811451150906515,False,,,
202357,112,68,117.25296688079834,-0.38330523534252825,0.6071428571428571,-0.003422368172701145,-0.005636841696213651,-0.0032690450872104914,-0.0033632383735546357,0.012027776095959489,-0.028393994190487857,0.01863346933578754,True,29.0,-0.026057798993571378,0.017149541042204425
202362,94,28,97.1434485167265,3.730531478921571,0.2978723404255319,0.039686505094910327,0.13323326710434183,0.038402296149484906,0.03825945689124015,0.0116198220659543,0.01616767903742036,0.060603227789940955,True,24.0,0.013242737095048904,0.06623967884721467
202379,27,12,30.763127326965332,-0.43284406661987385,0.4444444444444444,-0.016031261726661996,-0.036070338884989485,-0.014070223160974457,-0.014587289124679551,0.014640603849180152,-0.046532663037345434,0.00899074766494665,False,,,
202388,82,18,80.76127757132053,1.977621224708857,0.21951219512195122,0.024117332008644597,0.10986784581715872,0.024487245424794246,0.023640868315450696,0.012127387357203064,-0.0009640434403723586,0.0454232448964721,True,16.0,-0.0031134376031212723,0.048569728257688245
202389,136,7,146.5688976868987,-0.8423066844427298,0.051470588235294115,-0.006193431503255366,-0.12032952634896141,-0.005746830997133308,-0.00617923576635408,0.006068937716074414,-0.020622478691759347,0.003632754722085257,False,,,
202390,220,62,206.02844870090485,14.641961990277977,0.2818181818181818,0.06655437268308172,0.23616067726254802,0.07106767090953528,0.07099680416954951,0.00917663067101483,0.05226470902127775,0.08984848438217896,True,26.0,0.04903990805850703,0.0915509209887193
202391,328,99,319.7279551923275,11.105327510287134,0.3018292682926829,0.03385770582404614,0.1121750253564357,0.03473367695860968,0.03451733159023759,0.006389001311512414,0.02040517744709438,0.046845051405296975,True,35.0,0.0222822632413365,0.047795452348072094
202397,349,52,327.5204693302512,4.6538593767819245,0.1489971346704871,0.013334840621151646,0.0894972957073447,0.014209369528257677,0.01417816275875005,0.005972688185070349,0.0010491897418763918,0.025561275108436022,True,28.0,0.00039972570452098644,0.02789083236784714
202407,29,9,28.817725598812103,1.8659177005290963,0.3103448275862069,0.06434198967341712,0.20732418894767737,0.06474895786383682,0.06563626589363644,0.02161155780667676,0.02396285296655893,0.10912367506617379,False,,,
202498,259,67,257.62739339470863,15.727707563123353,0.25868725868725867,0.06072473962595889,0.23474190392721422,0.06104827346146018,0.06107045919457485,0.007890915467697568,0.04566858110472319,0.07628074901320872,True,39.0,0.04640824982989637,0.07647845410509738
202681,177,61,173.3798590004444,-1.2464850642557788,0.3446327683615819,-0.007042288498620219,-0.020434181381242277,-0.007189330245404016,-0.007314028540057066,0.009613799454325899,-0.026991358735707762,0.01013643385771618,True,13.0,-0.026775540449678996,0.011611103856974822
202682,262,69,269.92635970562696,4.0518262506380545,0.2633587786259542,0.015464985689458224,0.058722119574464555,0.015010857980142607,0.01477434592224904,0.006259197806471254,0.0015722087749935275,0.02697732392793343,True,39.0,0.0009274999347644596,0.030060689114095304
202683,282,6,290.6556621193886,-0.2973165544478791,0.02127659574468085,-0.0010543140228648194,-0.04955275907464651,-0.0010229167815962053,-0.0010881278411815373,0.0022758268879792065,-0.005973740895660639,0.00297812416302575,False,,,
202684,161,2,171.00419467687607,0.0040551247836657645,0.012422360248447204,2.5187110457551334e-05,0.0020275623918328822,2.3713598320369833e-05,2.37866091162401e-05,1.9080429331914482e-05,0.0,6.498243371737336e-05,False,,,
202685,176,0,177.1395258307457,0.0,0.0,0.0,,0.0,0.0,0.0,0.0,0.0,False,,,
202687,114,1,124.74523761868477,0.6445033832461433,0.008771929824561403,0.005653538449527573,0.6445033832461433,0.005166557020927966,0.005164226689056594,0.005308153847148813,0.0,0.016162632965568687,False,,,
202688,619,226,610.6965005472302,14.684577732387243,0.3651050080775444,0.023723065803533512,0.06497600766543028,0.024045622857227365,0.024085632953139077,0.0043820436407353966,0.015388648297135517,0.03264574857455031,True,36.0,0.015793380555873145,0.03311064038896016
202689,599,169,564.9556250274181,15.553043193456732,0.28213689482470783,0.02596501367855882,0.09202984138140079,0.027529672251164716,0.027621428165234527,0.005436386967833692,0.01722414361594261,0.03836298107177032,True,37.0,0.0146088152965487,0.040417985053279606
202690,4,1,4.336061418056488,0.12891381978988647,0.25,0.03222845494747162,0.12891381978988647,0.029730625874683368,0.029717124400494548,0.025410604989125198,0.0,0.08957959512358155,False,,,
202691,551,235,553.1989676058292,41.78013331961781,0.426497277676951,0.07582601328424285,0.1777878013600758,0.07552460464710664,0.07563792966560987,0.005232498779388096,0.06546025658475459,0.08581643336540168,True,35.0,0.06392302881479357,0.08572023022794309
202692,274,56,260.2445223554969,7.199852138689359,0.20437956204379562,0.026276832622953862,0.1285687881908814,0.027665720198538055,0.027397318813018608,0.0069180136084663335,0.01307622283730043,0.040531151119548206,True,24.0,0.014515886112812683,0.04159767389757659
202693,237,39,230.75860199332237,6.6714607355269475,0.16455696202531644,0.02814962335665379,0.17106309578274223,0.02891099477071717,0.02874065616874927,0.006814216704342987,0.015411111908158802,0.041772764296106095,True,23.0,0.01705683773591155,0.04144967999589369
202694,352,95,326.71847070008516,17.019415703757957,0.26988636363636365,0.04835061279476693,0.17915174425008376,0.05209199120970763,0.05207651753104514,0.0076642452385994675,0.037596658289384875,0.06732412236021426,True,29.0,0.03938105112545006,0.06369490739665967
202695,509,123,507.8070813715458,15.492400693692675,0.24165029469548133,0.030436936529848083,0.1259544771844933,0.03050843767646752,0.030430396877098347,0.004049997503528417,0.022810614558799073,0.03878702327017451,True,35.0,0.022767645001383598,0.039332615012365735
202696,470,7,429.0778982937336,0.2782700175729208,0.014893617021276596,0.0005920638671764272,0.0397528596532744,0.0006485302987627334,0.0007307574961790318,0.0013720819810937013,-0.0020277296160038684,0.0033635243757481714,False,,,
202697,108,47,110.48794056475163,7.771154584698992,0.4351851851851852,0.07195513504350919,0.16534371456806365,0.07033486681874294,0.069883446527914,0.011110103528468357,0.04780189398620647,0.09104222749324538,True,16.0,0.04475802222669357,0.0944686174546715
202699,381,92,398.87926729023457,8.526911194813321,0.24146981627296588,0.02238034434334205,0.0926838173349274,0.021377173230236923,0.021455873639800657,0.004325968368588243,0.01308113126419222,0.02991514119341572,True,34.0,0.013507241482423632,0.029317328964367475
202700,51,13,49.49513612687588,2.9018907021535076,0.2549019607843137,0.05689981768928446,0.22322236170411597,0.05862981555833685,0.05827414849326801,0.015838636132898223,0.028320871538807205,0.0895313327551769,True,11.0,0.03420332722248843,0.08759809897590408
202702,292,0,314.3833844959736,0.0,0.0,0.0,,0.0,0.0,0.0,0.0,0.0,False,,,
202703,260,130,265.22846161574125,10.251736156642437,0.5,0.03942975444862476,0.07885950889724952,0.03865247377370453,0.03893049610507252,0.006657970421130362,0.02612024445497822,0.051917534947050294,True,29.0,0.027184009701199458,0.05057992059377806
202704,497,138,466.14142345637083,7.119059344042804,0.2776659959758551,0.014324063066484516,0.051587386551034814,0.015272316481243,0.015135374832824332,0.005539322783785205,0.00434297384994585,0.025970740173443734,True,30.0,0.003588139616602599,0.026230615306450017
202708,199,56,182.17772771418095,8.90335201143802,0.2814070351758794,0.044740462369035276,0.15898842877567892,0.048871791975616856,0.048607762552146216,0.009623361327032296,0.028412383982975783,0.06849516412990846,True,21.0,0.03304515847524777,0.06731907786233488
202709,234,44,213.8007006943226,5.430399240631804,0.18803418803418803,0.023206834361674374,0.12341816455981372,0.02539935193381715,0.025463697066043692,0.008403431350334306,0.009325119010230616,0.04042324389910393,True,36.0,0.009903155127912778,0.040837202221416395
202710,468,102,449.1025715917349,2.7879589148720707,0.21794871794871795,0.005957177168530066,0.027332930537961476,0.006207844468560552,0.00615738067139204,0.005672414658099014,-0.005700837501525775,0.0167985543104503,True,29.0,-0.00422934724226009,0.01669092174723134
202711,269,128,279.60312198102474,17.708732117469438,0.4758364312267658,0.06583171790880832,0.13834946966772999,0.06333524458525625,0.06322867657028494,0.007633747853449294,0.04815409939436951,0.07807929003550933,True,33.0,0.05101585683280298,0.07598961607042269
202713,77,38,85.65331673622131,4.171409869805357,0.4935064935064935,0.05417415415331633,0.10977394394224624,0.0487010897972774,0.04757120541580012,0.013488066050260945,0.019284113521881693,0.07242845008048225,True,21.0,0.017863848181777314,0.07865627354223342
202714,57,18,57.010908991098404,2.074854715512347,0.3157894736842105,0.036400959921269245,0.11526970641735261,0.0363939946271741,0.03602467275103813,0.011871038027331884,0.011863017287848273,0.05922810139109132,True,13.0,0.016667866947825207,0.054070026931951634
202718,285,99,294.32807509601116,8.995883413380188,0.3473684210526316,0.03156450320484276,0.0908675092260625,0.030564136331356396,0.030157811991646754,0.006397347188736497,0.01742505055752077,0.04267359169876635,True,31.0,0.01941889773207286,0.04156307734597139
202720,269,69,279.2026134505868,10.452322068214409,0.25650557620817843,0.038856215866968066,0.15148292852484652,0.03743633320274868,0.03755910771854938,0.005459363442160631,0.02632918410968845,0.04779387304568783,True,36.0,0.026585615510467866,0.047309333314200494
202730,192,1,183.40320652723312,0.36329828288542676,0.005208333333333333,0.001892178556694931,0.36329828288542676,0.001980872034707209,0.0018836327478073175,0.0018575969158792028,0.0,0.005956093623059998,False,,,
202734,88,22,86.77763995528221,3.622250527143481,0.25,0.04116193780844865,0.1646477512337946,0.04174174970660737,0.04161357046647762,0.01242759198599631,0.018626152296460318,0.06632233527621667,True,22.0,0.020985383202646774,0.06121234824243576
202738,592,158,565.2561593800783,22.200283877654563,0.2668918918918919,0.03750047952306514,0.14050812580794028,0.03927473148103653,0.039255464259494305,0.004580925132272804,0.030811381748207953,0.04789681409254742,True,36.0,0.030353429678879943,0.04820353770694958
203076,538,51,526.4599524512887,7.54410184707179,0.09479553903345725,0.014022494139538643,0.14792356562885864,0.014329868420086173,0.014579601534688782,0.003007629004413254,0.008693924897389104,0.020464468829919227,True,31.0,0.007538554966807507,0.02030038943778414
203078,258,86,253.53875132650137,17.32396698743106,0.3333333333333333,0.06714715886601186,0.20144147659803557,0.06832867518985945,0.0678384858990012,0.00873952137357437,0.0501533191594618,0.08498836806822958,True,17.0,0.051608240561111664,0.08391595958535548
203079,302,92,285.92431526631117,12.846358233051633,0.304635761589404,0.04253761004321733,0.13963432862012645,0.04492922618730932,0.04482767464296868,0.008320986936511643,0.028105626602724924,0.0614442654284344,True,33.0,0.02398851346372622,0.06690980510470115
203080,91,3,98.88363415002823,-0.3146578418937591,0.03296703296703297,-0.0034577784823490013,-0.10488594729791971,-0.0031821023225780108,-0.0031025160566665448,0.004723010251684708,-0.013425471349737598,0.0034195176128988107,False,,,
203081,629,252,607.8337638527155,21.770966937078693,0.40063593004769477,0.03461203010664339,0.08639272594078846,0.03581730438777341,0.035626504341715555,0.005140206595852083,0.025594201221993282,0.045713272067792354,True,32.0,0.0250641651090631,0.04643730597296249
203082,222,112,225.40195840597153,18.818504311821666,0.5045045045045045,0.08476803744063814,0.16802235992697917,0.08348864599449332,0.08342609108580493,0.008707452312227033,0.06509521324961429,0.1002740515787188,True,32.0,0.06678955437629508,0.10172484495340148
203083,414,1,427.9705575108528,-0.6424577661922999,0.0024154589371980675,-0.0015518303531214972,-0.6424577661922999,-0.001501172814150908,-0.001487601919105182,0.0014965496523765363,-0.004612084175920488,0.0,False,,,
203084,221,63,228.96849635243416,12.473821618700331,0.2850678733031674,0.05644263175882503,0.1979971685507989,0.054478331374899304,0.05452963562415393,0.006731901363004026,0.04168374134976288,0.06778187849183001,True,23.0,0.04130997784618459,0.06821269270127504
203085,235,81,230.78778357803822,8.79584385532063,0.3446808510638298,0.037429122788598425,0.1085906648805016,0.03811225931872784,0.03803140495514463,0.009431900012167474,0.020256783279594327,0.05581609795047629,True,32.0,0.01772601843460956,0.056281790700113486
203086,247,116,253.79458267986774,20.695642786057867,0.46963562753036436,0.08378802747391849,0.17841071367291264,0.08154485634613803,0.08130592523166794,0.008082566118802696,0.06500547323113087,0.09648105728542111,True,32.0,0.06760379772191508,0.0929531363626472
203087,333,112,326.0829261094332,6.681503319025584,0.33633633633633636,0.02006457453160836,0.059656279634157,0.020490196769098166,0.02051732537222517,0.006126748466846088,0.008115994022150302,0.03268547561739386,True,35.0,0.006285756968245657,0.034864100205957385
203088,38,18,33.82437548041344,2.660133451223373,0.47368421052631576,0.07000351187429929,0.14778519173463184,0.07864545652184375,0.07820772386780422,0.03226425778429119,0.007988908062389418,0.13997734310558024,False,,,
203089,162,1,160.60071554780006,0.13987685786270943,0.006172839506172839,0.0008634373942142557,0.13987685786270943,0.0008709603651864021,0.000878310029622558,0.0008724632708981417,0.0,0.0026701070306629194,False,,,
203090,146,41,149.90683801472187,5.277554812459714,0.2808219178082192,0.03614763570177886,0.12872084908438328,0.03520556421810073,0.034939686191076055,0.008890669682824887,0.017388828657866937,0.052305275330217296,True,35.0,0.022431534026523297,0.048169248221571856
203092,89,1,94.5368721485138,-0.03896294669671496,0.011235955056179775,-0.00043778591794061756,-0.03896294669671496,-0.0004121455027145987,-0.0004109203612367883,0.00041474995199588334,-0.0013671791143327352,0.0,False,,,
203093,265,56,279.9647444859147,-0.629199099276906,0.21132075471698114,-0.0023743362236864378,-0.011235698201373321,-0.0022474226189882333,-0.0024175810419544207,0.006701287076081985,-0.017013295019718946,0.009169481000060646,True,31.0,-0.013256156684421438,0.007761164501797773
203094,134,51,139.32180708646774,9.584650160318398,0.3805970149253731,0.0715272400023761,0.1879343168689882,0.06879504623687407,0.06883208160718836,0.00953351760898422,0.04971137211089725,0.08711594515802953,True,22.0,0.05221167195474429,0.08413727976660104
203095,403,179,415.23018638044596,23.80114341167997,0.4441687344913151,0.059059909210123995,0.13296728162949703,0.057320359146222265,0.05705094110221504,0.006227007487561418,0.04439018580125778,0.06959778420885744,True,34.0,0.04512282964213002,0.07184518470104843
203096,344,60,330.64447087049484,11.491841068570043,0.1744186046511628,0.03340651473421524,0.1915306844761674,0.03475588458598816,0.03478562647738964,0.005223697961409485,0.024602714147914043,0.04531112756139714,True,35.0,0.024679473480718778,0.045439533448213915
203098,45,12,42.05064511299133,2.9074084542014376,0.26666666666666666,0.06460907676003194,0.2422840378501198,0.06914063854167148,0.0696004586324527,0.01915955496852233,0.03409355641430644,0.10824214203982538,False,,,
203099,79,26,82.99867184460163,1.8365653654876768,0.3291139240506329,0.02324766285427439,0.07063712944183373,0.022127647643883714,0.022008314212157522,0.014546504351263817,-0.00585425301530697,0.04907247398184721,True,17.0,-0.006758997030866478,0.04389653460377727
203100,42,13,44.15896391868591,0.2902929207374303,0.30952380952380953,0.006911736208034054,0.022330224672110023,0.006573816389170139,0.006084449969227145,0.0106717852219977,-0.014126057056347176,0.027572007758164936,False,,,
203101,33,0,35.36982500553131,0.0,0.0,0.0,,0.0,0.0,0.0,0.0,0.0,False,,,
203105,177,2,194.41617658734322,-0.4169153177738192,0.011299435028248588,-0.002355453772733442,-0.2084576588869096,-0.002144447674530397,-0.0020395236072165267,0.0031862897339054678,-0.008944456658902132,0.0025395483654059104,False,,,
203109,385,161,416.9717906713486,10.849996564909803,0.41818181818181815,0.02818180925950598,0.06739128301186213,0.02602093668600623,0.026150260289029597,0.004801081081487263,0.01637877609761411,0.03513715578410106,True,36.0,0.014420248427212776,0.03559855866846219
203110,395,127,436.7909374535084,-0.12125818231215169,0.32151898734177214,-0.00030698274003076374,-0.0009547888371035565,-0.00027761148850543243,-0.00025272395616448694,0.003915171421229257,-0.008373949259837988,0.007282775581959516,True,36.0,-0.00833643055325465,0.00706964477458043
203112,47,9,56.305914878845215,0.13165195678409702,0.19148936170212766,0.002801105463491426,0.014627995198233002,0.0023381550067586273,0.0026585137437190294,0.008944815174581924,-0.013746207648009517,0.02147875819328819,False,,,
203114,479,161,442.2783498689532,26.815067836839077,0.33611691022964507,0.05598135247774338,0.16655321637788248,0.06062939288071497,0.06081815960789913,0.006680766546629847,0.04760690255670443,0.07439082946857864,True,34.0,0.04992662622678013,0.07124194221866131
203115,468,154,469.7876983731985,11.397229087106007,0.32905982905982906,0.024353053604927365,0.07400798108510394,0.024260382139789597,0.024206000964230468,0.005816124128614469,0.012061420464662187,0.03502741621316551,True,38.0,0.01171472586037431,0.03705318129276454
203118,150,50,164.4642335474491,2.073599755763997,0.3333333333333333,0.01382399837175998,0.041471995115279936,0.012608210983245476,0.012566482339449006,0.005457142770461699,0.0017833432601510697,0.023091025747001444,True,29.0,0.0027674417691751054,0.022176275921125584
203123,63,29,64.80119332671165,5.132371664047241,0.4603174603174603,0.08146621688963875,0.17697833324300832,0.07920180787676374,0.07831309220561425,0.01709799624281468,0.044399305481467116,0.11137481934772189,True,19.0,0.040372785909724235,0.11721443099963677
203124,116,9,110.53254094719887,0.09218027519288352,0.07758620689655173,0.0007946575447662373,0.01024225279920928,0.000833965042357235,0.00041484284740263635,0.007027223299236185,-0.014750743844326987,0.0121649560870492,False,,,
203135,43,2,40.17381489276886,-0.23791589242656064,0.046511627906976744,-0.0055329277308502475,-0.11895794621328032,-0.005922163306163504,-0.0058130426005507906,0.005301386734652403,-0.01776166396358467,0.0,False,,,
203138,248,128,245.95803619921207,30.87994376520315,0.5161290322580645,0.12451590227904497,0.24124956066564962,0.12554964351801925,0.1252255045279291,0.009726164428071962,0.10575110558015706,0.1449878146966722,True,30.0,0.10719931099885234,0.14218565980601125
203141,309,186,319.5410539507866,22.60927205841714,0.6019417475728155,0.07316916523759592,0.12155522612052226,0.07075545310650211,0.07103394754942964,0.00651353299622211,0.05817428264053089,0.08321225137383619,True,36.0,0.05662941543061075,0.08555035471215211
203142,32,17,31.40760287642479,1.8246384243170413,0.53125,0.05701995075990754,0.10733167201864949,0.05809543732121796,0.056845264150454974,0.015248731535199974,0.027695950443948764,0.08629788392546,False,,,
203143,37,22,38.36749891936779,1.152381067474682,0.5945945945945946,0.031145434256072486,0.05238095761248554,0.030035345016793984,0.030230255744896524,0.014927388190454884,-0.0005279355711319136,0.05753813747587395,False,,,
203145,324,117,349.902847468853,9.450476099615505,0.3611111111111111,0.0291681361099244,0.08077329999671372,0.027008857367063155,0.02710739819341784,0.00576953159505666,0.01510251592836981,0.038260211216731545,True,33.0,0.014472092795718688,0.04064160473696317
203148,62,14,58.696541890501976,2.305732964227596,0.22580645161290322,0.03718924135850961,0.16469521173054255,0.039282262463245725,0.039157968743159084,0.01186216462129718,0.01717256263417181,0.06433149930272233,True,19.0,0.018490319868158946,0.059210250195939146
203186,62,0,62.52931860089302,0.0,0.0,0.0,,0.0,0.0,0.0,0.0,0.0,False,,,
203187,71,29,71.02434030920267,2.2336598567309807,0.4084507042253521,0.03145999798212649,0.07702275368037864,0.031449216522206315,0.03150119641459873,0.02139291763586118,-0.012292396991686553,0.07228583626158937,True,21.0,-0.010912593331140957,0.07078528201136132
203200,46,22,49.8148737847805,4.194221412142122,0.4782608695652174,0.0911787263509157,0.19064642782464192,0.0841961665960006,0.08363569325787859,0.013855525313780285,0.056712372532543326,0.11081405091869494,False,,,
203210,167,13,165.31318828463554,1.7622363000334071,0.07784431137724551,0.010552313173852737,0.13555663846410823,0.010659986165164247,0.010592307327598274,0.005366921599006907,-0.00018118369752219334,0.02056440103693301,True,37.0,-0.0005741249911784491,0.02089026402940178
203382,126,2,125.85383951663971,0.47034311294555664,0.015873015873015872,0.003732881848774259,0.23517155647277832,0.003737217034871395,0.003721753235744015,0.0027510518843797565,0.0,0.010091274489944475,False,,,
203457,251,1,258.0225205719471,-0.21250252616405496,0.00398406374501992,-0.0008466236102153584,-0.21250252616405496,-0.0008235813125653141,-0.0007612365833959896,0.0007779674510325573,-0.002500219551054584,0.0,False,,,
203458,198,5,202.110632032156,1.1394248214101546,0.025252525252525252,0.005754670815202801,0.22788496428203092,0.00563762930209862,0.005601182237659453,0.0033890236728523863,0.0006220988775351024,0.013831219931482218,False,,,
203459,337,126,336.95931899547577,23.177009009213236,0.37388724035608306,0.06877450744573661,0.18394451594613678,0.06878281057282297,0.06841957496324645,0.0078061450051465815,0.05327410937869908,0.08290060500471888,True,37.0,0.05225643511295656,0.08507147680771418
203460,126,41,145.41792830824852,3.0856925385839933,0.3253968253968254,0.024489623322095186,0.07526079362399983,0.021219478055299484,0.02110039668937879,0.005919189899945795,0.009073047258270593,0.03250669148530284,True,31.0,0.01390537253551021,0.02938054439962923
203461,8,3,7.856354922056198,0.5402332484722139,0.375,0.06752915605902673,0.18007774949073796,0.06876385471785963,0.06818170611851561,0.03174724181252331,0.0,0.13179660247937688,False,,,
203462,104,17,105.2094109132886,-3.356063002228048,0.16346153846153846,-0.03226983655988508,-0.19741547071929696,-0.03189888597507732,-0.032500022150670535,0.015385915451950496,-0.06531257375941121,-0.0054846305474879325,True,19.0,-0.05982096674410648,-0.0026308562753853426
203463,214,73,237.6525835543871,4.541536344809732,0.3411214953271028,0.021222132452381925,0.0622128266412292,0.019109980951544737,0.01931612740543417,0.00552066799878167,0.008671192140805837,0.0295608198617872,True,36.0,0.009691896240749205,0.027260817985129145
203468,669,209,627.2282389551401,37.50149749595187,0.312406576980568,0.05605605006868739,0.17943300237297544,0.05978923646426258,0.06006495461088611,0.004814898210383507,0.050717593311897916,0.06934553455395127,True,36.0,0.05134556798543467,0.06903255542062067
203469,219,10,236.4070339128375,-0.8260241152638459,0.045662100456621,-0.003771799613076922,-0.08260241152638459,-0.0034940758808741632,-0.003637723318534271,0.004310845534148914,-0.013855530843196124,0.003066747019722463,True,34.0,-0.014771461076809312,0.003402265898160276
203471,331,105,318.9312087446451,12.607185298758278,0.31722054380664655,0.03808817310803105,0.1200684314167455,0.039529481446427914,0.03958242149567455,0.006541794882579236,0.02533949628404095,0.05227521548263966,True,35.0,0.02595158975501745,0.0523519639775518
203473,60,1,61.887061923742294,-0.23706886273319427,0.016666666666666666,-0.003951147712219905,-0.23706886273319427,-0.0038306692120125578,-0.0036938494392877155,0.003912913382859417,-0.012190058205176595,0.0,False,,,
203475,1,0,0.6095062494277954,0.0,0.0,0.0,,0.0,0.0,0.0,0.0,0.0,False,,,
203476,225,0,217.11987328529358,0.0,0.0,0.0,,0.0,0.0,0.0,0.0,0.0,False,,,
203477,296,185,290.72274173796177,19.595157677928597,0.625,0.06619985702002905,0.10591977123204648,0.06740153027171976,0.06738224441827413,0.008749844510841726,0.04945980838599736,0.08502697502312352,True,31.0,0.044945738789456804,0.08769364273318735
203481,89,0,96.1825459599495,0.0,0.0,0.0,,0.0,0.0,0.0,0.0,0.0,False,,,
203482,292,102,300.1600992754102,10.295146605764566,0.3493150684931507,0.03525735138960468,0.10093280986043693,0.03429885128175652,0.03417976831796352,0.006099079475897973,0.02243714441246511,0.04614895452426778,True,35.0,0.020241156528011308,0.04761963239659682
203484,394,145,393.0292736366391,19.56064294814225,0.3680203045685279,0.049646301898838195,0.1349009858492569,0.04976892119803353,0.049660623949317084,0.006469882000697041,0.036997248500440165,0.06196734958447199,True,30.0,0.035831141199569885,0.06366082428348674
203485,14,5,13.60206027328968,-0.19285344249672365,0.35714285714285715,-0.013775245892623118,-0.03857068849934473,-0.014178252310455447,-0.01638382850258812,0.05252825214005539,-0.13911099313564892,0.06481326147521276,False,,,
203486,240,1,266.2606555521488,-0.6304441761521615,0.004166666666666667,-0.0026268507339673396,-0.6304441761521615,-0.0023677706901336954,-0.00231025990933022,0.002349498823637074,-0.007278270533336136,0.0,False,,,
203487,343,25,340.0805629491806,3.464433010175547,0.0728862973760933,0.010100387784768359,0.1385773204070219,0.010187095022814488,0.01015925589599382,0.0026189859817061876,0.00543820899533696,0.015592721060026613,True,31.0,0.004717382124175707,0.016362606586040274
203488,80,29,86.3676476329565,2.210352966890616,0.3625,0.027629412086132697,0.07621906782381434,0.025592371998877747,0.025277622032409724,0.011460493058563028,0.003721909253214915,0.04673910626638158,True,22.0,0.00689310311343248,0.040686111613749965
203490,310,113,319.46065078675747,22.53653639607926,0.36451612903225805,0.07269850450348149,0.19943837518654212,0.07054557843220127,0.07064005860530262,0.006749640316570875,0.058390613029826996,0.08373672018953549,True,29.0,0.056749686951239955,0.08348635785730261
203492,32,6,31.913229182362556,0.24786440340372207,0.1875,0.007745762606366315,0.041310733900620344,0.007766823030892435,0.0073635268439458355,0.01376554860325266,-0.02148481105459502,0.031149369757020325,False,,,
203493,12,5,11.952835351228714,0.9827970734664371,0.4166666666666667,0.08189975612220309,0.19655941469328742,0.08222292406674946,0.08271044634621635,0.03324343833519669,0.017620100747224858,0.14765093144565222,False,,,
203496,223,126,231.9120157957077,8.799322199268452,0.5650224215246636,0.039458843942907856,0.06983589047038455,0.03794250232820973,0.03811254109162981,0.006174114266005201,0.02606354423697971,0.049958386551669114,True,26.0,0.022884270433791397,0.053944780544745656
203497,115,0,118.41007140278816,0.0,0.0,0.0,,0.0,0.0,0.0,0.0,0.0,False,,,
203498,276,64,275.74882907420397,7.787145267258282,0.2318840579710145,0.02821429444658798,0.12167414480091066,0.028239993959005217,0.028429426643711685,0.006136347462769169,0.01654585401999551,0.03919866442011935,True,37.0,0.019232536947701787,0.03812154944504068
203499,183,47,183.52850806713104,8.7220854706624,0.2568306010928962,0.047661669238592344,0.1855762866098383,0.04752441766415949,0.0479789723510156,0.00715956302585048,0.0338168645174595,0.06330408866265946,True,29.0,0.0335809988334329,0.06062888985665556
203500,155,1,167.29930147528648,-0.1626903583090027,0.0064516129032258064,-0.0010496152148967916,-0.1626903583090027,-0.0009724509120741031,-0.0010060975279160258,0.00099237591249328,-0.003017229050332487,0.0,False,,,
203501,25,17,25.964738190174103,3.56220243871212,0.68,0.1424880975484848,0.20954131992424235,0.13719385162374456,0.13616219805496313,0.026617795973563788,0.08383081876109022,0.18621511615682437,False,,,
203503,157,70,157.8977650552988,17.185843121560143,0.445859872611465,0.10946396892713467,0.24551204459371634,0.10884158566488471,0.10818219064776645,0.012148771658993328,0.0839189561202728,0.13102932769679057,True,26.0,0.0797800432894797,0.13752430655868442
203504,391,134,366.9772494882345,24.280106419661163,0.34271099744245526,0.06209745887381372,0.18119482402732212,0.06616242956074474,0.06635774837541965,0.006632575584234522,0.05357330801257711,0.07929541645646732,True,35.0,0.05252999537183092,0.07962189039211594
203506,387,119,380.776708945632,14.156850336536529,0.30749354005167956,0.03658100862154142,0.11896512887845823,0.03717887676411918,0.03707641121274315,0.006018688677968439,0.025538121538178464,0.04824727906824388,True,30.0,0.02834881119650275,0.04718711608134682
203507,362,37,361.8021120876074,4.147857829928402,0.10220994475138122,0.011458170800907186,0.11210426567374059,0.011464437855255064,0.011394474988359183,0.0037160247294840496,0.0037190022385621565,0.01854376903771367,True,32.0,0.0030581522146495895,0.018647013943756056
203508,16,7,15.54049576818943,0.9158166266149935,0.4375,0.057238539163437095,0.1308309466592848,0.05893097879731878,0.0568895421992764,0.03693108034471712,-0.026515241695511286,0.12389818014811509,False,,,
203512,23,0,29.018188536167145,0.0,0.0,0.0,,0.0,0.0,0.0,0.0,0.0,False,,,
203515,36,7,35.155824445188046,0.6359091850704153,0.19444444444444445,0.017664144029733757,0.09084416929577362,0.018088302439382996,0.01753517571185916,0.024325904290205435,-0.034629105869847916,0.06523360613725258,False,,,
203516,8,5,8.534265130758286,0.057463576396307836,0.625,0.0071829470495384795,0.011492715279261568,0.006733277618620467,0.006280560255267274,0.03303902751536569,-0.06319258974551545,0.06709776548379133,False,,,
203521,217,110,213.25370793044567,22.00811458288509,0.5069124423963134,0.1014198828704382,0.20007376893531897,0.10320155647686653,0.10281954604353244,0.009064443644304495,0.08513763738978176,0.12057237034746476,True,31.0,0.08564509400980085,0.11988206049556667
203524,41,13,39.74354439973831,1.6350235406841556,0.3170731707317073,0.03987862294351599,0.1257710415910889,0.041139348927694566,0.04130000657950659,0.019254600684135655,0.001220029466321069,0.07615045519504302,False,,,
203526,184,71,185.70759598910809,12.91345727694245,0.3858695652173913,0.07018183302686114,0.18187967995693594,0.06953650553798475,0.06953946014186621,0.00936488110062543,0.0524698011633105,0.08768752423430866,True,34.0,0.0514514714543833,0.08727444846815702
203527,57,17,59.039232924580574,3.1179936394095416,0.2982456140350877,0.05470164279665862,0.18341139055350245,0.052812231544278526,0.052606058422761996,0.015575592199679068,0.022702444548962194,0.08241923358001156,True,14.0,0.028306399713303298,0.07174884533321416
203530,134,30,144.26091277599335,4.1463359978336545,0.22388059701492538,0.030942805953982497,0.1382111999277885,0.028741922659757717,0.028843632812486503,0.006579014007473047,0.015663317764026,0.04213676733158222,True,20.0,0.01922621194398088,0.038928085963769773
203546,123,53,124.53263992071152,7.589278049128399,0.43089430894308944,0.06170144755388943,0.1431939254552528,0.06094207955408642,0.06049073218184946,0.011810614177014471,0.0372558126302151,0.08278934474746857,True,29.0,0.04567132163779663,0.08089790365359496
203552,45,18,42.97482023388147,5.0627436712384215,0.4,0.11250541491640936,0.28126353729102344,0.11780720998215927,0.1185093283250804,0.027572161353654874,0.062309131372441054,0.17229193945986326,False,,,
203584,64,41,60.87770811468363,7.691875303245111,0.640625,0.12018555161320486,0.1876067147132954,0.126349620270771,0.12642128880159834,0.020407633953824368,0.08441237494739597,0.1645366167769961,True,15.0,0.08420563599335555,0.16713277204386326
203613,86,18,94.82387302070856,-0.9543410210924987,0.20930232558139536,-0.011096988617354636,-0.05301894561624993,-0.010064353951078126,-0.009388723251002777,0.010137302915315735,-0.03224597893470718,0.007686118234593527,True,21.0,-0.029914161572180503,0.004219153374339508
203798,191,114,208.03467898070812,7.088152946396297,0.5968586387434555,0.03711074841045182,0.06217678023154647,0.03407197771604997,0.03387853500738998,0.00761109516900441,0.01849338655401506,0.04835894895161156,True,33.0,0.02091525846582429,0.050653785153604934
203893,22,6,19.47364903986454,0.21311493963003159,0.2727272727272727,0.00968704271045598,0.035519156605005264,0.010943759908261859,0.010162163293346127,0.024984150118744077,-0.04026462797483951,0.06015447027368236,False,,,
203894,110,49,103.66211812570691,9.866680356872378,0.44545454545454544,0.08969709415338525,0.20136082360964036,0.09518115716010596,0.09490352656684695,0.015149226112702602,0.06289631649465216,0.12291353279839562,True,27.0,0.05167276524498507,0.12741218846718258
203897,398,111,372.7427175939083,5.347678454599314,0.27889447236180903,0.013436378026631442,0.04817728337476859,0.01434683550390767,0.01427024080891069,0.006020177036263876,0.002332339720415389,0.025732545712523917,True,37.0,0.001118206452633727,0.028661356692993082
203898,42,12,40.73697927594185,-0.0905689477920531,0.2857142857142857,-0.002156403518858407,-0.007547412316004425,-0.0022232612579976114,-0.002888314517287433,0.023232386214481482,-0.053289154640469065,0.037603366651931654,False,,,
203900,48,26,50.593336403369904,6.4036419554190225,0.5416666666666666,0.13340920740456297,0.2462939213622701,0.1265708571651442,0.1263577023557013,0.017498459391113778,0.09315498919517536,0.15791892513989345,False,,,
203901,333,45,325.29511438310146,5.180225678719583,0.13513513513513514,0.015556233269428177,0.11511612619376851,0.015924695606152905,0.015812815013321397,0.004789644075101443,0.006722872856412573,0.02571841578055403,True,30.0,0.008253475694628962,0.023665983824108217
203903,504,112,488.31228759139776,11.747127623430316,0.2222222222222222,0.02330779290363158,0.10488506806634211,0.024056588216063674,0.024093400290832186,0.005207946035121225,0.013338486360976808,0.03450228355114673,True,38.0,0.015003404756833058,0.03321771140854789
203906,5,2,4.77841317653656,0.6915833552678425,0.4,0.1383166710535685,0.34579167763392127,0.14473075678422367,0.13779278275339893,0.06770605425075811,0.0,0.25497991754949717,False,,,
203909,16,4,16.348640769720078,0.6416370968023941,0.25,0.04010231855014963,0.16040927420059853,0.03924712187638216,0.03810998017316323,0.02830585845946611,-0.014316088088379478,0.1018229827228576,False,,,
203912,4,0,3.213966131210327,0.0,0.0,0.0,,0.0,0.0,0.0,0.0,0.0,False,,,
203914,314,118,331.7168410420418,12.81725832789527,0.37579617834394907,0.04081929403788303,0.10862083328724806,0.038639154670687376,0.03907391930224762,0.006527687842793069,0.026015698102754746,0.05184286297007036,True,34.0,0.026725427712744824,0.05086357845941018
203915,22,6,19.394043020904064,-1.5490322560071954,0.2727272727272727,-0.07041055709123616,-0.2581720426678659,-0.07987154892548992,-0.08334098751432156,0.05125593648809284,-0.19258665526459906,0.0012016750990258957,False,,,
203917,179,115,190.58134396374226,8.04512473475188,0.6424581005586593,0.044944830920401566,0.06995760638914679,0.042213600593993345,0.04174615396892544,0.01010270602352078,0.022413768594031103,0.060872687830662686,True,24.0,0.023519062376432198,0.06206595215337422
203918,380,162,361.26782640069723,25.67529481150414,0.4263157894736842,0.06756656529343195,0.1584894741450873,0.07106997339704034,0.07097663516574614,0.006860281260681983,0.05803303038546002,0.08469756560518647,True,34.0,0.05616649694234144,0.08820077858209009
203919,6,1,6.627099156379699,0.16401426792144758,0.16666666666666666,0.027335711320241263,0.16401426792144758,0.024749028805998205,0.024418685945123256,0.02214664619433875,0.0,0.07697303319851506,False,,,
203921,3,2,4.136769592761993,-0.7677125334739685,0.6666666666666666,-0.2559041778246562,-0.38385626673698425,-0.1855826185768762,-0.1957409962004166,0.08808941019058777,-0.3255630791863653,0.0,False,,,
203922,71,18,74.66529110074043,2.346870986358173,0.2535211267605634,0.033054520934622154,0.13038172146434293,0.031431886915055496,0.031198111183165372,0.012348418426411508,0.007402568288601113,0.05509762249813495,True,21.0,0.014238551350357082,0.04607637765207407
203923,25,18,25.249770283699036,3.7569842168263032,0.72,0.15027936867305214,0.20872134537923906,0.148792807800385,0.14782191998594768,0.034186036324450914,0.08051757565588859,0.20963549588405328,False,,,
203924,227,58,242.5591236203909,2.8680289621360173,0.2555066079295154,0.012634488819982454,0.04944877520924168,0.011824040750677063,0.011611261962318237,0.008184178783468754,-0.0037235244320326867,0.026704701299588175,True,32.0,-0.0034613484781655093,0.027427934825080186
203925,4,4,4.433715105056763,0.582331788116281,1.0,0.14558294702907024,0.14558294702907024,0.1313417245623466,0.13077048900852908,0.033469009083503115,0.06256555579449675,0.18582330208706602,False,,,
203926,167,75,167.5335453748703,12.286065101623535,0.4491017964071856,0.07356925210553016,0.16381420135498048,0.07333495554059002,0.07319902693573814,0.010008795642427983,0.05270878595154117,0.09344938155055173,True,28.0,0.05389692310962749,0.09163107944654406
203928,11,1,11.025715857744217,0.14682759642601018,0.09090909090909091,0.01334796331145547,0.14682759642601018,0.01331683115367804,0.013716079774859639,0.012267808306298894,0.0,0.04058915960115596,False,,,
203930,8,8,8.62085822224617,0.9180915883652068,1.0,0.11476144854565085,0.11476144854565085,0.1064965418403549,0.10475192235109912,0.046808203257793085,-0.005120550779594377,0.17731636913633717,False,,,
203932,195,44,205.57123693823814,2.7846578643811446,0.22564102564102564,0.014280296740416126,0.0632876787359351,0.013545950814207376,0.013309906138135343,0.007322014049917089,-0.002051814096818471,0.026866247611461853,True,33.0,0.0004665743793723651,0.025785627637431814
203933,344,52,341.75692769140005,3.1539786877493405,0.1511627906976744,0.009168542696945758,0.060653436302871934,0.009228719104700411,0.008962658712925738,0.006043717724075829,-0.002914099026075425,0.020345697514866323,True,37.0,-0.002213657491401279,0.02006422709726428
203934,60,31,62.53181426227093,3.77898867325536,0.5166666666666667,0.062983144554256,0.12190286042759226,0.060433056642264144,0.05967198655124736,0.01704049694458751,0.02435884556825135,0.09209868369762132,True,21.0,0.03313987243303081,0.08158561770356586
203935,154,58,151.57190449535847,9.711375882228218,0.37662337662337664,0.06306088235213128,0.16743751521083133,0.06407108173880342,0.06455187539478752,0.010965397474246389,0.043697199042237976,0.0852377599696843,True,18.0,0.04436925550564648,0.08590929294035338
203937,94,16,85.19146163016558,4.192189203431972,0.1702127659574468,0.044597757483318845,0.26201182521449823,0.04920903014472466,0.050166648326609393,0.016323786924768283,0.01728569668275107,0.0827039320039269,True,29.0,0.019819922911001757,0.07655455734556497
203939,181,7,185.73162177205086,0.6830295543561034,0.03867403314917127,0.003773643946718803,0.09757565062230047,0.003677508158488963,0.003744257099390479,0.0017395914069240003,0.0010320639369637533,0.007590094852444718,False,,,
203940,65,18,60.162387907505035,4.045248182530098,0.27692307692307694,0.06223458742353996,0.224736010140561,0.06723882351128334,0.06709540907143526,0.017785770345659126,0.032524764421777125,0.10032286889765542,True,22.0,0.025566886180422306,0.11141847215199807
203943,121,18,127.26020193099976,3.0151777875076218,0.1487603305785124,0.024918824690145634,0.16750987708375675,0.023693014326210526,0.02371897114209966,0.005730801513214208,0.012741676146433322,0.035079542549468254,True,36.0,0.010591399110895707,0.03872169665725587
203944,392,18,389.9364378452301,-0.2527916323054916,0.04591836734693878,-0.0006448766130242133,-0.014043979572527312,-0.0006482893306981157,-0.0005669776960713778,0.0026021059323283764,-0.006324858575931009,0.004244903008791999,True,39.0,-0.005673390159241665,0.004583796038788788
203946,10,1,11.116665542125702,-0.0037320388687980266,0.1,-0.0003732038868798027,-0.0037320388687980266,-0.0003357156743319989,-0.0003254364442671518,0.0003112742838089192,-0.0010288408714961967,0.0,False,,,
203948,105,1,98.01729133725166,0.09699823707342137,0.009523809523809525,0.0009237927340325845,0.09699823707342137,0.000989603321516772,0.0009765583411153737,0.000977761434390414,0.0,0.0030727628021160747,False,,,
203949,38,0,39.628736197948456,0.0,0.0,0.0,,0.0,0.0,0.0,0.0,0.0,False,,,
203950,4,0,3.8734711408615112,0.0,0.0,0.0,,0.0,0.0,0.0,0.0,0.0,False,,,
203951,6,2,6.4214204251766205,0.36864018440246604,0.3333333333333333,0.06144003073374434,0.18432009220123302,0.05740788797399551,0.05665279345123001,0.043666051208771726,0.0,0.14998038466359095,False,,,
203952,592,104,574.9255562126637,6.829978806562108,0.17567567567567569,0.011537126362435994,0.06567287314002027,0.011879762053986194,0.011925588800415622,0.003701767003037047,0.00502120299565661,0.01928619421249453,True,36.0,0.004252326425104537,0.018378157133277895
203953,309,9,310.51214933395386,0.8753798469901093,0.02912621359223301,0.0028329444886411306,0.09726442744334547,0.002819148458016191,0.002875567336432218,0.004406695438315094,-0.005731151543594541,0.01143183395304461,False,,,
203955,8,2,7.154670923948288,0.6827277044455209,0.25,0.08534096305569011,0.34136385222276044,0.09542405397853844,0.09591407888968999,0.053934285510766004,0.0,0.20116037835235767,False,,,
203956,10,2,9.515513002872467,0.3057367056608198,0.2,0.030573670566081977,0.1528683528304099,0.032130343951873794,0.03168527970697223,0.023818811047627293,0.0,0.0839190099149871,False,,,
203960,130,22,129.8118937909603,2.248607207227634,0.16923076923076924,0.017296978517135644,0.102209418510347,0.017322043008236428,0.017360863756269225,0.008674172456810113,0.0006522061682166,0.03463041792974599,True,29.0,0.0027933875350670493,0.03069023903967601
203961,3,0,3.6049190759658813,0.0,0.0,0.0,,0.0,0.0,0.0,0.0,0.0,False,,,
203963,1,0,0.798681378364563,0.0,0.0,0.0,,0.0,0.0,0.0,0.0,0.0,False,,,
203991,196,1,218.55799913406372,-0.2643939036589402,0.00510204081632653,-0.0013489484880558175,-0.2643939036589402,-0.001209719638295008,-0.0012030982610353852,0.0011940197897080782,-0.0037136087195310335,0.0,False,,,
203994,46,0,48.31917995214462,0.0,0.0,0.0,,0.0,0.0,0.0,0.0,0.0,False,,,
203996,2,1,2.0891321003437042,0.44080379605293274,0.5,0.22040189802646637,0.44080379605293274,0.2109985270823284,0.1917441065266703,0.126946412167484,0.0,0.3484703281855997,False,,,
203999,235,23,237.45486764609814,2.42756732918744,0.09787234042553192,0.010330073741223147,0.10554640561684521,0.01022327886242988,0.010165979185702053,0.0036913057146691036,0.0031155066082153076,0.01730089974588087,True,36.0,0.004085968702737632,0.016666803342183397
204001,485,124,473.4673897922039,15.052347417270697,0.2556701030927835,0.031035767870661233,0.12138989852637659,0.0317917299940697,0.03171433563364911,0.004701827616331594,0.02255578301408379,0.040674183683545105,True,41.0,0.021259621138682825,0.040962542926092735
204002,12,0,12.785306453704834,0.0,0.0,0.0,,0.0,0.0,0.0,0.0,0.0,False,,,
204014,30,24,31.288131706416607,4.347664050757886,0.8,0.14492213502526285,0.18115266878157857,0.13895569385711393,0.13741254083047488,0.03062194386000348,0.07005774943802533,0.19004290872976531,False,,,
204020,175,54,179.92981101572514,5.786669704662863,0.30857142857142855,0.03306668402664493,0.10716055008634931,0.03216070573295456,0.03170761154523747,0.008198763562613304,0.014127744275526275,0.04650006284314738,True,25.0,0.012265059423240184,0.04917781246938087
204025,30,7,30.776376008987427,-0.19444993267888588,0.23333333333333334,-0.006481664422629529,-0.027778561811269413,-0.0063181556081229944,-0.00640176739192829,0.003939656271275708,-0.015346085585993428,-0.0006019778435869274,False,,,
204028,32,1,34.48087960481644,-0.2101710169546065,0.03125,-0.006567844279831453,-0.2101710169546065,-0.006095291633025768,-0.006149350134725868,0.006127575908875105,-0.019980588831166952,0.0,False,,,
204038,260,91,244.45999221503735,15.843818901823122,0.35,0.06093776500701201,0.17410790002003432,0.06481150047606248,0.06512651444636693,0.009282955814532678,0.0479761890962299,0.0827400031606215,True,41.0,0.046497884510811514,0.08149923047032966
204060,111,73,115.54328592121601,14.515973858927428,0.6576576576576577,0.13077453926961646,0.1988489569716086,0.1256323441314041,0.1250755096296445,0.011870051372374823,0.10140353903647992,0.15029090762268973,True,31.0,0.10331946660969103,0.14601705625923933
204067,28,21,27.822806984186172,8.648011475801468,0.75,0.3088575527071953,0.4118100702762604,0.3108245505464921,0.3120824915744747,0.027706698959234846,0.25503628679531154,0.36149418830965396,False,,,
204456,177,44,162.73209737241268,11.152696982922413,0.24858757062146894,0.06300958747413793,0.25347038597550936,0.06853409476680834,0.06819579560597688,0.01144296132216093,0.04584872272547971,0.09075189662341954,True,30.0,0.04662332029545737,0.0879621391309555
1626143,440,3,417.3110860288143,-0.1411224405198137,0.006818181818181818,-0.00032073281936321297,-0.04704081350660457,-0.00033817084003866975,-0.000358288695513872,0.0005755757783656955,-0.0016584051190832116,0.0004641632394462342,False,,,
1626144,334,86,317.66195030510426,11.796428636437458,0.25748502994011974,0.0353186486120882,0.13716777484229603,0.037135164048156734,0.036986563696661916,0.006244018097563063,0.024813996023946513,0.04920529476482468,True,26.0,0.024441121451130834,0.048666423127208265
1626145,27,3,27.010941177606583,0.6275618523359299,0.1111111111111111,0.023243031567997403,0.20918728411197662,0.023233616637402105,0.023486594523288325,0.013951695678908348,0.0,0.054169718647780564,False,,,
1626146,10,0,10.301218450069427,0.0,0.0,0.0,,0.0,0.0,0.0,0.0,0.0,False,,,
1626147,45,21,46.58898937702179,1.965871706604958,0.4666666666666667,0.043686037924554624,0.0936129384097599,0.04219605818654113,0.04190635931613994,0.011042804474759135,0.02086319512694096,0.06420412621380163,False,,,
1626148,69,35,66.16270607709885,3.5366431124070106,0.5072463768115942,0.051255697281261024,0.10104694606877174,0.05345372524947498,0.05330251696076064,0.01883347749888716,0.014468113550718259,0.08670615486849813,True,17.0,0.016017134102347307,0.08811332287253092
1626149,31,0,34.49653738737106,0.0,0.0,0.0,,0.0,0.0,0.0,0.0,0.0,False,,,
1626151,4,2,4.807619154453278,0.2870981097221377,0.5,0.07177452743053442,0.14354905486106884,0.05971731547333567,0.059112861347266274,0.029101633025782624,0.0,0.11270423650039578,False,,,
1626153,4,0,3.612286627292633,0.0,0.0,0.0,,0.0,0.0,0.0,0.0,0.0,False,,,
1626154,61,39,60.69380934536457,7.045660635287111,0.639344262295082,0.11550263336536247,0.1806579650073618,0.11608532585581097,0.11582821009035218,0.020729358851287447,0.07416347968872647,0.1555511079571852,True,18.0,0.07382018953674929,0.16281857818472548
1626156,457,187,446.6244832724333,25.820137598448337,0.40919037199124725,0.05649920699879286,0.13807560213073977,0.05781173797115483,0.05767925574395484,0.006368196835133965,0.045788392115999284,0.06971103043912814,True,38.0,0.04616234375190574,0.06955806927582249
1626157,464,31,439.858934789896,3.8908635428128036,0.0668103448275862,0.008385481773303456,0.1255117271875098,0.008845707646410144,0.00872739656823085,0.003357197905917474,0.0021475032868687517,0.015056351169932362,True,37.0,0.0020862301861313713,0.015030471075992922
1626158,83,16,91.01143015921116,0.06892934241401605,0.1927710843373494,0.0008304740049881452,0.004308083900876003,0.0007573701709052837,0.000345724214766067,0.010561490071406531,-0.021293054550465436,0.01836318226383153,True,19.0,-0.03581166302923351,0.020104664301829844
1626159,158,53,169.3556794822216,10.007129620086584,0.33544303797468356,0.06333626341826952,0.188813766416728,0.059089424403609085,0.0587910317011761,0.007466909097316658,0.04420319132302084,0.07317424719139762,True,29.0,0.04649344576788521,0.07319311187637254
1626161,91,1,102.26697552204132,0.017976593308978606,0.01098901098901099,0.0001975449814173473,0.017976593308978606,0.0001757810203852578,0.00016569604883034621,0.00017536521261273333,0.0,0.0005458045225312055,False,,,
1626162,102,42,108.40696229040623,2.209463313221929,0.4117647058823529,0.021661405031587536,0.05260626936242688,0.02038119385084422,0.020322974116983764,0.013027647650993792,-0.006424562624068379,0.045566926884290024,True,24.0,-0.004058167751570273,0.0443897323441551
1626163,248,86,258.03723281621933,9.691854973634072,0.3467741935483871,0.03908006037755674,0.11269598806551247,0.03755990896297069,0.037416185592035106,0.007150394303963976,0.02341260085663112,0.051267505922855734,True,34.0,0.024705799290348936,0.049651195045269235
1626164,224,80,227.57278684526682,8.620353696246948,0.35714285714285715,0.0384837218582453,0.10775442120308684,0.037879545334689645,0.03759764887003065,0.008113412262728482,0.020935631881638984,0.05268561468827202,True,32.0,0.021832822751115644,0.053963890589183196
1626166,97,38,94.10631219297647,4.541526403846375,0.3917525773195876,0.046819859833467786,0.11951385273279935,0.0482595300784226,0.04861340464873477,0.015839789974510927,0.01888601970304759,0.07855054342789616,True,18.0,0.013788154974878158,0.08264548953527093
1626167,88,1,81.69010180234909,0.15702420062032252,0.011363636363636364,0.0017843659161400286,0.15702420062032252,0.001922193719384092,0.001829556880679044,0.0018848593689802446,0.0,0.00596762772472467,False,,,
1626168,141,24,141.41330482810736,5.912394788975901,0.1702127659574468,0.0419318779359993,0.2463497828739959,0.041809324774374074,0.04096836602797195,0.009505419276994425,0.022434419515909926,0.060823069808526024,True,30.0,0.02485849261939707,0.06184033102636962
1626169,250,82,252.22471886873245,9.45071581644671,0.328,0.03780286326578684,0.1152526319078867,0.037469427496379645,0.037332094567198625,0.007386762669029725,0.022185845557405142,0.052021272055379195,True,30.0,0.022303811745081056,0.05413147741807379
1626170,184,41,171.4107469841838,2.2250247231417632,0.22282608695652173,0.012092525669248714,0.05426889568638447,0.012980660561190297,0.01261743211144217,0.009424329272283887,-0.006011503348256887,0.030515583146697847,True,36.0,-0.0054020487973209085,0.02880016707323926
1626171,95,16,88.64566007256508,2.676366660791107,0.16842105263157894,0.02817228063990639,0.16727291629944419,0.030191739320348465,0.030420790467229196,0.009592054341460664,0.01190514909509719,0.048708553950562325,True,14.0,0.01855241835263112,0.043578216645579385
1626173,78,36,79.35135158896446,5.9557841803346365,0.46153846153846156,0.07635620744018765,0.1654384494537399,0.07505586308328135,0.07535232153364657,0.01310470277033047,0.051640607231526296,0.10261086566603006,True,26.0,0.05108076067297014,0.09687351169952722
1626174,21,5,22.598769932985306,-0.020069897174835538,0.23809523809523808,-0.0009557093892778827,-0.0040139794349671075,-0.0008880968846689921,-0.0010182650159750526,0.012470330063909851,-0.026514595979881584,0.023314135418673037,False,,,
1626175,3,0,2.7186725735664368,0.0,0.0,0.0,,0.0,0.0,0.0,0.0,0.0,False,,,
1626178,60,5,62.05734995007515,1.1979528204961254,0.08333333333333333,0.01996588034160209,0.23959056409922508,0.019303963534696097,0.019386489113410364,0.00939781214172694,0.0030449060493430457,0.03785524645455283,False,,,
1626179,43,10,40.35814456641674,0.6518066611253855,0.23255813953488372,0.015158294444776408,0.06518066611253856,0.01615056063969239,0.015117103632581546,0.02093639013645585,-0.029134733611313645,0.049153274506841496,False,,,
1626181,20,5,19.87138232588768,0.9124941527843475,0.25,0.045624707639217374,0.1824988305568695,0.045920013908422715,0.04796228219139628,0.022494644396407575,0.010291711938713628,0.09745834950417592,False,,,
1626183,3,0,2.3772999942302704,0.0,0.0,0.0,,0.0,0.0,0.0,0.0,0.0,False,,,
1626185,5,0,4.533326804637909,0.0,0.0,0.0,,0.0,0.0,0.0,0.0,0.0,False,,,
1626192,15,6,14.560250371694565,1.4440950055917101,0.4,0.09627300037278068,0.24068250093195168,0.09918064378886378,0.09873855509260186,0.033601106966140444,0.03482293524197562,0.1650368298762743,False,,,
1626196,35,16,35.75625419616699,0.4064033062834478,0.45714285714285713,0.011611523036669937,0.025400206642715487,0.011365936265410416,0.010715490509239131,0.017218189168340167,-0.0250349596230854,0.042410695787000005,False,,,
1626199,28,10,27.616220086812973,1.6886623799800877,0.35714285714285715,0.06030937071357456,0.16886623799800876,0.061147484147783183,0.061417640055024814,0.018348722392994694,0.027197468679041447,0.0997518009361776,False,,,
1626202,48,11,44.805345088243484,1.9555058261832676,0.22916666666666666,0.04073970471215141,0.1777732569257516,0.04364447639744604,0.04368831904034407,0.014631081218283644,0.01807764811285484,0.07381333306529474,False,,,
1626204,174,3,178.95059694349766,0.22363751420849254,0.017241379310344827,0.0012852730701637502,0.07454583806949751,0.0012497165029245723,0.0012190679508529213,0.0031547714009339646,-0.004864337820351223,0.008001759007754482,False,,,
1626209,121,54,122.12559373676777,8.553203324995827,0.4462809917355372,0.07068763078508948,0.1583926541665894,0.07003612480633332,0.0703000213373984,0.010767052371478616,0.04927347534656146,0.09200628138350203,True,28.0,0.047060207411682896,0.09289572233981398
1626214,1,1,0.8665838241577148,-0.09626200507740557,1.0,-0.09626200507740557,-0.09626200507740557,-0.11108216238742792,-0.11108216238742791,1.38847319102294e-17,-0.11108216238742792,-0.11108216238742792,False,,,
1626242,8,4,6.8645258992910385,-0.1535269170999526,0.5,-0.019190864637494073,-0.03838172927498815,-0.022365261542069307,-0.027213791507470844,0.09044420012512011,-0.24738006902540355,0.09624666058600252,False,,,
1626245,1,0,0.8512738943099976,0.0,0.0,0.0,,0.0,0.0,0.0,0.0,0.0,False,,,
1626246,52,0,51.618685483932495,0.0,0.0,0.0,,0.0,0.0,0.0,0.0,0.0,False,,,
1626257,10,0,10.964296460151672,0.0,0.0,0.0,,0.0,0.0,0.0,0.0,0.0,False,,,
1626266,1,0,0.7683436274528503,0.0,0.0,0.0,,0.0,0.0,0.0,0.0,0.0,False,,,
1626273,69,19,67.59047955274582,2.7823164463043213,0.2753623188405797,0.040323426758033645,0.14643770770022743,0.04116432469062563,0.041344103780977706,0.00917836008552447,0.023885777845999698,0.05970696702179826,True,22.0,0.02384617412941564,0.06188708356926812
